"date","btc_close","eth_close","btc_ret","eth_ret","btc_close_cg","btc_mcap_cg","btc_volume_cg","eth_close_cg","eth_mcap_cg","eth_volume_cg","btc_volume_yf","eth_volume_yf","price_source","in_sample"
2019-11-01,9261.1044921875,183.96989440918,NA,NA,NA,NA,NA,NA,NA,NA,24324691031,9145611130,"Yahoo Finance",FALSE
2019-11-02,9324.7177734375,183.925720214844,0.0068453823292387,-0.000240145262908165,NA,NA,NA,NA,NA,NA,21242676385,8087991830,"Yahoo Finance",FALSE
2019-11-03,9235.3544921875,182.425018310547,-0.00962970084741244,-0.0081927515931941,NA,NA,NA,NA,NA,NA,21132220847,8760247744,"Yahoo Finance",FALSE
2019-11-04,9412.6123046875,186.355194091797,0.0190115258543919,0.0213152682880793,NA,NA,NA,NA,NA,NA,26170255634,10551917945,"Yahoo Finance",FALSE
2019-11-05,9342.52734375,189.304168701172,-0.00747371530956542,0.0157005813249667,NA,NA,NA,NA,NA,NA,26198609048,10024177342,"Yahoo Finance",FALSE
2019-11-06,9360.8798828125,191.593841552734,0.00196248145916122,0.0120226431733403,NA,NA,NA,NA,NA,NA,23133895765,10156458684,"Yahoo Finance",FALSE
2019-11-07,9267.5615234375,187.976547241211,-0.0100189960017421,-0.0190605164798603,NA,NA,NA,NA,NA,NA,22700383839,9081247799,"Yahoo Finance",FALSE
2019-11-08,8804.880859375,184.211471557617,-0.051214083806272,-0.0202328067205393,NA,NA,NA,NA,NA,NA,24333037836,9176780911,"Yahoo Finance",FALSE
2019-11-09,8813.58203125,185.028717041016,0.000987733451712103,0.00442664066987675,NA,NA,NA,NA,NA,NA,17578630606,7277418704,"Yahoo Finance",FALSE
2019-11-10,9055.5263671875,189.477279663086,0.0270812753610041,0.0237580808167843,NA,NA,NA,NA,NA,NA,20587919881,8752784211,"Yahoo Finance",FALSE
2019-11-11,8757.7880859375,185.489639282227,-0.0334318481909399,-0.0212700935356844,NA,NA,NA,NA,NA,NA,20265510765,7877424106,"Yahoo Finance",FALSE
2019-11-12,8815.662109375,186.843414306641,0.00658655324044766,0.0072718818650408,NA,NA,NA,NA,NA,NA,20309769107,7792186666,"Yahoo Finance",FALSE
2019-11-13,8808.2626953125,188.258743286133,-0.000839701097149259,0.00754640125382711,NA,NA,NA,NA,NA,NA,17545755405,7343173596,"Yahoo Finance",FALSE
2019-11-14,8708.0947265625,185.999633789062,-0.011437202181483,-0.012072605845268,NA,NA,NA,NA,NA,NA,19084739975,7872664470,"Yahoo Finance",FALSE
2019-11-15,8491.9921875,180.521179199219,-0.0251293975638376,-0.0298965976619217,NA,NA,NA,NA,NA,NA,21796856471,8815678477,"Yahoo Finance",FALSE
2019-11-16,8550.7607421875,183.348358154297,0.00689663082793857,0.0155398325959553,NA,NA,NA,NA,NA,NA,16495389808,6789888120,"Yahoo Finance",FALSE
2019-11-17,8577.9755859375,185.119232177734,0.00317768528036488,0.00961217596725117,NA,NA,NA,NA,NA,NA,18668638897,7364325471,"Yahoo Finance",FALSE
2019-11-18,8309.2861328125,180.559600830078,-0.031824239383397,-0.0249391939625445,NA,NA,NA,NA,NA,NA,21579470673,7787662111,"Yahoo Finance",FALSE
2019-11-19,8206.1455078125,177.455551147461,-0.0124903748385563,-0.0173407602885067,NA,NA,NA,NA,NA,NA,21083613816,7536699743,"Yahoo Finance",FALSE
2019-11-20,8027.26806640625,175.698348999023,-0.0220390715609398,-0.00995156304106271,NA,NA,NA,NA,NA,NA,20764300437,7205785149,"Yahoo Finance",FALSE
2019-11-21,7642.75,161.46272277832,-0.0490867681256866,-0.0844943011345434,NA,NA,NA,NA,NA,NA,22514243371,8546371325,"Yahoo Finance",FALSE
2019-11-22,7296.57763671875,150.268173217773,-0.0463520647192883,-0.0718527780123184,NA,NA,NA,NA,NA,NA,34242315785,12020749863,"Yahoo Finance",FALSE
2019-11-23,7397.796875,153.417785644531,0.0137768149507451,0.0207433058386632,NA,NA,NA,NA,NA,NA,21008924418,8289198330,"Yahoo Finance",FALSE
2019-11-24,7047.9169921875,142.834701538086,-0.048450125222665,-0.0714767967826075,NA,NA,NA,NA,NA,NA,30433517289,7782769098,"Yahoo Finance",FALSE
2019-11-25,7146.1337890625,146.476531982422,0.0138393705913398,0.0251771960252469,NA,NA,NA,NA,NA,NA,42685231262,10962753356,"Yahoo Finance",FALSE
2019-11-26,7218.37109375,148.965072631836,0.0100578355100449,0.0168466422209637,NA,NA,NA,NA,NA,NA,21129505542,7648516297,"Yahoo Finance",FALSE
2019-11-27,7531.66357421875,153.010559082031,0.0424866264353021,0.0267950660193232,NA,NA,NA,NA,NA,NA,23991412764,8778095308,"Yahoo Finance",FALSE
2019-11-28,7463.10595703125,151.717575073242,-0.00914426790792255,-0.00848619883389379,NA,NA,NA,NA,NA,NA,19050116751,7346531960,"Yahoo Finance",FALSE
2019-11-29,7761.24365234375,155.304153442383,0.0391709101370825,0.0233647406504032,NA,NA,NA,NA,NA,NA,19709695456,7503898278,"Yahoo Finance",FALSE
2019-11-30,7569.6298828125,152.539688110352,-0.024998412204507,-0.0179606623433832,NA,NA,NA,NA,NA,NA,17158194786,6565950868,"Yahoo Finance",FALSE
2019-12-01,7424.29248046875,151.185729980469,-0.0193867823041902,-0.00891573123682488,NA,NA,NA,NA,NA,NA,18720708479,7102780298,"Yahoo Finance",FALSE
2019-12-02,7321.98828125,149.059158325195,-0.0138754771108136,-0.0141658179682622,NA,NA,NA,NA,NA,NA,17082040706,6670561362,"Yahoo Finance",FALSE
2019-12-03,7320.1455078125,147.956420898438,-0.000251708319808586,-0.00742548587192449,NA,NA,NA,NA,NA,NA,14797485769,6204379850,"Yahoo Finance",FALSE
2019-12-04,7252.03466796875,146.747741699219,-0.00934813254089484,-0.00820270718718241,NA,NA,NA,NA,NA,NA,21664240918,7865937094,"Yahoo Finance",FALSE
2019-12-05,7448.3076171875,149.248992919922,0.0267047677560743,0.0169009348166469,NA,NA,NA,NA,NA,NA,18816085231,6745910228,"Yahoo Finance",FALSE
2019-12-06,7546.99658203125,149.194442749023,0.0131628393042842,-0.000365564559217546,NA,NA,NA,NA,NA,NA,18104466307,6458766441,"Yahoo Finance",FALSE
2019-12-07,7556.23779296875,148.768157958984,0.00122373948007493,-0.00286133279725043,NA,NA,NA,NA,NA,NA,15453520564,5911233284,"Yahoo Finance",FALSE
2019-12-08,7564.34521484375,151.264724731445,0.00107236905452091,0.016642338480465,NA,NA,NA,NA,NA,NA,15409908086,6441727252,"Yahoo Finance",FALSE
2019-12-09,7400.8994140625,148.225173950195,-0.0218442536808556,-0.02029888262095,NA,NA,NA,NA,NA,NA,17872021272,6744206747,"Yahoo Finance",FALSE
2019-12-10,7278.11962890625,146.267044067383,-0.0167289991526953,-0.0132985431944679,NA,NA,NA,NA,NA,NA,18249031195,6859512025,"Yahoo Finance",FALSE
2019-12-11,7217.42724609375,143.608001708984,-0.00837398381717058,-0.0183466426842003,NA,NA,NA,NA,NA,NA,16350490689,7037180049,"Yahoo Finance",FALSE
2019-12-12,7243.13427734375,145.60400390625,0.00355547165846382,0.0138032574714861,NA,NA,NA,NA,NA,NA,18927080224,7890383413,"Yahoo Finance",FALSE
2019-12-13,7269.6845703125,144.944747924805,0.00365887879775428,-0.00453801373201301,NA,NA,NA,NA,NA,NA,17125736940,7264810247,"Yahoo Finance",FALSE
2019-12-14,7124.673828125,142.869232177734,-0.0201489561535961,-0.0144228694181336,NA,NA,NA,NA,NA,NA,17137029730,7048066973,"Yahoo Finance",FALSE
2019-12-15,7152.3017578125,143.114990234375,0.00387028247095422,0.00171868304525713,NA,NA,NA,NA,NA,NA,16881129804,7235153411,"Yahoo Finance",FALSE
2019-12-16,6932.48046875,133.614028930664,-0.0312165479110362,-0.0686931720799597,NA,NA,NA,NA,NA,NA,20213265950,8992282119,"Yahoo Finance",FALSE
2019-12-17,6640.51513671875,122.603889465332,-0.0430281398477508,-0.0859965147172828,NA,NA,NA,NA,NA,NA,22363804217,9057166141,"Yahoo Finance",FALSE
2019-12-18,7276.802734375,133.092193603516,0.0915020395898463,0.0820833252303821,NA,NA,NA,NA,NA,NA,31836522778,11864518321,"Yahoo Finance",FALSE
2019-12-19,7202.84423828125,129.321136474609,-0.0102155997884914,-0.0287433321694275,NA,NA,NA,NA,NA,NA,25904604416,9564699140,"Yahoo Finance",FALSE
2019-12-20,7218.81640625,129.066055297852,0.00221502570235721,-0.00197441102148499,NA,NA,NA,NA,NA,NA,22633815180,8173594150,"Yahoo Finance",FALSE
2019-12-21,7191.15869140625,128.130950927734,-0.00383869487892952,-0.00727153479861276,NA,NA,NA,NA,NA,NA,19312552168,7449064703,"Yahoo Finance",FALSE
2019-12-22,7511.5888671875,132.372512817383,0.0435946983330791,0.0325672197507796,NA,NA,NA,NA,NA,NA,23134537956,9121058481,"Yahoo Finance",FALSE
2019-12-23,7355.62841796875,128.61408996582,-0.0209812189442786,-0.0288036447528794,NA,NA,NA,NA,NA,NA,27831788041,9622497693,"Yahoo Finance",FALSE
2019-12-24,7322.5322265625,129.063888549805,-0.00450959058098199,0.00349117175966107,NA,NA,NA,NA,NA,NA,22991622105,7961819689,"Yahoo Finance",FALSE
2019-12-25,7275.15576171875,126.454635620117,-0.00649097736895676,-0.0204239096845393,NA,NA,NA,NA,NA,NA,21559505149,8418019054,"Yahoo Finance",FALSE
2019-12-26,7238.966796875,126.361221313477,-0.00498673477391165,-0.000738990916351767,NA,NA,NA,NA,NA,NA,22787010034,8600871980,"Yahoo Finance",FALSE
2019-12-27,7290.08837890625,127.21460723877,0.00703718065386205,0.00673083985957046,NA,NA,NA,NA,NA,NA,22777360996,8299390176,"Yahoo Finance",FALSE
2019-12-28,7317.990234375,128.322708129883,0.00382006287590286,0.00867276730339572,NA,NA,NA,NA,NA,NA,21365673026,8069298610,"Yahoo Finance",FALSE
2019-12-29,7422.65283203125,134.75798034668,0.0142007856853965,0.048932182988497,NA,NA,NA,NA,NA,NA,22445257702,9708776786,"Yahoo Finance",FALSE
2019-12-30,7292.9951171875,132.633483886719,-0.0176222033336941,-0.01589086751361,NA,NA,NA,NA,NA,NA,22874131672,9796951716,"Yahoo Finance",FALSE
2019-12-31,7193.59912109375,129.610855102539,-0.0137226948232403,-0.0230530249559733,NA,NA,NA,NA,NA,NA,21167946112,8936866397,"Yahoo Finance",FALSE
2020-01-01,7200.17431640625,130.802001953125,0.000913616682714391,0.00914820544012507,NA,NA,NA,NA,NA,NA,18565664997,7935230330,"Yahoo Finance",TRUE
2020-01-02,6985.47021484375,127.410179138184,-0.0302729280961938,-0.0262731053678653,NA,NA,NA,NA,NA,NA,20802083465,8032709256,"Yahoo Finance",TRUE
2020-01-03,7344.88427734375,134.17170715332,0.0501717459600322,0.0517087373393084,NA,NA,NA,NA,NA,NA,28111481032,10476845358,"Yahoo Finance",TRUE
2020-01-04,7410.65673828125,135.069366455078,0.00891500982389637,0.00666809573899219,NA,NA,NA,NA,NA,NA,18444271275,7430904515,"Yahoo Finance",TRUE
2020-01-05,7411.3173828125,136.276779174805,8.91439326888843e-05,0.00889948656483686,NA,NA,NA,NA,NA,NA,19725074095,7526675353,"Yahoo Finance",TRUE
2020-01-06,7769.21923828125,144.304153442383,0.0471614672356608,0.057235290116818,NA,NA,NA,NA,NA,NA,23276261598,9093747121,"Yahoo Finance",TRUE
2020-01-07,8163.6923828125,143.543991088867,0.0495268893264047,-0.00528170241917536,NA,NA,NA,NA,NA,NA,28767291327,9257954672,"Yahoo Finance",TRUE
2020-01-08,8079.86279296875,141.25813293457,-0.0103216732028049,-0.0160525996640857,NA,NA,NA,NA,NA,NA,31672559265,9387194957,"Yahoo Finance",TRUE
2020-01-09,7879.0712890625,138.979202270508,-0.0251648511144182,-0.0162646486840963,NA,NA,NA,NA,NA,NA,24045990466,7697325348,"Yahoo Finance",TRUE
2020-01-10,8166.55419921875,143.963775634766,0.035837017057327,0.0352374118553209,NA,NA,NA,NA,NA,NA,28714583844,9084816203,"Yahoo Finance",TRUE
2020-01-11,8037.53759765625,142.927108764648,-0.0159242899307745,-0.00722693845263489,NA,NA,NA,NA,NA,NA,25521165085,9332208590,"Yahoo Finance",TRUE
2020-01-12,8192.494140625,145.873931884766,0.0190956190457587,0.0204079970677835,NA,NA,NA,NA,NA,NA,22903438381,8528167453,"Yahoo Finance",TRUE
2020-01-13,8144.1943359375,144.226593017578,-0.00591306438726313,-0.0113571430075563,NA,NA,NA,NA,NA,NA,22482910688,8378529470,"Yahoo Finance",TRUE
2020-01-14,8827.7646484375,165.955352783203,0.0805965063783667,0.140333167597574,NA,NA,NA,NA,NA,NA,44841784107,16712318373,"Yahoo Finance",TRUE
2020-01-15,8807.0107421875,166.230682373047,-0.00235374881413541,0.00165768348908912,NA,NA,NA,NA,NA,NA,40102834650,15173694057,"Yahoo Finance",TRUE
2020-01-16,8723.7861328125,164.391006469727,-0.0094947463248598,-0.0111287005785892,NA,NA,NA,NA,NA,NA,31313981931,13735193018,"Yahoo Finance",TRUE
2020-01-17,8929.0380859375,170.77995300293,0.0232553387156411,0.03812812733499,NA,NA,NA,NA,NA,NA,36372139320,14997091826,"Yahoo Finance",TRUE
2020-01-18,8942.80859375,175.365676879883,0.001541028275863,0.0264974726652678,NA,NA,NA,NA,NA,NA,32337772627,14929342256,"Yahoo Finance",TRUE
2020-01-19,8706.2451171875,166.969848632812,-0.0268091025161983,-0.0490601269467188,NA,NA,NA,NA,NA,NA,34217320471,13713374132,"Yahoo Finance",TRUE
2020-01-20,8657.642578125,167.120513916016,-0.00559813180609936,0.00090194336806082,NA,NA,NA,NA,NA,NA,26422375678,11144529787,"Yahoo Finance",TRUE
2020-01-21,8745.89453125,169.697158813477,0.0101419279340558,0.0153002373173807,NA,NA,NA,NA,NA,NA,24097418512,9789369362,"Yahoo Finance",TRUE
2020-01-22,8680.8759765625,168.294158935547,-0.00746195129476668,-0.00830203536353302,NA,NA,NA,NA,NA,NA,22600204051,9209827928,"Yahoo Finance",TRUE
2020-01-23,8406.515625,162.928558349609,-0.0321153677231969,-0.0324015819342467,NA,NA,NA,NA,NA,NA,25770680779,10396868698,"Yahoo Finance",TRUE
2020-01-24,8445.4345703125,163.051177978516,0.0046189330082953,0.000752314460221726,NA,NA,NA,NA,NA,NA,24397913026,10657671162,"Yahoo Finance",TRUE
2020-01-25,8367.84765625,161.283935546875,-0.00922930618240869,-0.0108977403175095,NA,NA,NA,NA,NA,NA,19647331549,8256956802,"Yahoo Finance",TRUE
2020-01-26,8596.830078125,168.077102661133,0.0269968381027716,0.0412564319943582,NA,NA,NA,NA,NA,NA,22177678796,9261861590,"Yahoo Finance",TRUE
2020-01-27,8909.8193359375,170.930892944336,0.035760424982362,0.016836521457738,NA,NA,NA,NA,NA,NA,28647338393,11004476145,"Yahoo Finance",TRUE
2020-01-28,9358.58984375,176.370315551758,0.0491406566935488,0.0313265102373874,NA,NA,NA,NA,NA,NA,34398744403,11772875064,"Yahoo Finance",TRUE
2020-01-29,9316.6298828125,175.050338745117,-0.00449365867281415,-0.00751226769482294,NA,NA,NA,NA,NA,NA,30682598115,10725267311,"Yahoo Finance",TRUE
2020-01-30,9508.9931640625,184.690475463867,0.0204370369180804,0.0536077357410134,NA,NA,NA,NA,NA,NA,32378792851,12604789338,"Yahoo Finance",TRUE
2020-01-31,9350.529296875,180.160171508789,-0.0168050486759412,-0.0248350213420316,NA,NA,NA,NA,NA,NA,29432489719,11728616394,"Yahoo Finance",TRUE
2020-02-01,9392.875,183.673950195312,0.00451847215164314,0.0193158790030656,NA,NA,NA,NA,NA,NA,25922656496,11569697182,"Yahoo Finance",TRUE
2020-02-02,9344.365234375,188.617538452148,-0.00517791023652592,0.0265591827948359,NA,NA,NA,NA,NA,NA,30835736946,14054425389,"Yahoo Finance",TRUE
2020-02-03,9293.521484375,189.86506652832,-0.00545597007771548,0.00659228497002662,NA,NA,NA,NA,NA,NA,30934096509,12392875241,"Yahoo Finance",TRUE
2020-02-04,9180.962890625,189.250595092773,-0.012185453649078,-0.00324160690693898,NA,NA,NA,NA,NA,NA,29893183716,11714191695,"Yahoo Finance",TRUE
2020-02-05,9613.423828125,204.230239868164,0.0460283479927526,0.0761759474362567,NA,NA,NA,NA,NA,NA,35222060874,14865434435,"Yahoo Finance",TRUE
2020-02-06,9729.8017578125,212.339080810547,0.0120330844939431,0.0389364504907377,NA,NA,NA,NA,NA,NA,37628823716,16425589683,"Yahoo Finance",TRUE
2020-02-07,9795.943359375,222.726058959961,0.00677483539277191,0.047758146438774,NA,NA,NA,NA,NA,NA,34522718159,16673443564,"Yahoo Finance",TRUE
2020-02-08,9865.119140625,223.146514892578,0.00703685944746013,0.00188599201611872,NA,NA,NA,NA,NA,NA,35172043762,16741203125,"Yahoo Finance",TRUE
2020-02-09,10116.673828125,228.578567504883,0.025179720219251,0.0240514183445377,NA,NA,NA,NA,NA,NA,35807884663,15031356241,"Yahoo Finance",TRUE
2020-02-10,9856.611328125,223.522705078125,-0.026042505869956,-0.0223669939084044,NA,NA,NA,NA,NA,NA,39386548075,16210008511,"Yahoo Finance",TRUE
2020-02-11,10208.236328125,235.851196289062,0.0350524467462705,0.0536880843524603,NA,NA,NA,NA,NA,NA,37648059389,16964695963,"Yahoo Finance",TRUE
2020-02-12,10326.0546875,265.406127929688,0.0114754049400521,0.118060129079838,NA,NA,NA,NA,NA,NA,43444303830,24545049386,"Yahoo Finance",TRUE
2020-02-13,10214.3798828125,268.099243164062,-0.0108737626421842,0.0100960112339994,NA,NA,NA,NA,NA,NA,49356071373,25801317504,"Yahoo Finance",TRUE
2020-02-14,10312.1162109375,284.217498779297,0.00952301516070087,0.0583825635503921,NA,NA,NA,NA,NA,NA,43338264162,23558253463,"Yahoo Finance",TRUE
2020-02-15,9889.4248046875,264.728576660156,-0.0418535503992423,-0.0710347237502518,NA,NA,NA,NA,NA,NA,43865054831,23682452994,"Yahoo Finance",TRUE
2020-02-16,9934.43359375,259.894714355469,0.0045408785208565,-0.018428457860133,NA,NA,NA,NA,NA,NA,43374780305,25152366643,"Yahoo Finance",TRUE
2020-02-17,9690.142578125,266.363433837891,-0.0248977234415797,0.0245850646603012,NA,NA,NA,NA,NA,NA,45998298413,26024080089,"Yahoo Finance",TRUE
2020-02-18,10141.99609375,281.944580078125,0.0455756924777511,0.0568488582020894,NA,NA,NA,NA,NA,NA,47271023953,26511477187,"Yahoo Finance",TRUE
2020-02-19,9633.38671875,259.763977050781,-0.0514499840432894,-0.0819370889196813,NA,NA,NA,NA,NA,NA,46992019710,22679414413,"Yahoo Finance",TRUE
2020-02-20,9608.4755859375,257.949462890625,-0.0025892656683304,-0.00700975269362036,NA,NA,NA,NA,NA,NA,44925260237,23229828870,"Yahoo Finance",TRUE
2020-02-21,9686.44140625,265.600616455078,0.00808153200971162,0.0292300531244134,NA,NA,NA,NA,NA,NA,40930547513,20867593292,"Yahoo Finance",TRUE
2020-02-22,9663.181640625,262.331726074219,-0.00240415813497385,-0.0123839056414505,NA,NA,NA,NA,NA,NA,35838025154,16906032862,"Yahoo Finance",TRUE
2020-02-23,9924.515625,273.754150390625,0.0266850654757906,0.0426206093114327,NA,NA,NA,NA,NA,NA,41185185761,19585998814,"Yahoo Finance",TRUE
2020-02-24,9650.1748046875,265.216430664062,-0.0280319921936556,-0.0316842301207005,NA,NA,NA,NA,NA,NA,45080496648,22400845640,"Yahoo Finance",TRUE
2020-02-25,9341.705078125,247.817596435547,-0.0324872375384526,-0.0678532348296832,NA,NA,NA,NA,NA,NA,42515259129,21878882134,"Yahoo Finance",TRUE
2020-02-26,8820.5224609375,225.680267333984,-0.0574076879254886,-0.0935737260456442,NA,NA,NA,NA,NA,NA,50420050762,26235617201,"Yahoo Finance",TRUE
2020-02-27,8784.494140625,226.753387451172,-0.00409296638844836,0.00474377676480398,NA,NA,NA,NA,NA,NA,45470195695,25645522790,"Yahoo Finance",TRUE
2020-02-28,8672.455078125,226.760498046875,-0.0128362177683368,3.13577860833192e-05,NA,NA,NA,NA,NA,NA,44605450443,22563530559,"Yahoo Finance",TRUE
2020-02-29,8599.5087890625,219.848510742188,-0.00844683596417184,-0.0309556641833666,NA,NA,NA,NA,NA,NA,35792392544,18181296376,"Yahoo Finance",TRUE
2020-03-01,8562.4541015625,218.970596313477,-0.00431824090480326,-0.00400126423798586,NA,NA,NA,NA,NA,NA,35349164300,18179807469,"Yahoo Finance",TRUE
2020-03-02,8869.669921875,230.569778442383,0.0352507395901505,0.0516160856618848,NA,NA,NA,NA,NA,NA,42857674409,20305587789,"Yahoo Finance",TRUE
2020-03-03,8787.7861328125,224.479629516602,-0.00927476481175482,-0.0267685771098316,NA,NA,NA,NA,NA,NA,42386715821,19853178572,"Yahoo Finance",TRUE
2020-03-04,8755.24609375,224.517974853516,-0.003709743670397,0.000170804194205232,NA,NA,NA,NA,NA,NA,34746706368,16567075208,"Yahoo Finance",TRUE
2020-03-05,9078.7626953125,229.268188476562,0.0362848420114208,0.0209366768967252,NA,NA,NA,NA,NA,NA,39698054597,18201291785,"Yahoo Finance",TRUE
2020-03-06,9122.5458984375,243.525299072266,0.0048110043680758,0.0603283877164715,NA,NA,NA,NA,NA,NA,40826885651,19374772256,"Yahoo Finance",TRUE
2020-03-07,8909.9541015625,237.853088378906,-0.0235798305303501,-0.0235676273935344,NA,NA,NA,NA,NA,NA,36216930370,19431652027,"Yahoo Finance",TRUE
2020-03-08,8108.1162109375,200.689056396484,-0.0943035287692275,-0.169896480216343,NA,NA,NA,NA,NA,NA,39973102121,21381823651,"Yahoo Finance",TRUE
2020-03-09,7923.64453125,201.986328125,-0.023014293291844,0.00644328541797545,NA,NA,NA,NA,NA,NA,46936995808,23645428606,"Yahoo Finance",TRUE
2020-03-10,7909.7294921875,200.767242431641,-0.00175768508018415,-0.00605377335216328,NA,NA,NA,NA,NA,NA,42213940994,18344930072,"Yahoo Finance",TRUE
2020-03-11,7911.43017578125,194.868530273438,0.00021498848832735,-0.0298211117487215,NA,NA,NA,NA,NA,NA,38682762605,16984790291,"Yahoo Finance",TRUE
2020-03-12,4970.7880859375,112.347122192383,-0.464730175339774,-0.550731743822011,NA,NA,NA,NA,NA,NA,53980357243,22134741655,"Yahoo Finance",TRUE
2020-03-13,5563.70703125,133.201812744141,0.112686222197546,0.170271983565693,NA,NA,NA,NA,NA,NA,74156772075,27864623061,"Yahoo Finance",TRUE
2020-03-14,5200.3662109375,123.306022644043,-0.067535570046573,-0.0771961127760612,NA,NA,NA,NA,NA,NA,36154506008,12740784545,"Yahoo Finance",TRUE
2020-03-15,5392.31494140625,125.214302062988,0.0362457326308459,0.015357431443892,NA,NA,NA,NA,NA,NA,33997889639,12719251813,"Yahoo Finance",TRUE
2020-03-16,5014.47998046875,110.60587310791,-0.0726450577091189,-0.124053495951898,NA,NA,NA,NA,NA,NA,45368026430,15984904590,"Yahoo Finance",TRUE
2020-03-17,5225.62939453125,113.942749023438,0.0412455256701918,0.0297229307804061,NA,NA,NA,NA,NA,NA,38622642935,12087490572,"Yahoo Finance",TRUE
2020-03-18,5238.4384765625,114.842269897461,0.0024482043860683,0.00786350009620485,NA,NA,NA,NA,NA,NA,37878801016,11617854009,"Yahoo Finance",TRUE
2020-03-19,6191.19287109375,136.593856811523,0.167104324249614,0.173452353231748,NA,NA,NA,NA,NA,NA,51000731797,16396753275,"Yahoo Finance",TRUE
2020-03-20,6198.7783203125,132.737167358398,0.00122445000868687,-0.0286409863121442,NA,NA,NA,NA,NA,NA,54442976103,18960388062,"Yahoo Finance",TRUE
2020-03-21,6185.06640625,132.818710327148,-0.00221448507612898,0.00061413041973335,NA,NA,NA,NA,NA,NA,42494390880,13684083308,"Yahoo Finance",TRUE
2020-03-22,5830.2548828125,123.321151733398,-0.05907702386253,-0.0741931757729031,NA,NA,NA,NA,NA,NA,40099664740,12497707224,"Yahoo Finance",TRUE
2020-03-23,6416.31494140625,134.911605834961,0.0957832376514638,0.0898278500261025,NA,NA,NA,NA,NA,NA,46491916000,14149877968,"Yahoo Finance",TRUE
2020-03-24,6734.8037109375,138.761444091797,0.0484447085736406,0.0281364367771291,NA,NA,NA,NA,NA,NA,48221910672,14609068673,"Yahoo Finance",TRUE
2020-03-25,6681.06298828125,136.195892333984,-0.00801155993972102,-0.0186619949805253,NA,NA,NA,NA,NA,NA,44590107888,13433092920,"Yahoo Finance",TRUE
2020-03-26,6716.4404296875,138.361557006836,0.00528121136141735,0.0157760031218288,NA,NA,NA,NA,NA,NA,35319797642,11367261176,"Yahoo Finance",TRUE
2020-03-27,6469.79833984375,133.937942504883,-0.0374133766993126,-0.0324936602629,NA,NA,NA,NA,NA,NA,34585598367,11396286629,"Yahoo Finance",TRUE
2020-03-28,6242.19384765625,130.98649597168,-0.0358132407907892,-0.0222823433425816,NA,NA,NA,NA,NA,NA,34885225901,12162403960,"Yahoo Finance",TRUE
2020-03-29,5922.04296875,125.58373260498,-0.0526502133056646,-0.0421215055322453,NA,NA,NA,NA,NA,NA,28373690931,9938133669,"Yahoo Finance",TRUE
2020-03-30,6429.841796875,132.904541015625,0.082268448602786,0.0566584056310981,NA,NA,NA,NA,NA,NA,37101651525,11841123306,"Yahoo Finance",TRUE
2020-03-31,6438.64453125,133.593566894531,0.00136810740961479,0.00517097415534629,NA,NA,NA,NA,NA,NA,32786468812,11065246317,"Yahoo Finance",TRUE
2020-04-01,6606.7763671875,135.634552001953,0.0257778031656759,0.0151620433660113,NA,NA,NA,NA,NA,NA,40346426266,12456564435,"Yahoo Finance",TRUE
2020-04-02,6793.62451171875,142.029144287109,0.0278887559659609,0.0460681266784597,NA,NA,NA,NA,NA,NA,47660646124,15322861686,"Yahoo Finance",TRUE
2020-04-03,6733.38720703125,142.09130859375,-0.00890628382934722,0.000437591218810596,NA,NA,NA,NA,NA,NA,38976504903,13184603402,"Yahoo Finance",TRUE
2020-04-04,6867.52734375,145.219390869141,0.0197258038443877,0.0217757701855108,NA,NA,NA,NA,NA,NA,33185988584,11946658257,"Yahoo Finance",TRUE
2020-04-05,6791.12939453125,143.546646118164,-0.0111868608197057,-0.011585596968958,NA,NA,NA,NA,NA,NA,29510409856,11280993591,"Yahoo Finance",TRUE
2020-04-06,7271.78125,169.135879516602,0.068384015513649,0.164042370243791,NA,NA,NA,NA,NA,NA,46896904615,21636382525,"Yahoo Finance",TRUE
2020-04-07,7176.41455078125,165.101943969727,-0.0132013831407587,-0.0241392873243749,NA,NA,NA,NA,NA,NA,44243482668,21659346091,"Yahoo Finance",TRUE
2020-04-08,7334.0986328125,172.641738891602,0.0217346261162099,0.0446554484600465,NA,NA,NA,NA,NA,NA,37563249549,17063110836,"Yahoo Finance",TRUE
2020-04-09,7302.08935546875,170.807144165039,-0.00437399798396143,-0.0106834656715762,NA,NA,NA,NA,NA,NA,34815139178,14901696210,"Yahoo Finance",TRUE
2020-04-10,6865.4931640625,158.412445068359,-0.0616526461959843,-0.0753330644990537,NA,NA,NA,NA,NA,NA,43622840992,17980944616,"Yahoo Finance",TRUE
2020-04-11,6859.0830078125,158.216018676758,-0.000934113612810705,-0.00124073757916143,NA,NA,NA,NA,NA,NA,31222085946,13555089447,"Yahoo Finance",TRUE
2020-04-12,6971.091796875,161.142425537109,0.0161980943393072,0.018327298528976,NA,NA,NA,NA,NA,NA,35759567632,15123721386,"Yahoo Finance",TRUE
2020-04-13,6845.03759765625,156.279556274414,-0.0182479033680671,-0.0306421737104072,NA,NA,NA,NA,NA,NA,38619308647,16465282133,"Yahoo Finance",TRUE
2020-04-14,6842.427734375,157.596389770508,-0.00038135085635993,0.00839083872962387,NA,NA,NA,NA,NA,NA,34110434052,14723156630,"Yahoo Finance",TRUE
2020-04-15,6642.10986328125,153.286895751953,-0.0297129370766829,-0.027725968459908,NA,NA,NA,NA,NA,NA,32288311031,14171753737,"Yahoo Finance",TRUE
2020-04-16,7116.80419921875,172.157379150391,0.0690291127264349,0.116097752367108,NA,NA,NA,NA,NA,NA,46783242377,22910469236,"Yahoo Finance",TRUE
2020-04-17,7096.1845703125,171.638580322266,-0.00290152109548281,-0.00301806468418064,NA,NA,NA,NA,NA,NA,32513423567,16714684266,"Yahoo Finance",TRUE
2020-04-18,7257.6650390625,186.914001464844,0.0225009020006066,0.0852576370233322,NA,NA,NA,NA,NA,NA,32447188386,20160323443,"Yahoo Finance",TRUE
2020-04-19,7189.4248046875,181.614959716797,-0.00944698795728449,-0.0287597857907027,NA,NA,NA,NA,NA,NA,31311210215,19146038381,"Yahoo Finance",TRUE
2020-04-20,6881.95849609375,172.297164916992,-0.0437078926190573,-0.0526681510123073,NA,NA,NA,NA,NA,NA,37747113936,21266681335,"Yahoo Finance",TRUE
2020-04-21,6880.3232421875,172.737701416016,-0.000237642848045283,0.00255357809540513,NA,NA,NA,NA,NA,NA,32589741511,16458767984,"Yahoo Finance",TRUE
2020-04-22,7117.20751953125,182.599578857422,0.0338498124617335,0.0555213946388013,NA,NA,NA,NA,NA,NA,33249153866,17994666395,"Yahoo Finance",TRUE
2020-04-23,7429.724609375,185.028671264648,0.042973347176261,0.0132151310876996,NA,NA,NA,NA,NA,NA,43500782316,21275740032,"Yahoo Finance",TRUE
2020-04-24,7550.90087890625,189.236938476562,0.0161780844964259,0.0224890797597537,NA,NA,NA,NA,NA,NA,34636526286,16788555028,"Yahoo Finance",TRUE
2020-04-25,7569.93603515625,195.51530456543,0.00251773978034819,0.0326387879446584,NA,NA,NA,NA,NA,NA,32941541447,18260969748,"Yahoo Finance",TRUE
2020-04-26,7679.8671875,197.317535400391,0.0144176360833299,0.0091756253350237,NA,NA,NA,NA,NA,NA,33070154491,18335367012,"Yahoo Finance",TRUE
2020-04-27,7795.60107421875,197.224716186523,0.0149573560480274,-0.000470515972402552,NA,NA,NA,NA,NA,NA,36162144725,18670194595,"Yahoo Finance",TRUE
2020-04-28,7807.05859375,198.415390014648,0.00146866262990208,0.00601899253453642,NA,NA,NA,NA,NA,NA,33187959921,18217507467,"Yahoo Finance",TRUE
2020-04-29,8801.0380859375,216.968231201172,0.119841406444289,0.0893881803476599,NA,NA,NA,NA,NA,NA,60201052203,26397548759,"Yahoo Finance",TRUE
2020-04-30,8658.5537109375,207.60205078125,-0.016321978185923,-0.0441279130629946,NA,NA,NA,NA,NA,NA,66964629541,28089191904,"Yahoo Finance",TRUE
2020-05-01,8864.7666015625,214.219100952148,0.0235369104465697,0.0313762977186638,NA,NA,NA,NA,NA,NA,44068389997,20816320834,"Yahoo Finance",TRUE
2020-05-02,8988.5966796875,215.325378417969,0.0138721272790345,0.00515094461668841,NA,NA,NA,NA,NA,NA,40134388683,18260876092,"Yahoo Finance",TRUE
2020-05-03,8897.46875,210.933151245117,-0.0101899122041704,-0.020609007565807,NA,NA,NA,NA,NA,NA,47101785174,20469034664,"Yahoo Finance",TRUE
2020-05-04,8912.654296875,208.174011230469,0.00170527182938862,-0.0131669421278069,NA,NA,NA,NA,NA,NA,45718796276,22602446422,"Yahoo Finance",TRUE
2020-05-05,9003.0703125,206.774398803711,0.0100935669896458,-0.00674598432354934,NA,NA,NA,NA,NA,NA,43148462663,19004689099,"Yahoo Finance",TRUE
2020-05-06,9268.76171875,204.055786132812,0.0290841262398249,-0.0132349201877204,NA,NA,NA,NA,NA,NA,49371886931,20343543799,"Yahoo Finance",TRUE
2020-05-07,9951.5185546875,212.289413452148,0.0710753668546626,0.0395570835886501,NA,NA,NA,NA,NA,NA,61112700562,23594744655,"Yahoo Finance",TRUE
2020-05-08,9842.666015625,212.991577148438,-0.0109985471722904,0.00330211953903614,NA,NA,NA,NA,NA,NA,51780748042,20445139356,"Yahoo Finance",TRUE
2020-05-09,9593.896484375,211.600128173828,-0.0255994975141949,-0.00655431530310668,NA,NA,NA,NA,NA,NA,46566121841,18950547549,"Yahoo Finance",TRUE
2020-05-10,8756.4306640625,188.599563598633,-0.0913387499263454,-0.115072249422792,NA,NA,NA,NA,NA,NA,63325279337,25211575193,"Yahoo Finance",TRUE
2020-05-11,8601.7958984375,185.912841796875,-0.0178173566160176,-0.014348084898085,NA,NA,NA,NA,NA,NA,57119858802,20054601647,"Yahoo Finance",TRUE
2020-05-12,8804.4775390625,189.3125,0.0232893964825251,0.0181211173879445,NA,NA,NA,NA,NA,NA,42142717533,15899726284,"Yahoo Finance",TRUE
2020-05-13,9269.9873046875,199.193283081055,0.0515216067309936,0.050876536321911,NA,NA,NA,NA,NA,NA,45558144023,17054662289,"Yahoo Finance",TRUE
2020-05-14,9733.7216796875,202.949096679688,0.048814308336528,0.0186795672155853,NA,NA,NA,NA,NA,NA,56426907637,20150524861,"Yahoo Finance",TRUE
2020-05-15,9328.197265625,195.622665405273,-0.0425545413366315,-0.0367675651322967,NA,NA,NA,NA,NA,NA,48158802327,16602342092,"Yahoo Finance",TRUE
2020-05-16,9377.013671875,200.677124023438,0.00521956338711504,0.0255096411638256,NA,NA,NA,NA,NA,NA,36164766408,15379081645,"Yahoo Finance",TRUE
2020-05-17,9670.7392578125,207.15869140625,0.0308434146689862,0.0317878563528922,NA,NA,NA,NA,NA,NA,40084250663,15470397303,"Yahoo Finance",TRUE
2020-05-18,9726.5751953125,214.525054931641,0.00575709507152311,0.034941413045499,NA,NA,NA,NA,NA,NA,41827139896,17411566928,"Yahoo Finance",TRUE
2020-05-19,9729.0380859375,213.451110839844,0.000253180468027026,-0.00501872034873063,NA,NA,NA,NA,NA,NA,39254288955,14346192779,"Yahoo Finance",TRUE
2020-05-20,9522.9814453125,210.096740722656,-0.0214070538650404,-0.0158397226566835,NA,NA,NA,NA,NA,NA,36546239703,12730175511,"Yahoo Finance",TRUE
2020-05-21,9081.76171875,199.883605957031,-0.0474397811200529,-0.0498328678266615,NA,NA,NA,NA,NA,NA,39326160532,13308321229,"Yahoo Finance",TRUE
2020-05-22,9182.5771484375,207.169189453125,0.0110397046754223,0.0358005728551021,NA,NA,NA,NA,NA,NA,29810773699,12041592114,"Yahoo Finance",TRUE
2020-05-23,9209.287109375,208.694396972656,0.00290454293713971,0.00733516666482448,NA,NA,NA,NA,NA,NA,27727866812,10665476768,"Yahoo Finance",TRUE
2020-05-24,8790.3681640625,202.370346069336,-0.0465558480535435,-0.0307715512784119,NA,NA,NA,NA,NA,NA,32518803300,11833299572,"Yahoo Finance",TRUE
2020-05-25,8906.9345703125,205.319747924805,0.0131735433089482,0.0144690948083772,NA,NA,NA,NA,NA,NA,31288157264,10415044124,"Yahoo Finance",TRUE
2020-05-26,8835.052734375,201.902313232422,-0.00810306399321981,-0.0167845274019385,NA,NA,NA,NA,NA,NA,29584186947,10159741290,"Yahoo Finance",TRUE
2020-05-27,9181.017578125,208.863433837891,0.0384109712226941,0.0338966292048859,NA,NA,NA,NA,NA,NA,32740536902,10631034756,"Yahoo Finance",TRUE
2020-05-28,9525.7509765625,219.840423583984,0.0368607148089737,0.0512213240395365,NA,NA,NA,NA,NA,NA,34367073114,12212469604,"Yahoo Finance",TRUE
2020-05-29,9439.1240234375,220.67512512207,-0.00913557886418559,0.00378966208799714,NA,NA,NA,NA,NA,NA,32896642044,12265816557,"Yahoo Finance",TRUE
2020-05-30,9700.4140625,242.345596313477,0.0273053897295643,0.0936731934514174,NA,NA,NA,NA,NA,NA,32722975141,15027397867,"Yahoo Finance",TRUE
2020-05-31,9461.05859375,230.975708007812,-0.0249842925629959,-0.0480522465018485,NA,NA,NA,NA,NA,NA,27773290299,12234904813,"Yahoo Finance",TRUE
2020-06-01,10167.2685546875,246.991760253906,0.0719893164023375,0.0670424319228795,NA,NA,NA,NA,NA,NA,35198901068,13951727936,"Yahoo Finance",TRUE
2020-06-02,9529.8037109375,237.219055175781,-0.0647494748028361,-0.0403709790852895,NA,NA,NA,NA,NA,NA,39137252109,13782107567,"Yahoo Finance",TRUE
2020-06-03,9656.7177734375,244.179321289062,0.0132296949908959,0.0289188809948042,NA,NA,NA,NA,NA,NA,25007459262,9861760817,"Yahoo Finance",TRUE
2020-06-04,9800.63671875,244.426391601562,0.0147935393856518,0.00101132805875981,NA,NA,NA,NA,NA,NA,25921805072,10170414304,"Yahoo Finance",TRUE
2020-06-05,9665.533203125,241.221984863281,-0.0138810752726641,-0.0131965981868589,NA,NA,NA,NA,NA,NA,23509628646,9293963914,"Yahoo Finance",TRUE
2020-06-06,9653.6796875,241.93132019043,-0.0012271221586051,0.00293627645457306,NA,NA,NA,NA,NA,NA,20438419222,8114873845,"Yahoo Finance",TRUE
2020-06-07,9758.8525390625,245.167251586914,0.0108356683586361,0.0132867521655138,NA,NA,NA,NA,NA,NA,25015250846,9544883157,"Yahoo Finance",TRUE
2020-06-08,9771.4892578125,246.309906005859,0.00129406035438251,0.00464988640921149,NA,NA,NA,NA,NA,NA,21486346312,8076783299,"Yahoo Finance",TRUE
2020-06-09,9795.7001953125,244.91145324707,0.00247464766602334,-0.00569379368594181,NA,NA,NA,NA,NA,NA,23717842783,8446545788,"Yahoo Finance",TRUE
2020-06-10,9870.0947265625,247.444946289062,0.00756591700730525,0.0102913881289677,NA,NA,NA,NA,NA,NA,25706567601,8792990206,"Yahoo Finance",TRUE
2020-06-11,9321.78125,231.702667236328,-0.0571557191412833,-0.0657331750632926,NA,NA,NA,NA,NA,NA,30247143440,12356528860,"Yahoo Finance",TRUE
2020-06-12,9480.84375,237.493209838867,0.016919583790143,0.0246840899477867,NA,NA,NA,NA,NA,NA,22610564515,8868955009,"Yahoo Finance",TRUE
2020-06-13,9475.27734375,238.908843994141,-0.00058729382266165,0.0059430403816787,NA,NA,NA,NA,NA,NA,17564322315,7141624980,"Yahoo Finance",TRUE
2020-06-14,9386.7880859375,234.114700317383,-0.00938284381856924,-0.0202709057365178,NA,NA,NA,NA,NA,NA,18991732746,7439385176,"Yahoo Finance",TRUE
2020-06-15,9450.7021484375,229.928909301758,0.00678586233768641,-0.0180409964063317,NA,NA,NA,NA,NA,NA,26699704768,10536099884,"Yahoo Finance",TRUE
2020-06-16,9538.0244140625,234.416168212891,0.00919733936802558,0.019327861188823,NA,NA,NA,NA,NA,NA,21565537209,7965648016,"Yahoo Finance",TRUE
2020-06-17,9480.2548828125,233.028274536133,-0.006075177257296,-0.00593823619762723,NA,NA,NA,NA,NA,NA,20177709879,7701391592,"Yahoo Finance",TRUE
2020-06-18,9411.8408203125,232.101165771484,-0.00724264397501173,-0.00398646016397297,NA,NA,NA,NA,NA,NA,17770083003,6713800872,"Yahoo Finance",TRUE
2020-06-19,9288.0185546875,227.138290405273,-0.0132433162041465,-0.0216142951570673,NA,NA,NA,NA,NA,NA,19632223107,6946372590,"Yahoo Finance",TRUE
2020-06-20,9332.3408203125,229.274261474609,0.00476063307275254,0.00935989448345165,NA,NA,NA,NA,NA,NA,17130541557,6252830566,"Yahoo Finance",TRUE
2020-06-21,9303.6298828125,228.989822387695,-0.00308124118379638,-0.00124137646155464,NA,NA,NA,NA,NA,NA,15324301169,5600408178,"Yahoo Finance",TRUE
2020-06-22,9648.7177734375,242.533187866211,0.0364203993156309,0.0574609993489661,NA,NA,NA,NA,NA,NA,21104009514,9079586552,"Yahoo Finance",TRUE
2020-06-23,9629.658203125,244.142150878906,-0.00197730104916083,0.00661208303169936,NA,NA,NA,NA,NA,NA,17006433272,6624530348,"Yahoo Finance",TRUE
2020-06-24,9313.6103515625,235.7724609375,-0.0333709232737807,-0.0348834498599047,NA,NA,NA,NA,NA,NA,18961716076,8815030025,"Yahoo Finance",TRUE
2020-06-25,9264.8134765625,232.944488525391,-0.00525308149532222,-0.0120670128571838,NA,NA,NA,NA,NA,NA,18616048626,7010426122,"Yahoo Finance",TRUE
2020-06-26,9162.91796875,229.668045043945,-0.0110590439869025,-0.014165194538049,NA,NA,NA,NA,NA,NA,18341465837,7187490226,"Yahoo Finance",TRUE
2020-06-27,9045.390625,222.95979309082,-0.012909378740094,-0.0296435288073136,NA,NA,NA,NA,NA,NA,17273093144,6918380955,"Yahoo Finance",TRUE
2020-06-28,9143.58203125,225.34716796875,0.0107969110711696,0.010650726638251,NA,NA,NA,NA,NA,NA,14560870760,6205925718,"Yahoo Finance",TRUE
2020-06-29,9190.8544921875,228.194869995117,0.00515669686722298,0.0125577750722377,NA,NA,NA,NA,NA,NA,16460547078,6726164653,"Yahoo Finance",TRUE
2020-06-30,9137.9931640625,226.315002441406,-0.00576811763396634,-0.0082721119487541,NA,NA,NA,NA,NA,NA,15735797744,6094093001,"Yahoo Finance",TRUE
2020-07-01,9228.3251953125,231.113418579102,0.00983678469207661,0.0209807346211166,NA,NA,NA,NA,NA,NA,15971550355,6463737443,"Yahoo Finance",TRUE
2020-07-02,9123.41015625,229.392196655273,-0.0114339249180109,-0.00747539175310141,NA,NA,NA,NA,NA,NA,16338916796,6212210566,"Yahoo Finance",TRUE
2020-07-03,9087.3037109375,225.387069702148,-0.00396541210726653,-0.0176139538389535,NA,NA,NA,NA,NA,NA,13078970999,5109032700,"Yahoo Finance",TRUE
2020-07-04,9132.48828125,229.074111938477,0.00495995376506109,0.0162263501617703,NA,NA,NA,NA,NA,NA,12290528515,5228310135,"Yahoo Finance",TRUE
2020-07-05,9073.9423828125,227.664596557617,-0.00643136497403596,-0.00617210597327755,NA,NA,NA,NA,NA,NA,12903406143,5292172429,"Yahoo Finance",TRUE
2020-07-06,9375.474609375,241.510223388672,0.0326903640545275,0.0590383269267267,NA,NA,NA,NA,NA,NA,17889263252,8782917553,"Yahoo Finance",TRUE
2020-07-07,9252.27734375,239.075531005859,-0.0132274750284935,-0.0101322737509788,NA,NA,NA,NA,NA,NA,13839652595,6441497597,"Yahoo Finance",TRUE
2020-07-08,9428.3330078125,246.670013427734,0.0188495850546211,0.031271934070352,NA,NA,NA,NA,NA,NA,19702359883,9892586411,"Yahoo Finance",TRUE
2020-07-09,9277.9677734375,243.015960693359,-0.0160767727161915,-0.0149243423390715,NA,NA,NA,NA,NA,NA,18000702524,8429099199,"Yahoo Finance",TRUE
2020-07-10,9278.8076171875,240.984985351562,9.05161304061153e-05,-0.00839249294522482,NA,NA,NA,NA,NA,NA,16860035605,7281370522,"Yahoo Finance",TRUE
2020-07-11,9240.3466796875,239.45817565918,-0.00415364461895962,-0.00635586040621305,NA,NA,NA,NA,NA,NA,13249910444,5643067316,"Yahoo Finance",TRUE
2020-07-12,9276.5,242.131698608398,0.00390491608833976,0.0111030175563895,NA,NA,NA,NA,NA,NA,14452361907,6596394718,"Yahoo Finance",TRUE
2020-07-13,9243.6142578125,239.604583740234,-0.00355135786885441,-0.0104917903936004,NA,NA,NA,NA,NA,NA,17519821266,7787751468,"Yahoo Finance",TRUE
2020-07-14,9243.2138671875,240.211486816406,-4.33163139028636e-05,0.00252973352529295,NA,NA,NA,NA,NA,NA,18085038362,7357458555,"Yahoo Finance",TRUE
2020-07-15,9192.8369140625,238.423522949219,-0.0054650618081169,-0.00747112997328347,NA,NA,NA,NA,NA,NA,15844731575,6189328448,"Yahoo Finance",TRUE
2020-07-16,9132.2275390625,233.640884399414,-0.00661493946327596,-0.0202633459394548,NA,NA,NA,NA,NA,NA,15713967523,5832057567,"Yahoo Finance",TRUE
2020-07-17,9151.392578125,232.773086547852,0.0020964170070048,-0.00372115291128505,NA,NA,NA,NA,NA,NA,13944570749,5859850529,"Yahoo Finance",TRUE
2020-07-18,9159.0400390625,235.483810424805,0.000835311927582794,0.0115780639892726,NA,NA,NA,NA,NA,NA,12252601475,5397402117,"Yahoo Finance",TRUE
2020-07-19,9185.8173828125,238.487518310547,0.00291933179437542,0.0126748092800728,NA,NA,NA,NA,NA,NA,12939002784,6251377305,"Yahoo Finance",TRUE
2020-07-20,9164.2314453125,236.153167724609,-0.00235268556055956,-0.00983636454303927,NA,NA,NA,NA,NA,NA,13755604146,5600686192,"Yahoo Finance",TRUE
2020-07-21,9374.8876953125,245.016723632812,0.0227265724190087,0.0368458576527111,NA,NA,NA,NA,NA,NA,18069581956,6806696015,"Yahoo Finance",TRUE
2020-07-22,9525.36328125,262.190643310547,0.0159234674311861,0.0677454174374938,NA,NA,NA,NA,NA,NA,16532254884,7702077383,"Yahoo Finance",TRUE
2020-07-23,9581.072265625,274.689056396484,0.0058314531883763,0.0465678685473332,NA,NA,NA,NA,NA,NA,18146399002,10281309262,"Yahoo Finance",TRUE
2020-07-24,9536.892578125,279.215423583984,-0.00462180640093379,0.0163438574996819,NA,NA,NA,NA,NA,NA,16552768325,9466060358,"Yahoo Finance",TRUE
2020-07-25,9677.11328125,304.056762695312,0.0145959352300391,0.0852307919433883,NA,NA,NA,NA,NA,NA,16610070933,10785021813,"Yahoo Finance",TRUE
2020-07-26,9905.1669921875,309.643615722656,0.0232928973245592,0.0182076060816048,NA,NA,NA,NA,NA,NA,20507998997,12003973026,"Yahoo Finance",TRUE
2020-07-27,10990.873046875,321.514099121094,0.104008665985063,0.0376193874526187,NA,NA,NA,NA,NA,NA,35359749590,15644257058,"Yahoo Finance",TRUE
2020-07-28,10912.8232421875,316.657257080078,-0.00712666337212298,-0.015221415901995,NA,NA,NA,NA,NA,NA,28766551142,12357108065,"Yahoo Finance",TRUE
2020-07-29,11100.4677734375,318.190887451172,0.0170487071772527,0.00483149668985927,NA,NA,NA,NA,NA,NA,24617249715,10878845706,"Yahoo Finance",TRUE
2020-07-30,11111.2138671875,334.586639404297,0.000967607474507304,0.0502443800117005,NA,NA,NA,NA,NA,NA,22857247901,11827689045,"Yahoo Finance",TRUE
2020-07-31,11323.466796875,345.554656982422,0.0189224233737271,0.0322549697586778,NA,NA,NA,NA,NA,NA,23160469766,12030600492,"Yahoo Finance",TRUE
2020-08-01,11759.5927734375,385.19970703125,0.0377920337321473,0.10861109189972,NA,NA,NA,NA,NA,NA,26075670303,14045259477,"Yahoo Finance",TRUE
2020-08-02,11053.6142578125,370.671722412109,-0.0619118571228263,-0.0384450937105729,NA,NA,NA,NA,NA,NA,27410067336,18909744275,"Yahoo Finance",TRUE
2020-08-03,11246.3486328125,386.295166015625,0.0172860533562407,0.041284930393501,NA,NA,NA,NA,NA,NA,20271713443,12834648062,"Yahoo Finance",TRUE
2020-08-04,11205.892578125,389.87548828125,-0.00360374700155397,0.00922567128788554,NA,NA,NA,NA,NA,NA,21250197042,14086704221,"Yahoo Finance",TRUE
2020-08-05,11747.0224609375,401.590576171875,0.0471600379035362,0.0296056750629123,NA,NA,NA,NA,NA,NA,24411254471,12875466638,"Yahoo Finance",TRUE
2020-08-06,11779.7734375,394.961944580078,0.00278414433138607,-0.0166436849701048,NA,NA,NA,NA,NA,NA,23400740340,11304626458,"Yahoo Finance",TRUE
2020-08-07,11601.47265625,379.512847900391,-0.0152519020491884,-0.039900966351996,NA,NA,NA,NA,NA,NA,23132312867,12751687084,"Yahoo Finance",TRUE
2020-08-08,11754.0458984375,393.987365722656,0.0130654699240473,0.0374303910174092,NA,NA,NA,NA,NA,NA,17572057837,9342060531,"Yahoo Finance",TRUE
2020-08-09,11675.7392578125,391.120452880859,-0.00668439182616609,-0.00730326591260155,NA,NA,NA,NA,NA,NA,17489608833,9451065592,"Yahoo Finance",TRUE
2020-08-10,11878.111328125,395.887573242188,0.0171842009045893,0.0121146888140649,NA,NA,NA,NA,NA,NA,26114112569,11685827893,"Yahoo Finance",TRUE
2020-08-11,11410.525390625,380.384063720703,-0.040161112862787,-0.0399488286765033,NA,NA,NA,NA,NA,NA,27039782640,12792218737,"Yahoo Finance",TRUE
2020-08-12,11584.9345703125,391.024169921875,0.0151693007557725,0.0275879374168451,NA,NA,NA,NA,NA,NA,25064548486,12408772745,"Yahoo Finance",TRUE
2020-08-13,11784.1376953125,428.741790771484,0.0170488539554157,0.0920854776763536,NA,NA,NA,NA,NA,NA,27522199497,18480303526,"Yahoo Finance",TRUE
2020-08-14,11768.87109375,437.397827148438,-0.00129636122817622,0.0199882891688281,NA,NA,NA,NA,NA,NA,24237958589,15064589987,"Yahoo Finance",TRUE
2020-08-15,11865.6982421875,433.354919433594,0.00819373425312442,-0.00928607295864481,NA,NA,NA,NA,NA,NA,23354924400,12416067894,"Yahoo Finance",TRUE
2020-08-16,11892.8037109375,433.78662109375,0.00228174996585118,0.000995689113358011,NA,NA,NA,NA,NA,NA,20583375490,12168816874,"Yahoo Finance",TRUE
2020-08-17,12254.40234375,429.53125,0.0299517604098849,-0.00985825893210102,NA,NA,NA,NA,NA,NA,28227687027,13227089410,"Yahoo Finance",TRUE
2020-08-18,11991.2333984375,423.669311523438,-0.0217094147549997,-0.0137412725201749,NA,NA,NA,NA,NA,NA,26043227672,11978984079,"Yahoo Finance",TRUE
2020-08-19,11758.283203125,406.463775634766,-0.0196178869913659,-0.0414584130919682,NA,NA,NA,NA,NA,NA,24502851117,13137391167,"Yahoo Finance",TRUE
2020-08-20,11878.3720703125,416.439788818359,0.0101613277417592,0.0242470743071408,NA,NA,NA,NA,NA,NA,20175242945,10043032427,"Yahoo Finance",TRUE
2020-08-21,11592.4892578125,389.126342773438,-0.0243618627931248,-0.0678378069879155,NA,NA,NA,NA,NA,NA,23762425999,11781796374,"Yahoo Finance",TRUE
2020-08-22,11681.8251953125,395.835144042969,0.00767682128039304,0.0170937421478641,NA,NA,NA,NA,NA,NA,20224191306,10131847985,"Yahoo Finance",TRUE
2020-08-23,11664.84765625,391.384490966797,-0.00145438642697293,-0.0113073919876339,NA,NA,NA,NA,NA,NA,18482062658,8137303970,"Yahoo Finance",TRUE
2020-08-24,11774.595703125,408.144195556641,0.00936445863523616,0.041930102780884,NA,NA,NA,NA,NA,NA,20681511755,10328860398,"Yahoo Finance",TRUE
2020-08-25,11366.134765625,384.001037597656,-0.0353060044085325,-0.0609752777865102,NA,NA,NA,NA,NA,NA,26301509932,12428442042,"Yahoo Finance",TRUE
2020-08-26,11488.36328125,386.466125488281,0.0106963347639653,0.00639896525165806,NA,NA,NA,NA,NA,NA,22466660958,9967343483,"Yahoo Finance",TRUE
2020-08-27,11323.3974609375,382.632629394531,-0.0144634776739618,-0.00996888323289902,NA,NA,NA,NA,NA,NA,23240415076,10457777652,"Yahoo Finance",TRUE
2020-08-28,11542.5,395.874664306641,0.0191647185956025,0.0340223202002061,NA,NA,NA,NA,NA,NA,19807127588,9120674421,"Yahoo Finance",TRUE
2020-08-29,11506.865234375,399.921478271484,-0.00309204124745399,0.0101705666362069,NA,NA,NA,NA,NA,NA,17485597759,8777703481,"Yahoo Finance",TRUE
2020-08-30,11711.505859375,428.395721435547,0.0176279312086738,0.0687791276952598,NA,NA,NA,NA,NA,NA,19760127945,11211948040,"Yahoo Finance",TRUE
2020-08-31,11680.8203125,435.079742431641,-0.00262355819172377,0.0154819790114393,NA,NA,NA,NA,NA,NA,22285928250,12774741797,"Yahoo Finance",TRUE
2020-09-01,11970.478515625,477.051910400391,0.0244952878450402,0.0920959815791544,NA,NA,NA,NA,NA,NA,27311555343,18862763756,"Yahoo Finance",TRUE
2020-09-02,11414.0341796875,440.040496826172,-0.0475998283628147,-0.0807585508839841,NA,NA,NA,NA,NA,NA,28037405299,19691854014,"Yahoo Finance",TRUE
2020-09-03,10245.296875,385.671936035156,-0.108024907829682,-0.131879659473613,NA,NA,NA,NA,NA,NA,31927261555,19622845896,"Yahoo Finance",TRUE
2020-09-04,10511.8134765625,388.241149902344,0.0256809589055749,0.00663956548161249,NA,NA,NA,NA,NA,NA,29965130374,16747106257,"Yahoo Finance",TRUE
2020-09-05,10169.5673828125,335.260070800781,-0.0331000471341181,-0.146720105541524,NA,NA,NA,NA,NA,NA,44916565292,29880047640,"Yahoo Finance",TRUE
2020-09-06,10280.3515625,353.362274169922,0.010834787536524,0.0525872417269815,NA,NA,NA,NA,NA,NA,37071460174,27643678917,"Yahoo Finance",TRUE
2020-09-07,10369.5634765625,352.673492431641,0.00864046839153687,-0.00195112482787163,NA,NA,NA,NA,NA,NA,33703098409,21763614732,"Yahoo Finance",TRUE
2020-09-08,10131.5166015625,337.602111816406,-0.0232239055901111,-0.0436746602013454,NA,NA,NA,NA,NA,NA,33430927462,17991403432,"Yahoo Finance",TRUE
2020-09-09,10242.34765625,351.110015869141,0.0108798357097584,0.0392315917972432,NA,NA,NA,NA,NA,NA,24128292755,14547933520,"Yahoo Finance",TRUE
2020-09-10,10363.138671875,368.101898193359,0.0117242949135239,0.0472601872246914,NA,NA,NA,NA,NA,NA,54406443211,31421134556,"Yahoo Finance",TRUE
2020-09-11,10400.9150390625,374.695587158203,0.00363863524842145,0.0177541316260452,NA,NA,NA,NA,NA,NA,45201121775,27296269329,"Yahoo Finance",TRUE
2020-09-12,10442.1708984375,387.18310546875,0.00395871449907759,0.0327837931495498,NA,NA,NA,NA,NA,NA,36750077324,13295405814,"Yahoo Finance",TRUE
2020-09-13,10323.755859375,365.570007324219,-0.0114048675959459,-0.0574399225246873,NA,NA,NA,NA,NA,NA,36506852789,15005899191,"Yahoo Finance",TRUE
2020-09-14,10680.837890625,377.268859863281,0.0340036509277635,0.0315002900536054,NA,NA,NA,NA,NA,NA,35453581940,17536695361,"Yahoo Finance",TRUE
2020-09-15,10796.951171875,364.839202880859,0.0108125107428236,-0.0335013729452616,NA,NA,NA,NA,NA,NA,32509451925,16140584321,"Yahoo Finance",TRUE
2020-09-16,10974.9052734375,365.812286376953,0.0163475324262432,0.00266360661880416,NA,NA,NA,NA,NA,NA,30769986455,16107612177,"Yahoo Finance",TRUE
2020-09-17,10948.990234375,389.019226074219,-0.00236409183058228,0.0615084436698439,NA,NA,NA,NA,NA,NA,38151810523,19899531080,"Yahoo Finance",TRUE
2020-09-18,10944.5859375,384.364532470703,-0.000402336913788659,-0.0120373611589981,NA,NA,NA,NA,NA,NA,26341903912,14108357740,"Yahoo Finance",TRUE
2020-09-19,11094.3466796875,385.544372558594,0.0135907713828374,0.00306488469935662,NA,NA,NA,NA,NA,NA,22764204008,11049507684,"Yahoo Finance",TRUE
2020-09-20,10938.271484375,371.052825927734,-0.0141678855300924,-0.0383118498761705,NA,NA,NA,NA,NA,NA,24699523788,12292195784,"Yahoo Finance",TRUE
2020-09-21,10462.259765625,341.786071777344,-0.0444933108280505,-0.0821594201928395,NA,NA,NA,NA,NA,NA,28884999244,17398267133,"Yahoo Finance",TRUE
2020-09-22,10538.4599609375,344.503173828125,0.00725694459207382,0.00791828304127851,NA,NA,NA,NA,NA,NA,23621787804,12732578043,"Yahoo Finance",TRUE
2020-09-23,10246.1865234375,321.116302490234,-0.0281258288104684,-0.070299932700868,NA,NA,NA,NA,NA,NA,23788661867,12899346599,"Yahoo Finance",TRUE
2020-09-24,10760.06640625,349.355590820312,0.0489361364351204,0.0842869177993189,NA,NA,NA,NA,NA,NA,47144380902,15714304470,"Yahoo Finance",TRUE
2020-09-25,10692.716796875,352.183258056641,-0.00627888978373115,0.00806137123838813,NA,NA,NA,NA,NA,NA,39348590957,14381086966,"Yahoo Finance",TRUE
2020-09-26,10750.7236328125,355.488098144531,0.00541023047293621,0.00934010988133682,NA,NA,NA,NA,NA,NA,46852525493,13049148579,"Yahoo Finance",TRUE
2020-09-27,10775.26953125,357.438507080078,0.00228058318974078,0.00547156968812335,NA,NA,NA,NA,NA,NA,53745972818,13598126926,"Yahoo Finance",TRUE
2020-09-28,10709.65234375,355.159423828125,-0.00610822714634907,-0.00639656929673116,NA,NA,NA,NA,NA,NA,47762394731,14258455166,"Yahoo Finance",TRUE
2020-09-29,10844.640625,359.757385253906,0.0125255833075162,0.0128631045324772,NA,NA,NA,NA,NA,NA,46582396602,11600013236,"Yahoo Finance",TRUE
2020-09-30,10784.4912109375,359.937866210938,-0.00556190323104033,0.000501548288521114,NA,NA,NA,NA,NA,NA,44171073700,11818610610,"Yahoo Finance",TRUE
2020-10-01,10619.4521484375,353.205902099609,-0.0154216754012211,-0.0188802437441318,NA,NA,NA,NA,NA,NA,40023134100,14679481911,"Yahoo Finance",TRUE
2020-10-02,10575.974609375,346.238922119141,-0.00410254537827548,-0.0199221158414877,NA,NA,NA,NA,NA,NA,48661453918,14215390463,"Yahoo Finance",TRUE
2020-10-03,10549.3291015625,346.522094726562,-0.00252261669769993,0.000817518931658157,NA,NA,NA,NA,NA,NA,44660271563,10060167889,"Yahoo Finance",TRUE
2020-10-04,10669.5830078125,352.579010009766,0.0113347181141172,0.0173281569663093,NA,NA,NA,NA,NA,NA,71251776995,10696959020,"Yahoo Finance",TRUE
2020-10-05,10793.33984375,353.956787109375,0.011532279024733,0.00390009636212518,NA,NA,NA,NA,NA,NA,47537578009,11809507622,"Yahoo Finance",TRUE
2020-10-06,10604.40625,340.815856933594,-0.0176596640622524,-0.0378325129363324,NA,NA,NA,NA,NA,NA,42623695307,12830796112,"Yahoo Finance",TRUE
2020-10-07,10668.96875,341.808654785156,0.00606981245062244,0.00290876912422267,NA,NA,NA,NA,NA,NA,37799458436,11929918060,"Yahoo Finance",TRUE
2020-10-08,10915.685546875,350.766143798828,0.0228613846473138,0.0258686528766754,NA,NA,NA,NA,NA,NA,63314794397,13461017711,"Yahoo Finance",TRUE
2020-10-09,11064.4580078125,365.590484619141,0.0135371939231899,0.0413940680537417,NA,NA,NA,NA,NA,NA,22799117613,13043501763,"Yahoo Finance",TRUE
2020-10-10,11296.361328125,370.967590332031,0.0207426777737272,0.0146008887075402,NA,NA,NA,NA,NA,NA,22877978588,13618484324,"Yahoo Finance",TRUE
2020-10-11,11384.181640625,375.142059326172,0.0077441489400023,0.0111900779082426,NA,NA,NA,NA,NA,NA,19968627060,12584512533,"Yahoo Finance",TRUE
2020-10-12,11555.36328125,387.731262207031,0.0149248661016284,0.0330076973670934,NA,NA,NA,NA,NA,NA,26163972642,15867455424,"Yahoo Finance",TRUE
2020-10-13,11425.8994140625,381.190765380859,-0.0112670255308664,-0.0170125301135675,NA,NA,NA,NA,NA,NA,24241420251,14226744838,"Yahoo Finance",TRUE
2020-10-14,11429.5068359375,379.484039306641,0.000315673400464789,-0.00448740756944854,NA,NA,NA,NA,NA,NA,24103426719,13918846567,"Yahoo Finance",TRUE
2020-10-15,11495.349609375,377.441833496094,0.00574424137763607,-0.00539606542530713,NA,NA,NA,NA,NA,NA,24487233058,14964182545,"Yahoo Finance",TRUE
2020-10-16,11322.123046875,366.22900390625,-0.0151839682907955,-0.0301576418933687,NA,NA,NA,NA,NA,NA,25635480772,14670784817,"Yahoo Finance",TRUE
2020-10-17,11358.1015625,368.855926513672,0.00317267984989655,0.00714729327583274,NA,NA,NA,NA,NA,NA,19130430174,10951115359,"Yahoo Finance",TRUE
2020-10-18,11483.359375,378.213684082031,0.0109676932179159,0.0250532129556174,NA,NA,NA,NA,NA,NA,18283314340,11047103109,"Yahoo Finance",TRUE
2020-10-19,11742.037109375,379.935607910156,0.022276341465064,0.00454244779263302,NA,NA,NA,NA,NA,NA,23860769928,12811242092,"Yahoo Finance",TRUE
2020-10-20,11916.3349609375,369.136901855469,0.0147348266052489,-0.0288342025210904,NA,NA,NA,NA,NA,NA,30915821592,13741586582,"Yahoo Finance",TRUE
2020-10-21,12823.689453125,392.189971923828,0.073384054305869,0.0605787616811142,NA,NA,NA,NA,NA,NA,43414712626,20241324322,"Yahoo Finance",TRUE
2020-10-22,12965.8916015625,413.772979736328,0.0110279875667967,0.0535711206435145,NA,NA,NA,NA,NA,NA,34729759598,15772846485,"Yahoo Finance",TRUE
2020-10-23,12931.5390625,409.766693115234,-0.00265297045537771,-0.00972950874658274,NA,NA,NA,NA,NA,NA,28974975003,14256222052,"Yahoo Finance",TRUE
2020-10-24,13108.0625,412.457611083984,0.0135582828497842,0.0065454829353202,NA,NA,NA,NA,NA,NA,24542317940,12201739194,"Yahoo Finance",TRUE
2020-10-25,13031.173828125,406.2177734375,-0.0058830252475115,-0.0152440359116151,NA,NA,NA,NA,NA,NA,24406920575,10890207469,"Yahoo Finance",TRUE
2020-10-26,13075.248046875,393.888305664062,0.00337650719309401,-0.0308220226290326,NA,NA,NA,NA,NA,NA,29461458313,15155684229,"Yahoo Finance",TRUE
2020-10-27,13654.21875,403.997039794922,0.0433275589626536,0.0253401697487226,NA,NA,NA,NA,NA,NA,33749878156,13940434102,"Yahoo Finance",TRUE
2020-10-28,13271.28515625,388.650756835938,-0.028445849418457,-0.0387264076739005,NA,NA,NA,NA,NA,NA,35867318895,15276441134,"Yahoo Finance",TRUE
2020-10-29,13437.8828125,386.730102539062,0.0124751034586481,-0.00495410275322339,NA,NA,NA,NA,NA,NA,56499499598,12920477749,"Yahoo Finance",TRUE
2020-10-30,13546.5224609375,382.819976806641,0.00805207558330778,-0.0101621960344751,NA,NA,NA,NA,NA,NA,30581485201,13688056970,"Yahoo Finance",TRUE
2020-10-31,13780.9951171875,386.59033203125,0.0171606081406299,0.00980071454999276,NA,NA,NA,NA,NA,NA,30306464719,11276963426,"Yahoo Finance",TRUE
2020-11-01,13737.109375,396.358184814453,-0.00318959319352352,0.0249527507592262,NA,NA,NA,NA,NA,NA,24453857900,10475146018,"Yahoo Finance",TRUE
2020-11-02,13550.4892578125,383.15673828125,-0.0136782301231175,-0.0338741657439092,NA,NA,NA,NA,NA,NA,30771455468,13997574252,"Yahoo Finance",TRUE
2020-11-03,13950.30078125,387.602172851562,0.0290784151533732,0.0115353421153577,NA,NA,NA,NA,NA,NA,29869951617,12588494762,"Yahoo Finance",TRUE
2020-11-04,14133.70703125,402.141998291016,0.0130614446957189,0.0368257699146994,NA,NA,NA,NA,NA,NA,35116364962,15126077675,"Yahoo Finance",TRUE
2020-11-05,15579.8486328125,414.067352294922,0.0974158108042449,0.0292233914681965,NA,NA,NA,NA,NA,NA,40856321439,15440711038,"Yahoo Finance",TRUE
2020-11-06,15565.880859375,454.719299316406,-0.000896930308048383,0.0936516566993744,NA,NA,NA,NA,NA,NA,39837841971,16738305610,"Yahoo Finance",TRUE
2020-11-07,14833.75390625,435.713134765625,-0.0481761412742969,-0.0426962249742138,NA,NA,NA,NA,NA,NA,35024953706,18873289788,"Yahoo Finance",TRUE
2020-11-08,15479.5673828125,453.554779052734,0.0426156675918445,0.0401319749763287,NA,NA,NA,NA,NA,NA,26632075029,11292383601,"Yahoo Finance",TRUE
2020-11-09,15332.3154296875,444.163055419922,-0.00955820032729982,-0.0209243170452966,NA,NA,NA,NA,NA,NA,34149115566,13704320630,"Yahoo Finance",TRUE
2020-11-10,15290.90234375,449.679626464844,-0.00270468710961502,0.0123436510724808,NA,NA,NA,NA,NA,NA,25574938143,12090381666,"Yahoo Finance",TRUE
2020-11-11,15701.33984375,462.960540771484,0.0264880155918146,0.0291064373141321,NA,NA,NA,NA,NA,NA,29772374934,14075403511,"Yahoo Finance",TRUE
2020-11-12,16276.34375,461.005279541016,0.0359667008912634,-0.00423233004108425,NA,NA,NA,NA,NA,NA,34175758344,12877327234,"Yahoo Finance",TRUE
2020-11-13,16317.80859375,474.626434326172,0.00254431320571591,0.0291185452695517,NA,NA,NA,NA,NA,NA,31599492172,13191505725,"Yahoo Finance",TRUE
2020-11-14,16068.138671875,460.149841308594,-0.015418716403051,-0.0309758621513048,NA,NA,NA,NA,NA,NA,27481710135,10312037942,"Yahoo Finance",TRUE
2020-11-15,15955.587890625,447.55908203125,-0.00702924092609436,-0.0277436225303438,NA,NA,NA,NA,NA,NA,23653867583,10308617165,"Yahoo Finance",TRUE
2020-11-16,16716.111328125,459.940307617188,0.0465638986904136,0.027288159127604,NA,NA,NA,NA,NA,NA,31526766675,11441239444,"Yahoo Finance",TRUE
2020-11-17,17645.40625,480.360076904297,0.0541024758441377,0.0434392678764759,NA,NA,NA,NA,NA,NA,39006849170,14593057877,"Yahoo Finance",TRUE
2020-11-18,17804.005859375,479.484069824219,0.00894799987636219,-0.00182531159102162,NA,NA,NA,NA,NA,NA,49064800278,17880199224,"Yahoo Finance",TRUE
2020-11-19,17817.08984375,471.630432128906,0.000734620016881848,-0.0165149751819609,NA,NA,NA,NA,NA,NA,36985055355,12473929218,"Yahoo Finance",TRUE
2020-11-20,18621.314453125,509.744567871094,0.0441487626981942,0.0777140568241812,NA,NA,NA,NA,NA,NA,36992873940,18629943296,"Yahoo Finance",TRUE
2020-11-21,18642.232421875,549.486633300781,0.00112270423517913,0.0750746954036225,NA,NA,NA,NA,NA,NA,39650210707,20757099184,"Yahoo Finance",TRUE
2020-11-22,18370.001953125,558.068115234375,-0.0147105616597472,0.0154965768993334,NA,NA,NA,NA,NA,NA,41280434226,21967049601,"Yahoo Finance",TRUE
2020-11-23,18364.12109375,608.454040527344,-0.000320185099710102,0.0864403552061228,NA,NA,NA,NA,NA,NA,42741112308,27272302872,"Yahoo Finance",TRUE
2020-11-24,19107.46484375,603.897766113281,0.0396802677655614,-0.00751645824332492,NA,NA,NA,NA,NA,NA,51469565009,23281758100,"Yahoo Finance",TRUE
2020-11-25,18732.12109375,570.686645507812,-0.0198393323746373,-0.0565646451343396,NA,NA,NA,NA,NA,NA,43710357371,20088492893,"Yahoo Finance",TRUE
2020-11-26,17150.623046875,518.801147460938,-0.0882052536237854,-0.0953196128727427,NA,NA,NA,NA,NA,NA,61396835737,31104004592,"Yahoo Finance",TRUE
2020-11-27,17108.40234375,517.493713378906,-0.00246479425602786,-0.00252328719390071,NA,NA,NA,NA,NA,NA,38886494645,16831105703,"Yahoo Finance",TRUE
2020-11-28,17717.4140625,538.229797363281,0.0349782933002665,0.0392882246064561,NA,NA,NA,NA,NA,NA,32601040734,14770243833,"Yahoo Finance",TRUE
2020-11-29,18177.484375,575.758056640625,0.0256357047024114,0.0674019302875681,NA,NA,NA,NA,NA,NA,31133957704,15017517758,"Yahoo Finance",TRUE
2020-11-30,19625.8359375,614.842529296875,0.0766631523401529,0.0656786531966826,NA,NA,NA,NA,NA,NA,47728480399,20276867833,"Yahoo Finance",TRUE
2020-12-01,18802.998046875,587.324157714844,-0.0428305306024281,-0.0457892898963177,NA,NA,NA,NA,NA,NA,49633658712,27178964465,"Yahoo Finance",TRUE
2020-12-02,19201.091796875,598.352355957031,0.0209508141373078,0.0186029092346978,NA,NA,NA,NA,NA,NA,37387697139,16883292129,"Yahoo Finance",TRUE
2020-12-03,19445.3984375,616.708740234375,0.0126433160461819,0.0302170500492327,NA,NA,NA,NA,NA,NA,31930317405,16146190946,"Yahoo Finance",TRUE
2020-12-04,18699.765625,569.354187011719,-0.0390994675242329,-0.0798941412336394,NA,NA,NA,NA,NA,NA,33872388058,16337589997,"Yahoo Finance",TRUE
2020-12-05,19154.23046875,596.595458984375,0.0240126130758753,0.0467365473101902,NA,NA,NA,NA,NA,NA,27242455064,13498010566,"Yahoo Finance",TRUE
2020-12-06,19345.12109375,601.908996582031,0.00991664438989837,0.00886700485280745,NA,NA,NA,NA,NA,NA,25293775714,11290893016,"Yahoo Finance",TRUE
2020-12-07,19191.630859375,591.843383789062,-0.00796595656131771,-0.0168642199403823,NA,NA,NA,NA,NA,NA,26896357742,10720480962,"Yahoo Finance",TRUE
2020-12-08,18321.14453125,554.827758789062,-0.0464184595562447,-0.0645843244175524,NA,NA,NA,NA,NA,NA,31692288756,14398919320,"Yahoo Finance",TRUE
2020-12-09,18553.916015625,573.479125976562,0.0126250410295796,0.0330638172519055,NA,NA,NA,NA,NA,NA,34420373071,15855915840,"Yahoo Finance",TRUE
2020-12-10,18264.9921875,559.678527832031,-0.015694640220806,-0.0243589768549661,NA,NA,NA,NA,NA,NA,25547132265,11672582040,"Yahoo Finance",TRUE
2020-12-11,18058.904296875,545.79736328125,-0.0113473565301518,-0.0251147841145549,NA,NA,NA,NA,NA,NA,27919640985,11098819124,"Yahoo Finance",TRUE
2020-12-12,18803.65625,568.567321777344,0.0404124563234589,0.0408719488546332,NA,NA,NA,NA,NA,NA,21752580802,8534557897,"Yahoo Finance",TRUE
2020-12-13,19142.3828125,589.663208007812,0.0178535398272857,0.0364318138345983,NA,NA,NA,NA,NA,NA,25450468637,9070377862,"Yahoo Finance",TRUE
2020-12-14,19246.64453125,586.011169433594,0.00543186333797863,-0.00621269016476322,NA,NA,NA,NA,NA,NA,22473997681,8125837102,"Yahoo Finance",TRUE
2020-12-15,19417.076171875,589.355590820312,0.00881615847720241,0.00569087118310474,NA,NA,NA,NA,NA,NA,26741982541,9326645840,"Yahoo Finance",TRUE
2020-12-16,21310.59765625,636.181823730469,0.0930515975767783,0.0764546878057102,NA,NA,NA,NA,NA,NA,44409011479,15817248373,"Yahoo Finance",TRUE
2020-12-17,22805.162109375,642.868957519531,0.0677824271107497,0.0104564960468707,NA,NA,NA,NA,NA,NA,71378606374,25479532147,"Yahoo Finance",TRUE
2020-12-18,23137.9609375,654.811950683594,0.014487680725324,0.0184071913237558,NA,NA,NA,NA,NA,NA,40387896275,15756303983,"Yahoo Finance",TRUE
2020-12-19,23869.83203125,659.297912597656,0.0311408041468404,0.00682740380375613,NA,NA,NA,NA,NA,NA,38487546580,12830893778,"Yahoo Finance",TRUE
2020-12-20,23477.294921875,638.290832519531,-0.0165816229456173,-0.0323814702047658,NA,NA,NA,NA,NA,NA,37844228422,13375855442,"Yahoo Finance",TRUE
2020-12-21,22803.08203125,609.81787109375,-0.0291380769323268,-0.0456336892122682,NA,NA,NA,NA,NA,NA,45852713981,14419493621,"Yahoo Finance",TRUE
2020-12-22,23783.029296875,634.854187011719,0.0420765679457773,0.0402350051628222,NA,NA,NA,NA,NA,NA,44171632681,14745890080,"Yahoo Finance",TRUE
2020-12-23,23241.345703125,583.714599609375,-0.0230394366630087,-0.0839831816944434,NA,NA,NA,NA,NA,NA,51146161904,15261413038,"Yahoo Finance",TRUE
2020-12-24,23735.94921875,611.607177734375,0.021057908650393,0.0466780459039775,NA,NA,NA,NA,NA,NA,41080759713,14317413703,"Yahoo Finance",TRUE
2020-12-25,24664.791015625,626.410705566406,0.0383860181705789,0.0239160251730368,NA,NA,NA,NA,NA,NA,42068395846,13520927700,"Yahoo Finance",TRUE
2020-12-26,26437.037109375,635.835815429688,0.0693891860501825,0.014934143019282,NA,NA,NA,NA,NA,NA,48332647295,14761125202,"Yahoo Finance",TRUE
2020-12-27,26272.294921875,682.642333984375,-0.00625098887012498,0.0710306751053791,NA,NA,NA,NA,NA,NA,66479895605,26093552821,"Yahoo Finance",TRUE
2020-12-28,27084.80859375,730.397338867188,0.0304580432942423,0.0676176326046205,NA,NA,NA,NA,NA,NA,49056742893,24222565862,"Yahoo Finance",TRUE
2020-12-29,27362.4375,731.520141601562,0.0101981764862753,0.00153606885497659,NA,NA,NA,NA,NA,NA,45265946774,18710683199,"Yahoo Finance",TRUE
2020-12-30,28840.953125,751.618957519531,0.0526251818893506,0.0271047353670459,NA,NA,NA,NA,NA,NA,51287442704,17294574210,"Yahoo Finance",TRUE
2020-12-31,29001.720703125,737.803405761719,0.00555880222905358,-0.0185520888489332,NA,NA,NA,NA,NA,NA,46754964848,13926846861,"Yahoo Finance",TRUE
2021-01-01,29374.15234375,730.367553710938,0.0127599528482261,-0.0101294955922819,NA,NA,NA,NA,NA,NA,40730301359,13652004358,"Yahoo Finance",TRUE
2021-01-02,32127.267578125,774.534973144531,0.0895900111488075,0.058714908944399,NA,NA,NA,NA,NA,NA,67865420765,19740771179,"Yahoo Finance",TRUE
2021-01-03,32782.0234375,975.507690429688,0.0201751724033929,0.230695229001131,NA,NA,NA,NA,NA,NA,78665235202,45200463368,"Yahoo Finance",TRUE
2021-01-04,31971.9140625,1040.23303222656,-0.0250224673558161,0.0642419928748037,NA,NA,NA,NA,NA,NA,81163475344,56945985763,"Yahoo Finance",TRUE
2021-01-05,33992.4296875,1100.00610351562,0.0612800117132046,0.0558709709374092,NA,NA,NA,NA,NA,NA,67547324782,41535932781,"Yahoo Finance",TRUE
2021-01-06,36824.36328125,1207.11218261719,0.0800218282308798,0.0929151527017416,NA,NA,NA,NA,NA,NA,75289433811,44699914188,"Yahoo Finance",TRUE
2021-01-07,39371.04296875,1225.67810058594,0.0668709242585273,0.0152633612010593,NA,NA,NA,NA,NA,NA,84762141031,40468027280,"Yahoo Finance",TRUE
2021-01-08,40797.609375,1224.19714355469,0.0355928898794495,-0.00120900622607945,NA,NA,NA,NA,NA,NA,88107519480,44334826666,"Yahoo Finance",TRUE
2021-01-09,40254.546875,1281.07727050781,-0.0134005226205147,0.0454161054380409,NA,NA,NA,NA,NA,NA,61984162837,33233105361,"Yahoo Finance",TRUE
2021-01-10,38356.44140625,1262.24670410156,-0.0483004859568652,-0.0148081099304616,NA,NA,NA,NA,NA,NA,79980747690,40616938053,"Yahoo Finance",TRUE
2021-01-11,35566.65625,1090.14538574219,-0.0755139006037258,-0.146582162862407,NA,NA,NA,NA,NA,NA,123320567399,60733630300,"Yahoo Finance",TRUE
2021-01-12,33922.9609375,1043.4345703125,-0.0473164778588302,-0.0437933253363623,NA,NA,NA,NA,NA,NA,74773277909,37494601692,"Yahoo Finance",TRUE
2021-01-13,37316.359375,1130.73937988281,0.0953397207362574,0.0803539938065789,NA,NA,NA,NA,NA,NA,69364315979,30109792795,"Yahoo Finance",TRUE
2021-01-14,39187.328125,1218.45300292969,0.0489216127788517,0.0747102864972549,NA,NA,NA,NA,NA,NA,63615990033,33410915929,"Yahoo Finance",TRUE
2021-01-15,36825.3671875,1171.83459472656,-0.0621664989723083,-0.0390114733133125,NA,NA,NA,NA,NA,NA,67760757881,35972039310,"Yahoo Finance",TRUE
2021-01-16,36178.140625,1233.53759765625,-0.0177318471436188,0.0513155865743684,NA,NA,NA,NA,NA,NA,57706187875,32319240157,"Yahoo Finance",TRUE
2021-01-17,35791.27734375,1230.17224121094,-0.0107508721993383,-0.00273194390454279,NA,NA,NA,NA,NA,NA,52359854336,29258032819,"Yahoo Finance",TRUE
2021-01-18,36630.07421875,1257.27954101562,0.023165388859228,0.021796099241131,NA,NA,NA,NA,NA,NA,49511702429,25817455560,"Yahoo Finance",TRUE
2021-01-19,36069.8046875,1377.2958984375,-0.015413522880193,0.0911717906369978,NA,NA,NA,NA,NA,NA,57244195486,47195935190,"Yahoo Finance",TRUE
2021-01-20,35547.75,1382.27404785156,-0.0145792169753385,0.00360792073478056,NA,NA,NA,NA,NA,NA,66834573161,46784030909,"Yahoo Finance",TRUE
2021-01-21,30825.69921875,1121.57092285156,-0.142528130818359,-0.208999691440534,NA,NA,NA,NA,NA,NA,75643067688,45932464754,"Yahoo Finance",TRUE
2021-01-22,33005.76171875,1236.51220703125,0.0683334114753027,0.0975643679180989,NA,NA,NA,NA,NA,NA,77207272511,43918338506,"Yahoo Finance",TRUE
2021-01-23,32067.642578125,1230.99060058594,-0.0288346413942708,-0.00447546859493908,NA,NA,NA,NA,NA,NA,48354737975,27253895441,"Yahoo Finance",TRUE
2021-01-24,32289.37890625,1391.609375,0.00689084735174461,0.122641689541713,NA,NA,NA,NA,NA,NA,48643830599,36418163554,"Yahoo Finance",TRUE
2021-01-25,32366.392578125,1324.41479492188,0.00238226863679003,-0.0494902034567115,NA,NA,NA,NA,NA,NA,59897054838,43565777745,"Yahoo Finance",TRUE
2021-01-26,32569.849609375,1357.05810546875,0.00626638346068376,0.0243485013332982,NA,NA,NA,NA,NA,NA,60255421470,41572917750,"Yahoo Finance",TRUE
2021-01-27,30432.546875,1253.18713378906,-0.0678743452244088,-0.0796291856420499,NA,NA,NA,NA,NA,NA,62576762015,39394416990,"Yahoo Finance",TRUE
2021-01-28,33466.09765625,1332.4921875,0.0950202595471694,0.0613610006441121,NA,NA,NA,NA,NA,NA,76517157706,34637234789,"Yahoo Finance",TRUE
2021-01-29,34316.38671875,1382.52282714844,0.0250900708478188,0.0368589517765381,NA,NA,NA,NA,NA,NA,117894572511,53611955259,"Yahoo Finance",TRUE
2021-01-30,34269.5234375,1376.11547851562,-0.00136655731290247,-0.00464530644818417,NA,NA,NA,NA,NA,NA,65141828798,30616574234,"Yahoo Finance",TRUE
2021-01-31,33114.359375,1314.98620605469,-0.0342894233895716,-0.0454384834471719,NA,NA,NA,NA,NA,NA,52754542671,25198853581,"Yahoo Finance",TRUE
2021-02-01,33537.17578125,1369.04052734375,0.0126875420679955,0.040283973596889,NA,NA,NA,NA,NA,NA,61400400660,29210670920,"Yahoo Finance",TRUE
2021-02-02,35510.2890625,1515.19372558594,0.0571679388794202,0.101433152980987,NA,NA,NA,NA,NA,NA,63088585433,45437142801,"Yahoo Finance",TRUE
2021-02-03,37472.08984375,1660.90954589844,0.0537738978015394,0.09182206907112,NA,NA,NA,NA,NA,NA,61166818159,41874566399,"Yahoo Finance",TRUE
2021-02-04,36926.06640625,1594.7626953125,-0.0146786767038236,-0.0406404267318807,NA,NA,NA,NA,NA,NA,68838074392,44396871836,"Yahoo Finance",TRUE
2021-02-05,38144.30859375,1718.65087890625,0.0324588533084338,0.0748146655156212,NA,NA,NA,NA,NA,NA,58598066402,40108628454,"Yahoo Finance",TRUE
2021-02-06,39266.01171875,1677.84680175781,0.0289827412811317,-0.0240283045562153,NA,NA,NA,NA,NA,NA,71326033653,39873420648,"Yahoo Finance",TRUE
2021-02-07,38903.44140625,1614.22778320312,-0.00927658818340582,-0.0386546162512715,NA,NA,NA,NA,NA,NA,65500641143,39889440151,"Yahoo Finance",TRUE
2021-02-08,46196.46484375,1746.61682128906,0.171820561888124,0.0788239823200074,NA,NA,NA,NA,NA,NA,101467222687,48012285956,"Yahoo Finance",TRUE
2021-02-09,46481.10546875,1768.03503417969,0.00614261938545191,0.0121881079039019,NA,NA,NA,NA,NA,NA,91809846886,44180727529,"Yahoo Finance",TRUE
2021-02-10,44918.18359375,1744.24340820312,-0.0342032034296285,-0.0135478950598547,NA,NA,NA,NA,NA,NA,87301089896,41916084617,"Yahoo Finance",TRUE
2021-02-11,47909.33203125,1783.79797363281,0.0644676160583941,0.0224238995941635,NA,NA,NA,NA,NA,NA,81388911810,36021495262,"Yahoo Finance",TRUE
2021-02-12,47504.8515625,1843.53259277344,-0.00847846465792479,0.0329388341035566,NA,NA,NA,NA,NA,NA,76555041196,37905036865,"Yahoo Finance",TRUE
2021-02-13,47105.515625,1814.10986328125,-0.00844174525182062,-0.0160887044083458,NA,NA,NA,NA,NA,NA,70250456155,35359490535,"Yahoo Finance",TRUE
2021-02-14,48717.2890625,1805.08410644531,0.0336438799062382,-0.00498772689327431,NA,NA,NA,NA,NA,NA,71248675228,31439114900,"Yahoo Finance",TRUE
2021-02-15,47945.05859375,1779.791015625,-0.0159782359288112,-0.0141112366088505,NA,NA,NA,NA,NA,NA,77069903166,38955610883,"Yahoo Finance",TRUE
2021-02-16,49199.87109375,1781.06750488281,0.0258352607407488,0.000716955927981822,NA,NA,NA,NA,NA,NA,77049582886,34269369268,"Yahoo Finance",TRUE
2021-02-17,52149.0078125,1848.45825195312,0.058214152169521,0.0371390079286718,NA,NA,NA,NA,NA,NA,80820545404,35955412703,"Yahoo Finance",TRUE
2021-02-18,51679.796875,1937.44921875,-0.00903822658930409,0.0470203579088011,NA,NA,NA,NA,NA,NA,52054723579,28255902969,"Yahoo Finance",TRUE
2021-02-19,55888.1328125,1960.16479492188,0.0782851354369321,0.0116562765252883,NA,NA,NA,NA,NA,NA,63495496918,26268814253,"Yahoo Finance",TRUE
2021-02-20,56099.51953125,1919.53405761719,0.00377518352037853,-0.0209460704855946,NA,NA,NA,NA,NA,NA,68145460026,34696091102,"Yahoo Finance",TRUE
2021-02-21,57539.9453125,1935.60107421875,0.0253521597105326,0.00833543265243453,NA,NA,NA,NA,NA,NA,51897585191,23626547717,"Yahoo Finance",TRUE
2021-02-22,54207.3203125,1781.99291992188,-0.0596634472552537,-0.0826855549836836,NA,NA,NA,NA,NA,NA,92052420332,42409646036,"Yahoo Finance",TRUE
2021-02-23,48824.42578125,1570.20397949219,-0.10458524450101,-0.126526821768556,NA,NA,NA,NA,NA,NA,106102492824,52029864713,"Yahoo Finance",TRUE
2021-02-24,49705.33203125,1626.57568359375,0.0178814957381217,0.0352714632513695,NA,NA,NA,NA,NA,NA,63695521388,31329000537,"Yahoo Finance",TRUE
2021-02-25,47093.8515625,1475.70373535156,-0.0539697592520518,-0.0973420126911906,NA,NA,NA,NA,NA,NA,54506565949,24481681873,"Yahoo Finance",TRUE
2021-02-26,46339.76171875,1446.03369140625,-0.0161420754568873,-0.0203105615316987,NA,NA,NA,NA,NA,NA,350967941479,31435997881,"Yahoo Finance",TRUE
2021-02-27,46188.453125,1459.97314453125,-0.00327054247999037,0.00959361820155724,NA,NA,NA,NA,NA,NA,45910946382,20742103233,"Yahoo Finance",TRUE
2021-02-28,45137.76953125,1416.04895019531,-0.0230104765667605,-0.0305474773733989,NA,NA,NA,NA,NA,NA,53443887451,27637026080,"Yahoo Finance",TRUE
2021-03-01,49631.2421875,1564.70764160156,0.0949011603271384,0.0998284320416376,NA,NA,NA,NA,NA,NA,53891300112,24032838645,"Yahoo Finance",TRUE
2021-03-02,48378.98828125,1492.60876464844,-0.0255549252084908,-0.0471735582968957,NA,NA,NA,NA,NA,NA,47530897720,22523669722,"Yahoo Finance",TRUE
2021-03-03,50538.2421875,1575.85314941406,0.0436647276939013,0.0542713700226924,NA,NA,NA,NA,NA,NA,53220811975,22674780680,"Yahoo Finance",TRUE
2021-03-04,48561.16796875,1541.91430664062,-0.0399061221991275,-0.0217721070575214,NA,NA,NA,NA,NA,NA,52343816680,22906118718,"Yahoo Finance",TRUE
2021-03-05,48927.3046875,1533.27502441406,0.00751142017653628,-0.00561871418307902,NA,NA,NA,NA,NA,NA,48625928883,21067146937,"Yahoo Finance",TRUE
2021-03-06,48912.3828125,1654.74157714844,-0.000305027039578576,0.0762388633509232,NA,NA,NA,NA,NA,NA,34363564661,22746262366,"Yahoo Finance",TRUE
2021-03-07,51206.69140625,1723.15380859375,0.0458396233606813,0.0405113715640901,NA,NA,NA,NA,NA,NA,43137459378,23809935410,"Yahoo Finance",TRUE
2021-03-08,52246.5234375,1834.72790527344,0.0201031365155036,0.062739968544113,NA,NA,NA,NA,NA,NA,48597428048,27630991158,"Yahoo Finance",TRUE
2021-03-09,54824.1171875,1868.048828125,0.0481568402532346,0.0179982887112846,NA,NA,NA,NA,NA,NA,50912227385,23461244507,"Yahoo Finance",TRUE
2021-03-10,56008.55078125,1799.16625976562,0.0213741797980287,-0.0375711101403864,NA,NA,NA,NA,NA,NA,57295577614,25154173185,"Yahoo Finance",TRUE
2021-03-11,57805.12109375,1826.19494628906,0.0315730003902974,0.0149111692813619,NA,NA,NA,NA,NA,NA,56772343595,24013132909,"Yahoo Finance",TRUE
2021-03-12,57332.08984375,1772.10241699219,-0.00821687285311512,-0.030067889946876,NA,NA,NA,NA,NA,NA,55689944702,22435821312,"Yahoo Finance",TRUE
2021-03-13,61243.0859375,1924.68542480469,0.0659904612617126,0.0825958907877347,NA,NA,NA,NA,NA,NA,60669829814,25014689475,"Yahoo Finance",TRUE
2021-03-14,59302.31640625,1854.56433105469,-0.0322025926592886,-0.0371127321901925,NA,NA,NA,NA,NA,NA,43901225564,19344589211,"Yahoo Finance",TRUE
2021-03-15,55907.19921875,1791.70227050781,-0.0589552084168226,-0.0344836494503697,NA,NA,NA,NA,NA,NA,66419369890,26244738810,"Yahoo Finance",TRUE
2021-03-16,56804.90234375,1806.97180175781,0.0159294715476097,0.00848624942484388,NA,NA,NA,NA,NA,NA,59749798599,23828509590,"Yahoo Finance",TRUE
2021-03-17,58870.89453125,1823.44934082031,0.0357241870803566,0.00907754310777698,NA,NA,NA,NA,NA,NA,60258313191,24512917348,"Yahoo Finance",TRUE
2021-03-18,57858.921875,1782.85510253906,-0.0173391519166124,-0.0225138801159979,NA,NA,NA,NA,NA,NA,55746041000,23263845504,"Yahoo Finance",TRUE
2021-03-19,58346.65234375,1817.62414550781,0.00839431905057886,0.0193141642605932,NA,NA,NA,NA,NA,NA,49063873786,21249297710,"Yahoo Finance",TRUE
2021-03-20,58313.64453125,1812.63464355469,-0.000565879125375091,-0.00274884264997155,NA,NA,NA,NA,NA,NA,50361731222,22677674970,"Yahoo Finance",TRUE
2021-03-21,57523.421875,1788.21704101562,-0.0136439041398457,-0.0135623341096789,NA,NA,NA,NA,NA,NA,51943414539,22977404620,"Yahoo Finance",TRUE
2021-03-22,54529.14453125,1691.333984375,-0.0534568810444327,-0.0557014995401053,NA,NA,NA,NA,NA,NA,56521454974,23599296129,"Yahoo Finance",TRUE
2021-03-23,54738.9453125,1678.65014648438,0.00384011543294349,-0.00752757122376302,NA,NA,NA,NA,NA,NA,56435023914,21998237965,"Yahoo Finance",TRUE
2021-03-24,52774.265625,1593.41345214844,-0.0365517577776586,-0.0521114458669691,NA,NA,NA,NA,NA,NA,70567223787,31228051473,"Yahoo Finance",TRUE
2021-03-25,51704.16015625,1595.35925292969,-0.0204854329155548,0.00122040747504926,NA,NA,NA,NA,NA,NA,67999812841,29650328701,"Yahoo Finance",TRUE
2021-03-26,55137.3125,1702.84204101562,0.064288419319892,0.0651996961901844,NA,NA,NA,NA,NA,NA,56652197978,22548516548,"Yahoo Finance",TRUE
2021-03-27,55973.51171875,1716.49462890625,0.015051908974824,0.00798556080296997,NA,NA,NA,NA,NA,NA,47266542233,18102277710,"Yahoo Finance",TRUE
2021-03-28,55950.74609375,1691.35595703125,-0.000406804132703442,-0.0147536561446771,NA,NA,NA,NA,NA,NA,47686580918,16599472938,"Yahoo Finance",TRUE
2021-03-29,57750.19921875,1819.68493652344,0.0316550293933169,0.0731328256330528,NA,NA,NA,NA,NA,NA,57625587027,22796570548,"Yahoo Finance",TRUE
2021-03-30,58917.69140625,1846.03369140625,0.0200146099199845,0.0143760126439325,NA,NA,NA,NA,NA,NA,54414116432,22512781703,"Yahoo Finance",TRUE
2021-03-31,58918.83203125,1918.36206054688,1.93594475934589e-05,0.0384323415364562,NA,NA,NA,NA,NA,NA,65520826225,30226902621,"Yahoo Finance",TRUE
2021-04-01,59095.80859375,1977.27685546875,0.00299923287868786,0.0302488440742126,NA,NA,NA,NA,NA,NA,61669163792,30914259795,"Yahoo Finance",TRUE
2021-04-02,59384.3125,2143.2255859375,0.00487009084408818,0.0805914048136387,NA,NA,NA,NA,NA,NA,58727860620,34862511022,"Yahoo Finance",TRUE
2021-04-03,57603.890625,2028.42248535156,-0.0304399811679676,-0.0550535872287545,NA,NA,NA,NA,NA,NA,59641344484,32011518871,"Yahoo Finance",TRUE
2021-04-04,58758.5546875,2093.12280273438,0.0198466431323769,0.0313987246698195,NA,NA,NA,NA,NA,NA,50749662970,26006501902,"Yahoo Finance",TRUE
2021-04-05,59057.87890625,2107.88720703125,0.00508120732621364,0.00702900733451184,NA,NA,NA,NA,NA,NA,60706272115,28889391170,"Yahoo Finance",TRUE
2021-04-06,58192.359375,2118.37890625,-0.0147638975496207,0.00496500716725023,NA,NA,NA,NA,NA,NA,66058027988,29222865881,"Yahoo Finance",TRUE
2021-04-07,56048.9375,1971.07727050781,-0.0375288708531656,-0.0720708982040801,NA,NA,NA,NA,NA,NA,75645303584,36116271935,"Yahoo Finance",TRUE
2021-04-08,58323.953125,2088.57373046875,0.0397876757042273,0.0579011762955268,NA,NA,NA,NA,NA,NA,53053855641,25312956529,"Yahoo Finance",TRUE
2021-04-09,58245.00390625,2072.10888671875,-0.00135454983611538,-0.00791453288368871,NA,NA,NA,NA,NA,NA,46655208546,19812472092,"Yahoo Finance",TRUE
2021-04-10,59793.234375,2135.94213867188,0.0262341980966649,0.0303409575726388,NA,NA,NA,NA,NA,NA,58238470525,24986243611,"Yahoo Finance",TRUE
2021-04-11,60204.96484375,2157.65698242188,0.00686230438740409,0.0101150704957798,NA,NA,NA,NA,NA,NA,46280252580,19692836132,"Yahoo Finance",TRUE
2021-04-12,59893.453125,2139.35327148438,-0.00518761899814457,-0.00851932881756134,NA,NA,NA,NA,NA,NA,51828688519,21727936609,"Yahoo Finance",TRUE
2021-04-13,63503.45703125,2299.18774414062,0.0585271434502683,0.0720523320673223,NA,NA,NA,NA,NA,NA,69983454362,29456642939,"Yahoo Finance",TRUE
2021-04-14,63109.6953125,2435.10498046875,-0.00621993814917055,0.057433962894236,NA,NA,NA,NA,NA,NA,77451779687,35592822986,"Yahoo Finance",TRUE
2021-04-15,63314.01171875,2519.1162109375,0.00323225111697667,0.0339182613307214,NA,NA,NA,NA,NA,NA,60954381579,32325606817,"Yahoo Finance",TRUE
2021-04-16,61572.7890625,2431.94653320312,-0.0278866218745684,-0.0352161509051889,NA,NA,NA,NA,NA,NA,84293007468,36196928256,"Yahoo Finance",TRUE
2021-04-17,60683.8203125,2344.89501953125,-0.0145429261014058,-0.0364513460539673,NA,NA,NA,NA,NA,NA,66138759198,32349808978,"Yahoo Finance",TRUE
2021-04-18,56216.18359375,2237.13696289062,-0.0764724310981197,-0.0470437263249712,NA,NA,NA,NA,NA,NA,97468872758,50696368718,"Yahoo Finance",TRUE
2021-04-19,55724.265625,2166.18872070312,-0.00878897911779575,-0.0322276333255331,NA,NA,NA,NA,NA,NA,65344865159,34060654971,"Yahoo Finance",TRUE
2021-04-20,56473.03125,2330.2109375,0.0133475005589663,0.0729895211406753,NA,NA,NA,NA,NA,NA,67849323955,39433483315,"Yahoo Finance",TRUE
2021-04-21,53906.08984375,2364.75170898438,-0.0465197455418274,0.014714236206439,NA,NA,NA,NA,NA,NA,54926612466,38899067643,"Yahoo Finance",TRUE
2021-04-22,51762.2734375,2403.53515625,-0.0405818837468068,0.0162676045489727,NA,NA,NA,NA,NA,NA,74798630778,53575904724,"Yahoo Finance",TRUE
2021-04-23,51093.65234375,2363.58618164062,-0.0130013026852058,-0.0167606011978236,NA,NA,NA,NA,NA,NA,86668667320,55413933925,"Yahoo Finance",TRUE
2021-04-24,50050.8671875,2211.62573242188,-0.02062043718011,-0.0664521635333015,NA,NA,NA,NA,NA,NA,49014494781,31854226936,"Yahoo Finance",TRUE
2021-04-25,49004.25390625,2316.0595703125,-0.0211327232789671,0.046139409965626,NA,NA,NA,NA,NA,NA,46117114240,31814355546,"Yahoo Finance",TRUE
2021-04-26,54021.75390625,2534.48168945312,0.0974797068019555,0.0901218737980942,NA,NA,NA,NA,NA,NA,58284039825,35208325408,"Yahoo Finance",TRUE
2021-04-27,55033.1171875,2662.865234375,0.0185483191486533,0.049413544473853,NA,NA,NA,NA,NA,NA,49448222757,32275969215,"Yahoo Finance",TRUE
2021-04-28,54824.703125,2746.38012695312,-0.00379425537373557,0.0308810282423826,NA,NA,NA,NA,NA,NA,48000572955,34269031076,"Yahoo Finance",TRUE
2021-04-29,53555.109375,2756.876953125,-0.0234296738251345,0.00381477323291168,NA,NA,NA,NA,NA,NA,46088929780,32578127990,"Yahoo Finance",TRUE
2021-04-30,57750.17578125,2773.20703125,0.0754151877209619,0.00590592317842109,NA,NA,NA,NA,NA,NA,52395931985,29777179889,"Yahoo Finance",TRUE
2021-05-01,57828.05078125,2945.89282226562,0.00134757236031291,0.0604075131020396,NA,NA,NA,NA,NA,NA,42836427360,28726205272,"Yahoo Finance",TRUE
2021-05-02,56631.078125,2952.05615234375,-0.0209160475902248,0.00208999174056768,NA,NA,NA,NA,NA,NA,38177405335,28032013047,"Yahoo Finance",TRUE
2021-05-03,57200.29296875,3431.08618164062,0.0100011022054023,0.150374953726436,NA,NA,NA,NA,NA,NA,51713139031,49174290212,"Yahoo Finance",TRUE
2021-05-04,53333.5390625,3253.62939453125,-0.0699936362237761,-0.0531057720465977,NA,NA,NA,NA,NA,NA,68564706967,62402045158,"Yahoo Finance",TRUE
2021-05-05,57424.0078125,3522.783203125,0.0738970864744761,0.0794802498572604,NA,NA,NA,NA,NA,NA,69241316747,48334198383,"Yahoo Finance",TRUE
2021-05-06,56396.515625,3490.88037109375,-0.018055093557642,-0.00909740016004434,NA,NA,NA,NA,NA,NA,69523285106,44300394788,"Yahoo Finance",TRUE
2021-05-07,57356.40234375,3484.72900390625,0.0168770967814353,-0.00176367925763188,NA,NA,NA,NA,NA,NA,68434023376,39607240515,"Yahoo Finance",TRUE
2021-05-08,58803.77734375,3902.64770507812,0.0249216197027895,0.113264941052684,NA,NA,NA,NA,NA,NA,65382980634,50208491286,"Yahoo Finance",TRUE
2021-05-09,58232.31640625,3928.8447265625,-0.00976562803402814,0.00669019843283714,NA,NA,NA,NA,NA,NA,65906690347,50568290278,"Yahoo Finance",TRUE
2021-05-10,55859.796875,3952.2939453125,-0.0415955411597153,0.00595073603535035,NA,NA,NA,NA,NA,NA,71776546298,62691789007,"Yahoo Finance",TRUE
2021-05-11,56704.57421875,4168.701171875,0.0150099573442901,0.0533083617253762,NA,NA,NA,NA,NA,NA,61308396325,52679737865,"Yahoo Finance",TRUE
2021-05-12,49150.53515625,3785.8486328125,-0.142967146773037,-0.0963344464997284,NA,NA,NA,NA,NA,NA,75215403907,69023382175,"Yahoo Finance",TRUE
2021-05-13,49716.19140625,3715.1484375,0.0114429281100925,-0.0188514375900137,NA,NA,NA,NA,NA,NA,96721152926,78398214539,"Yahoo Finance",TRUE
2021-05-14,49880.53515625,4079.05737304688,0.00330018675976618,0.0934472920753109,NA,NA,NA,NA,NA,NA,55737497453,48174271215,"Yahoo Finance",TRUE
2021-05-15,46760.1875,3638.1220703125,-0.0645987031952835,-0.114398291935684,NA,NA,NA,NA,NA,NA,59161047474,42422321751,"Yahoo Finance",TRUE
2021-05-16,46456.05859375,3587.50610351562,-0.00652525709023521,-0.014010351356843,NA,NA,NA,NA,NA,NA,64047871555,47359478734,"Yahoo Finance",TRUE
2021-05-17,43537.51171875,3282.39770507812,-0.0648839844864657,-0.088883119426816,NA,NA,NA,NA,NA,NA,74903638450,54061732774,"Yahoo Finance",TRUE
2021-05-18,42909.40234375,3380.07006835938,-0.0145319340846282,0.029322276578025,NA,NA,NA,NA,NA,NA,56187365084,40416525218,"Yahoo Finance",TRUE
2021-05-19,37002.44140625,2460.67919921875,-0.148107076351886,-0.317459030484062,NA,NA,NA,NA,NA,NA,126358098747,84482912776,"Yahoo Finance",TRUE
2021-05-20,40782.73828125,2784.29418945312,0.0972750161239606,0.123556999308465,NA,NA,NA,NA,NA,NA,88281943359,67610826680,"Yahoo Finance",TRUE
2021-05-21,37304.69140625,2430.62133789062,-0.0891398168367932,-0.135847489114942,NA,NA,NA,NA,NA,NA,82051616861,53774070802,"Yahoo Finance",TRUE
2021-05-22,37536.6328125,2295.70556640625,0.00619823743724446,-0.0571066866671259,NA,NA,NA,NA,NA,NA,57377273240,42089937660,"Yahoo Finance",TRUE
2021-05-23,34770.58203125,2109.57983398438,-0.0765456457983333,-0.0845514357605222,NA,NA,NA,NA,NA,NA,78469274361,56005721977,"Yahoo Finance",TRUE
2021-05-24,38705.98046875,2643.59106445312,0.107222436826643,0.225649447695075,NA,NA,NA,NA,NA,NA,67359584098,53697121740,"Yahoo Finance",TRUE
2021-05-25,38402.22265625,2706.62890625,-0.00787878258102381,0.0235656699745199,NA,NA,NA,NA,NA,NA,56211915803,49558333256,"Yahoo Finance",TRUE
2021-05-26,39294.19921875,2888.69873046875,0.0229615658127678,0.0651022199349489,NA,NA,NA,NA,NA,NA,51346735160,42499766020,"Yahoo Finance",TRUE
2021-05-27,38436.96875,2736.48852539062,-0.0220571810715349,-0.0541305960270888,NA,NA,NA,NA,NA,NA,43210968721,33373635283,"Yahoo Finance",TRUE
2021-05-28,35697.60546875,2419.90625,-0.0739361115014425,-0.122946738674392,NA,NA,NA,NA,NA,NA,55200191952,39999114805,"Yahoo Finance",TRUE
2021-05-29,34616.06640625,2279.51416015625,-0.0307656915421521,-0.0597664671395908,NA,NA,NA,NA,NA,NA,45231013335,33773720220,"Yahoo Finance",TRUE
2021-05-30,35678.12890625,2390.30541992188,0.0302199440789863,0.047458815931984,NA,NA,NA,NA,NA,NA,31646080921,25876619428,"Yahoo Finance",TRUE
2021-05-31,37332.85546875,2714.9453125,0.0453359172324657,0.127350661916267,NA,NA,NA,NA,NA,NA,39009847639,31007383150,"Yahoo Finance",TRUE
2021-06-01,36684.92578125,2633.51831054688,-0.0175078535731181,-0.0304510976081254,NA,NA,NA,NA,NA,NA,34639423297,27363223090,"Yahoo Finance",TRUE
2021-06-02,37575.1796875,2706.125,0.0239777887023145,0.0271970094761498,NA,NA,NA,NA,NA,NA,33070867190,27723267359,"Yahoo Finance",TRUE
2021-06-03,39208.765625,2855.12646484375,0.0425566169513694,0.0535984157187315,NA,NA,NA,NA,NA,NA,35460750427,30038207402,"Yahoo Finance",TRUE
2021-06-04,36894.40625,2688.19506835938,-0.0608403872671257,-0.0602461479421939,NA,NA,NA,NA,NA,NA,41831090187,34173841611,"Yahoo Finance",TRUE
2021-06-05,35551.95703125,2630.57690429688,-0.0370647425747759,-0.0216668127212065,NA,NA,NA,NA,NA,NA,35959473399,30496672724,"Yahoo Finance",TRUE
2021-06-06,35862.37890625,2715.0927734375,0.00869359985018825,0.0316229461165172,NA,NA,NA,NA,NA,NA,28913440585,25311639414,"Yahoo Finance",TRUE
2021-06-07,33560.70703125,2590.26318359375,-0.0663328556353431,-0.0470666376611808,NA,NA,NA,NA,NA,NA,33683936663,30600111277,"Yahoo Finance",TRUE
2021-06-08,33472.6328125,2517.43872070312,-0.00262777506345735,-0.0285174818512433,NA,NA,NA,NA,NA,NA,49902050442,41909736778,"Yahoo Finance",TRUE
2021-06-09,37345.12109375,2608.26708984375,0.109474102382139,0.0354440465857042,NA,NA,NA,NA,NA,NA,53972919008,36075832186,"Yahoo Finance",TRUE
2021-06-10,36702.59765625,2471.5185546875,-0.0173547429931293,-0.053853289373845,NA,NA,NA,NA,NA,NA,43576032854,28753626390,"Yahoo Finance",TRUE
2021-06-11,37334.3984375,2353.76879882812,0.0170675784159862,-0.0488149734829042,NA,NA,NA,NA,NA,NA,38699736985,24832564195,"Yahoo Finance",TRUE
2021-06-12,35552.515625,2372.484375,-0.0489041950404054,0.00791987788654858,NA,NA,NA,NA,NA,NA,37924228550,25724364410,"Yahoo Finance",TRUE
2021-06-13,39097.859375,2508.3916015625,0.0950568012946569,0.0557040859554396,NA,NA,NA,NA,NA,NA,40669112838,27092945370,"Yahoo Finance",TRUE
2021-06-14,40218.4765625,2537.89111328125,0.0282587879663208,0.0116917142475703,NA,NA,NA,NA,NA,NA,43148914673,26964576331,"Yahoo Finance",TRUE
2021-06-15,40406.26953125,2610.93676757812,0.00465845332752757,0.0283756059175957,NA,NA,NA,NA,NA,NA,46420149185,29005279219,"Yahoo Finance",TRUE
2021-06-16,38347.0625,2367.66357421875,-0.0523070315961434,-0.0978054364905345,NA,NA,NA,NA,NA,NA,39211635100,24101926180,"Yahoo Finance",TRUE
2021-06-17,38053.50390625,2372.001953125,-0.00768476078766867,0.00183066931319953,NA,NA,NA,NA,NA,NA,37096670047,21871633186,"Yahoo Finance",TRUE
2021-06-18,35787.24609375,2231.73315429688,-0.0614015913917374,-0.0609558216982933,NA,NA,NA,NA,NA,NA,36200887275,22752818388,"Yahoo Finance",TRUE
2021-06-19,35615.87109375,2178.4990234375,-0.0048002198172945,-0.0241423645429979,NA,NA,NA,NA,NA,NA,31207279719,18765854896,"Yahoo Finance",TRUE
2021-06-20,35698.296875,2246.36450195312,0.00231162531379248,0.0306770142289032,NA,NA,NA,NA,NA,NA,36664034054,22535930423,"Yahoo Finance",TRUE
2021-06-21,31676.693359375,1888.44750976562,-0.119521795848678,-0.173558064417215,NA,NA,NA,NA,NA,NA,52809038594,33745173825,"Yahoo Finance",TRUE
2021-06-22,32505.66015625,1874.95007324219,0.0258330476093924,-0.00717303665036706,NA,NA,NA,NA,NA,NA,58964353058,35547251725,"Yahoo Finance",TRUE
2021-06-23,33723.02734375,1989.736328125,0.0367666751556133,0.0594201000643739,NA,NA,NA,NA,NA,NA,46317108925,28408659206,"Yahoo Finance",TRUE
2021-06-24,34662.4375,1988.45629882812,0.0274756998576446,-0.000643523057368256,NA,NA,NA,NA,NA,NA,33123368116,20272845769,"Yahoo Finance",TRUE
2021-06-25,31637.779296875,1813.21728515625,-0.0913046539742641,-0.0922558354753358,NA,NA,NA,NA,NA,NA,40230904226,22774334998,"Yahoo Finance",TRUE
2021-06-26,32186.27734375,1829.2392578125,0.017188238400923,0.00879740131484574,NA,NA,NA,NA,NA,NA,38585385521,20637542361,"Yahoo Finance",TRUE
2021-06-27,34649.64453125,1978.89465332031,0.0737472744793095,0.0786382586145677,NA,NA,NA,NA,NA,NA,35511640894,19885474742,"Yahoo Finance",TRUE
2021-06-28,34434.3359375,2079.65747070312,-0.00623326245575484,0.0496647696810468,NA,NA,NA,NA,NA,NA,33892523752,25514602841,"Yahoo Finance",TRUE
2021-06-29,35867.77734375,2160.76831054688,0.0407851211241397,0.0382606551715057,NA,NA,NA,NA,NA,NA,37901460044,24815124419,"Yahoo Finance",TRUE
2021-06-30,35040.8359375,2274.54760742188,-0.0233252029658519,0.0513173209710427,NA,NA,NA,NA,NA,NA,34059036099,25828056268,"Yahoo Finance",TRUE
2021-07-01,33572.1171875,2113.60546875,-0.0428182456008752,-0.0733859365556828,NA,NA,NA,NA,NA,NA,37838957079,29061701793,"Yahoo Finance",TRUE
2021-07-02,33897.046875,2150.04028320312,0.00963202091343973,0.0170913361449125,NA,NA,NA,NA,NA,NA,38728974942,31796212554,"Yahoo Finance",TRUE
2021-07-03,34668.546875,2226.1142578125,0.0225049480213446,0.0347710019552219,NA,NA,NA,NA,NA,NA,24383958643,17433361641,"Yahoo Finance",TRUE
2021-07-04,35287.78125,2321.72412109375,0.017703918010918,0.0420524850258381,NA,NA,NA,NA,NA,NA,24924307911,18787107473,"Yahoo Finance",TRUE
2021-07-05,33746.00390625,2198.58251953125,-0.0446747562616672,-0.0544972219148026,NA,NA,NA,NA,NA,NA,26721554282,20103794829,"Yahoo Finance",TRUE
2021-07-06,34235.1953125,2324.67944335938,0.0143922100794622,0.0557693123060732,NA,NA,NA,NA,NA,NA,26501259870,20891861314,"Yahoo Finance",TRUE
2021-07-07,33855.328125,2315.16186523438,-0.011157826650301,-0.00410255042839491,NA,NA,NA,NA,NA,NA,24796027477,22398345285,"Yahoo Finance",TRUE
2021-07-08,32877.37109375,2120.0263671875,-0.0293117785379646,-0.0880510793223577,NA,NA,NA,NA,NA,NA,29910396946,23188123689,"Yahoo Finance",TRUE
2021-07-09,33798.01171875,2146.6923828125,0.0276173634478738,0.012499704988266,NA,NA,NA,NA,NA,NA,27436021028,23029574602,"Yahoo Finance",TRUE
2021-07-10,33520.51953125,2111.40356445312,-0.00824420123359459,-0.0165753081812579,NA,NA,NA,NA,NA,NA,22971873468,17581542471,"Yahoo Finance",TRUE
2021-07-11,34240.1875,2139.66479492188,0.0212422526738756,0.0132962561116097,NA,NA,NA,NA,NA,NA,20108729370,14705386138,"Yahoo Finance",TRUE
2021-07-12,33155.84765625,2036.72106933594,-0.0321809263478308,-0.049307983097572,NA,NA,NA,NA,NA,NA,24321499537,17768129077,"Yahoo Finance",TRUE
2021-07-13,32702.025390625,1940.083984375,-0.0137820864258007,-0.0486099327270582,NA,NA,NA,NA,NA,NA,19120856669,16621628658,"Yahoo Finance",TRUE
2021-07-14,32822.34765625,1994.33129882812,0.00367259983643109,0.0275775425430949,NA,NA,NA,NA,NA,NA,21376531210,17342819679,"Yahoo Finance",TRUE
2021-07-15,31780.73046875,1911.17565917969,-0.0322494683568433,-0.0425902245312724,NA,NA,NA,NA,NA,NA,21300524237,15688092552,"Yahoo Finance",TRUE
2021-07-16,31421.5390625,1880.38293457031,-0.0113665308584867,-0.0162431363636015,NA,NA,NA,NA,NA,NA,23699476918,14884569147,"Yahoo Finance",TRUE
2021-07-17,31533.068359375,1898.8251953125,0.00354316921734643,0.00975993197686709,NA,NA,NA,NA,NA,NA,18895018942,13364282076,"Yahoo Finance",TRUE
2021-07-18,31796.810546875,1895.55212402344,0.00832920311317586,-0.00172522225673877,NA,NA,NA,NA,NA,NA,18787986667,13791868728,"Yahoo Finance",TRUE
2021-07-19,30817.83203125,1817.29663085938,-0.0312725029887115,-0.0421601252446475,NA,NA,NA,NA,NA,NA,20434789545,14157735481,"Yahoo Finance",TRUE
2021-07-20,29807.34765625,1787.5107421875,-0.0333385557342112,-0.0165260239935092,NA,NA,NA,NA,NA,NA,23148267245,17368597636,"Yahoo Finance",TRUE
2021-07-21,32110.693359375,1990.97082519531,0.0744341723569324,0.107798366448961,NA,NA,NA,NA,NA,NA,28203024559,21253359756,"Yahoo Finance",TRUE
2021-07-22,32313.10546875,2025.20275878906,0.0062837888821683,0.0170474517108037,NA,NA,NA,NA,NA,NA,19555230518,17495480331,"Yahoo Finance",TRUE
2021-07-23,33581.55078125,2124.77661132812,0.0385039422719053,0.0479968494264567,NA,NA,NA,NA,NA,NA,22552046192,16200392492,"Yahoo Finance",TRUE
2021-07-24,34292.4453125,2189.21875,0.0209482443566706,0.0298780722538945,NA,NA,NA,NA,NA,NA,21664706865,16057446601,"Yahoo Finance",TRUE
2021-07-25,35350.1875,2191.37377929688,0.0303786197976574,0.00098389861933601,NA,NA,NA,NA,NA,NA,20856685287,14566483636,"Yahoo Finance",TRUE
2021-07-26,37337.53515625,2233.36669921875,0.0546954286916126,0.0189815339231005,NA,NA,NA,NA,NA,NA,51022126212,29614324233,"Yahoo Finance",TRUE
2021-07-27,39406.94140625,2298.33349609375,0.0539428534880368,0.0286741158279629,NA,NA,NA,NA,NA,NA,35097370560,23067480378,"Yahoo Finance",TRUE
2021-07-28,39995.90625,2296.54541015625,0.0148351265164539,-0.000778295169140186,NA,NA,NA,NA,NA,NA,38702404695,18991302378,"Yahoo Finance",TRUE
2021-07-29,40008.421875,2380.95678710938,0.000312873700597294,0.0360964200642204,NA,NA,NA,NA,NA,NA,27167146027,16313373113,"Yahoo Finance",TRUE
2021-07-30,42235.546875,2466.96142578125,0.0541722306526182,0.0354847830522207,NA,NA,NA,NA,NA,NA,33072782960,20212848934,"Yahoo Finance",TRUE
2021-07-31,41626.1953125,2536.2099609375,-0.0145325453751504,0.0276836239745126,NA,NA,NA,NA,NA,NA,25802845343,18001710283,"Yahoo Finance",TRUE
2021-08-01,39974.89453125,2561.85205078125,-0.040478043755714,0.0100596289431047,NA,NA,NA,NA,NA,NA,26688438115,22697987055,"Yahoo Finance",TRUE
2021-08-02,39201.9453125,2610.1533203125,-0.0195252494648095,0.0186785087652401,NA,NA,NA,NA,NA,NA,25595265436,22162754104,"Yahoo Finance",TRUE
2021-08-03,38152.98046875,2502.349609375,-0.027122491205132,-0.0421788287764802,NA,NA,NA,NA,NA,NA,26189830450,22696753413,"Yahoo Finance",TRUE
2021-08-04,39747.50390625,2724.61987304688,0.0409431646384775,0.085098788007584,NA,NA,NA,NA,NA,NA,25372562724,25038698173,"Yahoo Finance",TRUE
2021-08-05,40869.5546875,2827.32885742188,0.0278383573712464,0.0370034770420329,NA,NA,NA,NA,NA,NA,35185031017,31057928075,"Yahoo Finance",TRUE
2021-08-06,42816.5,2890.94165039062,0.0465381406264154,0.0222498803409117,NA,NA,NA,NA,NA,NA,38226483046,26528577879,"Yahoo Finance",TRUE
2021-08-07,44555.80078125,3157.23876953125,0.0398188114587761,0.0881155588584077,NA,NA,NA,NA,NA,NA,40030862141,33081467129,"Yahoo Finance",TRUE
2021-08-08,43798.1171875,3013.73266601562,-0.0171515239020898,-0.0465184396329192,NA,NA,NA,NA,NA,NA,36302664750,28433638008,"Yahoo Finance",TRUE
2021-08-09,46365.40234375,3167.85620117188,0.0569627120900691,0.0498756830141804,NA,NA,NA,NA,NA,NA,38734079049,31983260936,"Yahoo Finance",TRUE
2021-08-10,45585.03125,3141.69116210938,-0.016974141392609,-0.00829384028428315,NA,NA,NA,NA,NA,NA,33546019517,27605221710,"Yahoo Finance",TRUE
2021-08-11,45593.63671875,3164.2451171875,0.000188760572342517,0.00715327597733761,NA,NA,NA,NA,NA,NA,34319709073,26729035052,"Yahoo Finance",TRUE
2021-08-12,44428.2890625,3043.41430664062,-0.0258917535442009,-0.0389345052037431,NA,NA,NA,NA,NA,NA,33723620826,25403699845,"Yahoo Finance",TRUE
2021-08-13,47793.3203125,3322.21166992188,0.0730094797189178,0.0876507144106249,NA,NA,NA,NA,NA,NA,31744259539,23868866254,"Yahoo Finance",TRUE
2021-08-14,47096.9453125,3265.443359375,-0.0146777437579733,-0.0172351817290721,NA,NA,NA,NA,NA,NA,31211354442,19860862133,"Yahoo Finance",TRUE
2021-08-15,47047.00390625,3310.50415039062,-0.00106095848642518,0.0137049440384374,NA,NA,NA,NA,NA,NA,30988958446,22166205051,"Yahoo Finance",TRUE
2021-08-16,46004.484375,3156.50952148438,-0.0224083069211662,-0.0476336537970585,NA,NA,NA,NA,NA,NA,32776876610,23080039949,"Yahoo Finance",TRUE
2021-08-17,44695.359375,3014.84594726562,-0.0288691990345864,-0.0459181018505408,NA,NA,NA,NA,NA,NA,33451362600,25509056745,"Yahoo Finance",TRUE
2021-08-18,44801.1875,3020.08984375,0.00236496665001162,0.00173784709091507,NA,NA,NA,NA,NA,NA,32194123075,21539248425,"Yahoo Finance",TRUE
2021-08-19,46717.578125,3182.7021484375,0.0418858533323494,0.0524439876567424,NA,NA,NA,NA,NA,NA,37204312299,19546290360,"Yahoo Finance",TRUE
2021-08-20,49339.17578125,3286.93530273438,0.0545979069838527,0.0322250435310778,NA,NA,NA,NA,NA,NA,34706867452,20885619828,"Yahoo Finance",TRUE
2021-08-21,48905.4921875,3226.083984375,-0.00882870123546731,-0.0186865987597979,NA,NA,NA,NA,NA,NA,40585205312,18113977628,"Yahoo Finance",TRUE
2021-08-22,49321.65234375,3242.11547851562,0.00847347539726506,0.00495702925054431,NA,NA,NA,NA,NA,NA,25370975378,15983278460,"Yahoo Finance",TRUE
2021-08-23,49546.1484375,3319.25732421875,0.00454134668328088,0.0235150181709738,NA,NA,NA,NA,NA,NA,34305053719,20511110509,"Yahoo Finance",TRUE
2021-08-24,47706.1171875,3172.45629882812,-0.0378448943309504,-0.0452349148634461,NA,NA,NA,NA,NA,NA,35361168834,20131028906,"Yahoo Finance",TRUE
2021-08-25,48960.7890625,3224.91528320312,0.0259601219504297,0.0164005356120249,NA,NA,NA,NA,NA,NA,32646349931,18902728235,"Yahoo Finance",TRUE
2021-08-26,46942.21875,3100.32543945312,-0.0421022974523755,-0.0393995946786934,NA,NA,NA,NA,NA,NA,32666549568,17405668117,"Yahoo Finance",TRUE
2021-08-27,49058.66796875,3270.60083007812,0.0440994303022677,0.0534666216662867,NA,NA,NA,NA,NA,NA,34511076995,18489602004,"Yahoo Finance",TRUE
2021-08-28,48902.40234375,3244.4033203125,-0.00319036443857357,-0.00804225150453597,NA,NA,NA,NA,NA,NA,28568103401,13709633698,"Yahoo Finance",TRUE
2021-08-29,48829.83203125,3227.00268554688,-0.00148508475840714,-0.00537771133044629,NA,NA,NA,NA,NA,NA,25889650240,13296586731,"Yahoo Finance",TRUE
2021-08-30,47054.984375,3224.37426757812,-0.0370246399472762,-0.000814839415919977,NA,NA,NA,NA,NA,NA,31847007016,19306924485,"Yahoo Finance",TRUE
2021-08-31,47166.6875,3433.73266601562,0.00237107185873064,0.0629090044287572,NA,NA,NA,NA,NA,NA,34730363427,27280502987,"Yahoo Finance",TRUE
2021-09-01,48847.02734375,3834.828125,0.0350056537880175,0.110476706050294,NA,NA,NA,NA,NA,NA,39139399125,30070890104,"Yahoo Finance",TRUE
2021-09-02,49327.72265625,3790.98999023438,0.00979272478817172,-0.0114974202159441,NA,NA,NA,NA,NA,NA,39508070319,24387397330,"Yahoo Finance",TRUE
2021-09-03,50025.375,3940.61474609375,0.0140441280061872,0.0387095419379762,NA,NA,NA,NA,NA,NA,43206179619,26207765094,"Yahoo Finance",TRUE
2021-09-04,49944.625,3887.82836914062,-0.00161548499673358,-0.0134859961819771,NA,NA,NA,NA,NA,NA,37471327794,20806963328,"Yahoo Finance",TRUE
2021-09-05,51753.41015625,3952.13354492188,0.035575435016673,0.0164048291616599,NA,NA,NA,NA,NA,NA,30322676319,18371468576,"Yahoo Finance",TRUE
2021-09-06,52633.53515625,3928.37939453125,0.016863140380222,-0.00602859801550437,NA,NA,NA,NA,NA,NA,38884105426,18674691198,"Yahoo Finance",TRUE
2021-09-07,46811.12890625,3426.39428710938,-0.1172324952973,-0.13671849302853,NA,NA,NA,NA,NA,NA,65210059683,39131346397,"Yahoo Finance",TRUE
2021-09-08,46091.390625,3497.31518554688,-0.0154947935729908,0.0204871042857562,NA,NA,NA,NA,NA,NA,49007762488,31738430771,"Yahoo Finance",TRUE
2021-09-09,46391.421875,3427.34008789062,0.00648839053395278,-0.0202111085335126,NA,NA,NA,NA,NA,NA,38672657013,24118055831,"Yahoo Finance",TRUE
2021-09-10,44883.91015625,3211.505859375,-0.0330351866444651,-0.0650445335422027,NA,NA,NA,NA,NA,NA,39154666597,22355974097,"Yahoo Finance",TRUE
2021-09-11,45201.45703125,3270.27807617188,0.00704993941035603,0.0181350776663134,NA,NA,NA,NA,NA,NA,34499835245,18627122934,"Yahoo Finance",TRUE
2021-09-12,46063.26953125,3410.13452148438,0.0188865545282386,0.0418767197547254,NA,NA,NA,NA,NA,NA,27881980161,16810411424,"Yahoo Finance",TRUE
2021-09-13,44963.07421875,3285.51171875,-0.0241742960521183,-0.0372293254748524,NA,NA,NA,NA,NA,NA,40969943253,22721552948,"Yahoo Finance",TRUE
2021-09-14,47092.4921875,3429.16967773438,0.0462720067779099,0.0427957412522009,NA,NA,NA,NA,NA,NA,38652152880,19125420848,"Yahoo Finance",TRUE
2021-09-15,48176.34765625,3615.28271484375,0.0227546013145083,0.0528519031849957,NA,NA,NA,NA,NA,NA,30484496466,17548551804,"Yahoo Finance",TRUE
2021-09-16,47783.359375,3571.294921875,-0.00819073943593907,-0.0122418053576556,NA,NA,NA,NA,NA,NA,31764293754,20093903064,"Yahoo Finance",TRUE
2021-09-17,47267.51953125,3398.53881835938,-0.0108540797092775,-0.0495826732946192,NA,NA,NA,NA,NA,NA,28727713711,17722363229,"Yahoo Finance",TRUE
2021-09-18,48278.36328125,3432.01831054688,0.0211601261540242,0.00980293690936307,NA,NA,NA,NA,NA,NA,28575630451,15995220233,"Yahoo Finance",TRUE
2021-09-19,47260.21875,3329.44799804688,-0.0213145947025648,-0.0303419929531117,NA,NA,NA,NA,NA,NA,26967722648,14257609743,"Yahoo Finance",TRUE
2021-09-20,42843.80078125,2958.99340820312,-0.0981079383699566,-0.117957378194721,NA,NA,NA,NA,NA,NA,43909845642,27371684581,"Yahoo Finance",TRUE
2021-09-21,40693.67578125,2764.43115234375,-0.0514882678633253,-0.0680142634171643,NA,NA,NA,NA,NA,NA,48701090088,30405062665,"Yahoo Finance",TRUE
2021-09-22,43574.5078125,3077.86791992188,0.0683996019967825,0.107402241202027,NA,NA,NA,NA,NA,NA,38139709246,23742102645,"Yahoo Finance",TRUE
2021-09-23,44895.09765625,3155.52368164062,0.0298563090232236,0.0249173434019472,NA,NA,NA,NA,NA,NA,34244064430,18516291047,"Yahoo Finance",TRUE
2021-09-24,42839.75,2931.66918945312,-0.046862195289874,-0.0735825168405748,NA,NA,NA,NA,NA,NA,42839345714,25595422789,"Yahoo Finance",TRUE
2021-09-25,42716.59375,2925.56567382812,-0.00287895273840988,-0.00208409530321507,NA,NA,NA,NA,NA,NA,31604717236,18932786754,"Yahoo Finance",TRUE
2021-09-26,43208.5390625,3062.26538085938,0.0114506820444973,0.0456671078568895,NA,NA,NA,NA,NA,NA,30661222077,21172766310,"Yahoo Finance",TRUE
2021-09-27,42235.73046875,2934.13891601562,-0.02277158282957,-0.0427409370326099,NA,NA,NA,NA,NA,NA,30980029059,19164053681,"Yahoo Finance",TRUE
2021-09-28,41034.54296875,2807.29663085938,-0.028852332947741,-0.0441920583712649,NA,NA,NA,NA,NA,NA,30214940550,16895079070,"Yahoo Finance",TRUE
2021-09-29,41564.36328125,2853.14331054688,0.0128289248145723,0.0161993352963057,NA,NA,NA,NA,NA,NA,30602359905,15763456158,"Yahoo Finance",TRUE
2021-09-30,43790.89453125,3001.67895507812,0.0521827601181641,0.0507504813172925,NA,NA,NA,NA,NA,NA,31141681925,17661065099,"Yahoo Finance",TRUE
2021-10-01,48116.94140625,3307.51611328125,0.0942084189312791,0.0970257049212542,NA,NA,NA,NA,NA,NA,42850641582,22307625573,"Yahoo Finance",TRUE
2021-10-02,47711.48828125,3391.6943359375,-0.00846211392114071,0.025132111907773,NA,NA,NA,NA,NA,NA,30614346492,19202671704,"Yahoo Finance",TRUE
2021-10-03,48199.953125,3418.35864257812,0.0101858351791364,0.00783090615773041,NA,NA,NA,NA,NA,NA,26638115879,15516566862,"Yahoo Finance",TRUE
2021-10-04,49112.90234375,3380.08911132812,0.0187637285934272,-0.0112584333553158,NA,NA,NA,NA,NA,NA,33383173002,17747154101,"Yahoo Finance",TRUE
2021-10-05,51514.8125,3518.5185546875,0.0477476105346852,0.0401379624301601,NA,NA,NA,NA,NA,NA,35873904236,16632591670,"Yahoo Finance",TRUE
2021-10-06,55361.44921875,3580.56201171875,0.0720141013773112,0.0174797387293157,NA,NA,NA,NA,NA,NA,49034730168,21855226591,"Yahoo Finance",TRUE
2021-10-07,53805.984375,3587.97485351562,-0.0284987943333466,0.00206816107065499,NA,NA,NA,NA,NA,NA,36807860413,19090322927,"Yahoo Finance",TRUE
2021-10-08,53967.84765625,3563.75927734375,0.00300376074416775,-0.00677197118118755,NA,NA,NA,NA,NA,NA,34800873924,16222029488,"Yahoo Finance",TRUE
2021-10-09,54968.22265625,3575.716796875,0.0183667929108164,0.00334969417578357,NA,NA,NA,NA,NA,NA,32491211414,12707036942,"Yahoo Finance",TRUE
2021-10-10,54771.578125,3425.85278320312,-0.00358383631687609,-0.0428152301519802,NA,NA,NA,NA,NA,NA,39527792364,16171746693,"Yahoo Finance",TRUE
2021-10-11,57484.7890625,3545.35400390625,0.0483489627075731,0.0342875865381842,NA,NA,NA,NA,NA,NA,42637331698,18579189588,"Yahoo Finance",TRUE
2021-10-12,56041.05859375,3492.5732421875,-0.0254357635060849,-0.0149992318497638,NA,NA,NA,NA,NA,NA,41083758949,18109578443,"Yahoo Finance",TRUE
2021-10-13,57401.09765625,3606.20166015625,0.0239788148164823,0.0320162635148691,NA,NA,NA,NA,NA,NA,41684252783,16211275589,"Yahoo Finance",TRUE
2021-10-14,57321.5234375,3786.01416015625,-0.0013872457018973,0.0486587461948016,NA,NA,NA,NA,NA,NA,36615791366,19443499909,"Yahoo Finance",TRUE
2021-10-15,61593.94921875,3862.634765625,0.0718874583745794,0.0200357394754,NA,NA,NA,NA,NA,NA,51780081801,20966841512,"Yahoo Finance",TRUE
2021-10-16,60892.1796875,3830.38208007812,-0.0114588846325887,-0.00838497436349783,NA,NA,NA,NA,NA,NA,34250964237,16578095629,"Yahoo Finance",TRUE
2021-10-17,61553.6171875,3847.1044921875,0.0108038650675404,0.00435622736599228,NA,NA,NA,NA,NA,NA,29032367511,15908090346,"Yahoo Finance",TRUE
2021-10-18,62026.078125,3748.76025390625,0.00764629234929082,-0.0258955990302852,NA,NA,NA,NA,NA,NA,38055562075,17386204158,"Yahoo Finance",TRUE
2021-10-19,64261.9921875,3877.65087890625,0.0354134436604987,0.033804340335239,NA,NA,NA,NA,NA,NA,40471196346,15998757133,"Yahoo Finance",TRUE
2021-10-20,65992.8359375,4155.9921875,0.0265778345420369,0.0693216667235514,NA,NA,NA,NA,NA,NA,40788955582,20338319988,"Yahoo Finance",TRUE
2021-10-21,62210.171875,4054.32275390625,-0.0590276683907298,-0.0247675348703638,NA,NA,NA,NA,NA,NA,45908121370,28220661820,"Yahoo Finance",TRUE
2021-10-22,60692.265625,3970.18188476562,-0.0247022510827044,-0.0209717501004736,NA,NA,NA,NA,NA,NA,38434082775,19432937968,"Yahoo Finance",TRUE
2021-10-23,61393.6171875,4171.66357421875,0.0114896048885758,0.0495029864653542,NA,NA,NA,NA,NA,NA,26882546034,14781537792,"Yahoo Finance",TRUE
2021-10-24,60930.8359375,4087.90307617188,-0.00756649134488718,-0.0202827516483826,NA,NA,NA,NA,NA,NA,27316183882,14978083638,"Yahoo Finance",TRUE
2021-10-25,63039.82421875,4217.876953125,0.0340272733340043,0.0312997665092727,NA,NA,NA,NA,NA,NA,31064911614,15995727040,"Yahoo Finance",TRUE
2021-10-26,60363.79296875,4131.10205078125,-0.043377186101063,-0.0207876980180544,NA,NA,NA,NA,NA,NA,34878965587,17157714562,"Yahoo Finance",TRUE
2021-10-27,58482.38671875,3930.25732421875,-0.0316638438636829,-0.0498393111221507,NA,NA,NA,NA,NA,NA,43657076893,26219530404,"Yahoo Finance",TRUE
2021-10-28,60622.13671875,4287.31884765625,0.0359344915880246,0.0869566596858409,NA,NA,NA,NA,NA,NA,45257083247,25958154575,"Yahoo Finance",TRUE
2021-10-29,62227.96484375,4414.74658203125,0.0261443755051545,0.0292888727711631,NA,NA,NA,NA,NA,NA,36856881767,22967641914,"Yahoo Finance",TRUE
2021-10-30,61888.83203125,4325.650390625,-0.0054647503804901,-0.0203879246818364,NA,NA,NA,NA,NA,NA,32157938616,14615490626,"Yahoo Finance",TRUE
2021-10-31,61318.95703125,4288.07421875,-0.00925069864935857,-0.00872477631740765,NA,NA,NA,NA,NA,NA,32241199927,17498160238,"Yahoo Finance",TRUE
2021-11-01,61004.40625,4324.626953125,-0.00514295006501975,0.0084881509552126,NA,NA,NA,NA,NA,NA,36150572843,17985288261,"Yahoo Finance",TRUE
2021-11-02,63226.40234375,4584.798828125,0.035775877348474,0.0584203456042633,NA,NA,NA,NA,NA,NA,37746665647,20794448222,"Yahoo Finance",TRUE
2021-11-03,62970.046875,4607.19384765625,-0.004062805617151,0.00487273317822279,NA,NA,NA,NA,NA,NA,36124731509,21220463155,"Yahoo Finance",TRUE
2021-11-04,61452.23046875,4537.32421875,-0.0243990342546088,-0.0152815026624076,NA,NA,NA,NA,NA,NA,32615846901,18415244464,"Yahoo Finance",TRUE
2021-11-05,61125.67578125,4486.2431640625,-0.00532812918796743,-0.0113218194457634,NA,NA,NA,NA,NA,NA,30605102446,15086003586,"Yahoo Finance",TRUE
2021-11-06,61527.48046875,4521.5810546875,0.00655190844094733,0.00784608381626128,NA,NA,NA,NA,NA,NA,29094934221,14429076700,"Yahoo Finance",TRUE
2021-11-07,63326.98828125,4620.5546875,0.0288276815397843,0.0216530365745466,NA,NA,NA,NA,NA,NA,24726754302,13541376033,"Yahoo Finance",TRUE
2021-11-08,67566.828125,4812.08740234375,0.0648055609615579,0.0406162012443687,NA,NA,NA,NA,NA,NA,41125608330,19290896267,"Yahoo Finance",TRUE
2021-11-09,66971.828125,4735.06884765625,-0.00884509918220111,-0.0161346946685121,NA,NA,NA,NA,NA,NA,42357991721,20834172627,"Yahoo Finance",TRUE
2021-11-10,64995.23046875,4636.17431640625,-0.0299581654204442,-0.0211067413161121,NA,NA,NA,NA,NA,NA,48730828378,22748160545,"Yahoo Finance",TRUE
2021-11-11,64949.9609375,4730.38427734375,-0.000696748107282374,0.0201169163952954,NA,NA,NA,NA,NA,NA,35880633236,17933201129,"Yahoo Finance",TRUE
2021-11-12,64155.94140625,4667.115234375,-0.0123004375187143,-0.0134652837916871,NA,NA,NA,NA,NA,NA,36084893887,18316060208,"Yahoo Finance",TRUE
2021-11-13,64469.52734375,4651.46044921875,0.00487596370827603,-0.00335991259073332,NA,NA,NA,NA,NA,NA,30474228777,14457436261,"Yahoo Finance",TRUE
2021-11-14,65466.83984375,4626.35888671875,0.0153510846380698,-0.00541110423451663,NA,NA,NA,NA,NA,NA,25122092191,12172962219,"Yahoo Finance",TRUE
2021-11-15,63557.87109375,4557.50390625,-0.0295929058467159,-0.0149950564803056,NA,NA,NA,NA,NA,NA,30558763548,16275851299,"Yahoo Finance",TRUE
2021-11-16,60161.24609375,4216.365234375,-0.0549224542515834,-0.0778016466427829,NA,NA,NA,NA,NA,NA,46844335592,27417502801,"Yahoo Finance",TRUE
2021-11-17,60368.01171875,4287.59375,0.0034309649222326,0.0167522401110087,NA,NA,NA,NA,NA,NA,39178392930,22183461850,"Yahoo Finance",TRUE
2021-11-18,56942.13671875,4000.65087890625,-0.0584237504033087,-0.0692686105331806,NA,NA,NA,NA,NA,NA,41388338699,21383250893,"Yahoo Finance",TRUE
2021-11-19,58119.578125,4298.306640625,0.0204669730463056,0.07176407302331,NA,NA,NA,NA,NA,NA,38702407772,20626269711,"Yahoo Finance",TRUE
2021-11-20,59697.1953125,4409.93115234375,0.0267824596180404,0.0256379369911102,NA,NA,NA,NA,NA,NA,30624264863,15448261277,"Yahoo Finance",TRUE
2021-11-21,58730.4765625,4269.73291015625,-0.0163262556388535,-0.0323078026539694,NA,NA,NA,NA,NA,NA,26123447605,14094831413,"Yahoo Finance",TRUE
2021-11-22,56289.2890625,4088.45776367188,-0.0424545144774484,-0.0433834509222422,NA,NA,NA,NA,NA,NA,35036121783,19752218877,"Yahoo Finance",TRUE
2021-11-23,57569.07421875,4340.763671875,0.0224812481032117,0.0598824698472242,NA,NA,NA,NA,NA,NA,37485803899,22133497059,"Yahoo Finance",TRUE
2021-11-24,56280.42578125,4239.9814453125,-0.0226387199646378,-0.0234914007657192,NA,NA,NA,NA,NA,NA,36635566789,21838037128,"Yahoo Finance",TRUE
2021-11-25,57274.6796875,4274.7431640625,0.0175118381607806,0.00816512887331378,NA,NA,NA,NA,NA,NA,34284016248,18705358318,"Yahoo Finance",TRUE
2021-11-26,53569.765625,4030.90893554688,-0.0668738010212824,-0.0587321291549916,NA,NA,NA,NA,NA,NA,41810748221,26281795488,"Yahoo Finance",TRUE
2021-11-27,54815.078125,4096.912109375,0.0229804696074218,0.0162416530528482,NA,NA,NA,NA,NA,NA,30560857714,16515693874,"Yahoo Finance",TRUE
2021-11-28,57248.45703125,4294.45361328125,0.0434353862778885,0.0470907868410997,NA,NA,NA,NA,NA,NA,28116886357,15953126340,"Yahoo Finance",TRUE
2021-11-29,57806.56640625,4445.10498046875,0.00970168421822493,0.0344791535992197,NA,NA,NA,NA,NA,NA,32370840356,19086475837,"Yahoo Finance",TRUE
2021-11-30,57005.42578125,4631.47900390625,-0.0139559224210757,0.041072770036644,NA,NA,NA,NA,NA,NA,36708594618,28626354111,"Yahoo Finance",TRUE
2021-12-01,57229.828125,4586.990234375,0.00392878073484226,-0.00965216974274874,NA,NA,NA,NA,NA,NA,36858195307,27634826695,"Yahoo Finance",TRUE
2021-12-02,56477.81640625,4511.30224609375,-0.0132273021087421,-0.0166382284365039,NA,NA,NA,NA,NA,NA,32379968686,21502671027,"Yahoo Finance",TRUE
2021-12-03,53598.24609375,4220.7060546875,-0.0523315856653426,-0.0665834326074002,NA,NA,NA,NA,NA,NA,39789134215,25879591528,"Yahoo Finance",TRUE
2021-12-04,49200.703125,4119.58740234375,-0.0856084308551637,-0.0242494123058421,NA,NA,NA,NA,NA,NA,61385677469,38478999182,"Yahoo Finance",TRUE
2021-12-05,49368.84765625,4198.32275390625,0.00341169647244755,0.0189320879377259,NA,NA,NA,NA,NA,NA,37198201161,25533062707,"Yahoo Finance",TRUE
2021-12-06,50582.625,4358.7373046875,0.0242885268514286,0.0374973051774123,NA,NA,NA,NA,NA,NA,37707308001,28229518513,"Yahoo Finance",TRUE
2021-12-07,50700.0859375,4315.0615234375,0.00231946773686609,-0.0100708239269611,NA,NA,NA,NA,NA,NA,33676814852,22366213354,"Yahoo Finance",TRUE
2021-12-08,50504.796875,4439.35791015625,-0.00385928622138643,0.0283981686841628,NA,NA,NA,NA,NA,NA,28479699446,18704315119,"Yahoo Finance",TRUE
2021-12-09,47672.12109375,4119.81591796875,-0.0577215558084756,-0.0747012688981492,NA,NA,NA,NA,NA,NA,29603577251,22296131874,"Yahoo Finance",TRUE
2021-12-10,47243.3046875,3908.49609375,-0.0090358194216158,-0.0526558130051615,NA,NA,NA,NA,NA,NA,30966005122,28014595631,"Yahoo Finance",TRUE
2021-12-11,49362.5078125,4084.45239257812,0.0438802407167245,0.0440349968481648,NA,NA,NA,NA,NA,NA,25775869261,19131502454,"Yahoo Finance",TRUE
2021-12-12,50098.3359375,4134.453125,0.0147966078381643,0.0121673984885344,NA,NA,NA,NA,NA,NA,21939223599,14057603914,"Yahoo Finance",TRUE
2021-12-13,46737.48046875,3784.22680664062,-0.0694413703081747,-0.0885134768667388,NA,NA,NA,NA,NA,NA,32166727776,23999841386,"Yahoo Finance",TRUE
2021-12-14,46612.6328125,3745.4404296875,-0.00267482762042626,-0.0103023729461231,NA,NA,NA,NA,NA,NA,34638619079,23836759957,"Yahoo Finance",TRUE
2021-12-15,48896.72265625,4018.388671875,0.0478387780999814,0.0703417796089134,NA,NA,NA,NA,NA,NA,36541828520,26411188833,"Yahoo Finance",TRUE
2021-12-16,47665.42578125,3962.4697265625,-0.0255040641984596,-0.0140134951961794,NA,NA,NA,NA,NA,NA,27268150947,19825531254,"Yahoo Finance",TRUE
2021-12-17,46202.14453125,3879.48657226562,-0.0311800932560402,-0.0211646810464234,NA,NA,NA,NA,NA,NA,32902725329,23143541098,"Yahoo Finance",TRUE
2021-12-18,46848.77734375,3960.86010742188,0.0138986956563087,0.0207583823824784,NA,NA,NA,NA,NA,NA,26098292690,19530895889,"Yahoo Finance",TRUE
2021-12-19,46707.015625,3922.59252929688,-0.00303053018413557,-0.0097084058109882,NA,NA,NA,NA,NA,NA,25154053861,16167785597,"Yahoo Finance",TRUE
2021-12-20,46880.27734375,3933.84448242188,0.00370268037899102,0.00286439280337802,NA,NA,NA,NA,NA,NA,30961902129,21589690675,"Yahoo Finance",TRUE
2021-12-21,48936.61328125,4020.26000976562,0.0429287928874675,0.0217293920670727,NA,NA,NA,NA,NA,NA,27055803928,16388555198,"Yahoo Finance",TRUE
2021-12-22,48628.51171875,3982.099609375,-0.00631583440648953,-0.00953735934551858,NA,NA,NA,NA,NA,NA,24447979559,13921756199,"Yahoo Finance",TRUE
2021-12-23,50784.5390625,4108.015625,0.0433819393295867,0.0311308753731332,NA,NA,NA,NA,NA,NA,28223878108,18007273742,"Yahoo Finance",TRUE
2021-12-24,50822.1953125,4047.98291015625,0.000741215667556361,-0.0147213854362125,NA,NA,NA,NA,NA,NA,24367912228,12769090623,"Yahoo Finance",TRUE
2021-12-25,50429.859375,4093.28100585938,-0.00774972719899303,0.0111281402074255,NA,NA,NA,NA,NA,NA,19030650914,10894785525,"Yahoo Finance",TRUE
2021-12-26,50809.515625,4067.328125,0.00750020492983516,-0.00636054685138454,NA,NA,NA,NA,NA,NA,20964372926,11197244172,"Yahoo Finance",TRUE
2021-12-27,50640.41796875,4037.54760742188,-0.00333362096669276,-0.00734882374177026,NA,NA,NA,NA,NA,NA,24324345758,11424360002,"Yahoo Finance",TRUE
2021-12-28,47588.85546875,3800.89306640625,-0.0621514265119778,-0.0604014231957901,NA,NA,NA,NA,NA,NA,33430376883,17299472803,"Yahoo Finance",TRUE
2021-12-29,46444.7109375,3628.53173828125,-0.0243360119563416,-0.0464079699549806,NA,NA,NA,NA,NA,NA,30049226299,15722555672,"Yahoo Finance",TRUE
2021-12-30,47178.125,3713.85205078125,0.0156677387131339,0.0232415399504067,NA,NA,NA,NA,NA,NA,26686491018,12925377999,"Yahoo Finance",TRUE
2021-12-31,46306.4453125,3682.6328125,-0.0186491727568665,-0.00844169203451983,NA,NA,NA,NA,NA,NA,36974172400,14157285268,"Yahoo Finance",TRUE
2022-01-01,47686.8125,3769.69702148438,0.0293737331477697,0.023366698020121,NA,NA,NA,NA,NA,NA,24582667004,9776191466,"Yahoo Finance",TRUE
2022-01-02,47345.21875,3829.56494140625,-0.00718905440002082,0.0157565718419157,NA,NA,NA,NA,NA,NA,27951569547,9881471548,"Yahoo Finance",TRUE
2022-01-03,46458.1171875,3761.38037109375,-0.0189146366957633,-0.0179651944168331,NA,NA,NA,NA,NA,NA,33071628362,12080777893,"Yahoo Finance",TRUE
2022-01-04,45897.57421875,3794.056640625,-0.0121389346638612,0.00864979039962499,NA,NA,NA,NA,NA,NA,42494677905,14030925983,"Yahoo Finance",TRUE
2022-01-05,43569.00390625,3550.38696289062,-0.0520662884548138,-0.0663791992230998,NA,NA,NA,NA,NA,NA,36851084859,18061338502,"Yahoo Finance",TRUE
2022-01-06,43160.9296875,3418.408203125,-0.00941029730358878,-0.037881596135998,NA,NA,NA,NA,NA,NA,30208048289,24293791313,"Yahoo Finance",TRUE
2022-01-07,41557.90234375,3193.21044921875,-0.0378479886503751,-0.0681481839233022,NA,NA,NA,NA,NA,NA,84196607520,24494179209,"Yahoo Finance",TRUE
2022-01-08,41733.94140625,3091.97265625,0.00422704833259679,-0.0322175338188071,NA,NA,NA,NA,NA,NA,28066355845,16037732700,"Yahoo Finance",TRUE
2022-01-09,41911.6015625,3157.75146484375,0.00424793520611288,0.0210509252603739,NA,NA,NA,NA,NA,NA,21294384372,12334683863,"Yahoo Finance",TRUE
2022-01-10,41821.26171875,3083.09790039062,-0.00215781176620133,-0.0239253092494494,NA,NA,NA,NA,NA,NA,32104232331,19535744145,"Yahoo Finance",TRUE
2022-01-11,42735.85546875,3238.11157226562,0.0216334106374383,0.0490554085052697,NA,NA,NA,NA,NA,NA,26327648900,15211447193,"Yahoo Finance",TRUE
2022-01-12,43949.1015625,3372.25830078125,0.0279939072519131,0.0405923270449176,NA,NA,NA,NA,NA,NA,33499938689,16662871689,"Yahoo Finance",TRUE
2022-01-13,42591.5703125,3248.28857421875,-0.0313758279520702,-0.0374543737660087,NA,NA,NA,NA,NA,NA,47691135082,15294466275,"Yahoo Finance",TRUE
2022-01-14,43099.69921875,3310.00146484375,0.0118596646958213,0.018820366844837,NA,NA,NA,NA,NA,NA,23577403399,13562957230,"Yahoo Finance",TRUE
2022-01-15,43177.3984375,3330.53076171875,0.00180115562221062,0.00618304725512253,NA,NA,NA,NA,NA,NA,18371348298,9619999078,"Yahoo Finance",TRUE
2022-01-16,43113.87890625,3350.921875,-0.00147221236440132,0.00610381535228299,NA,NA,NA,NA,NA,NA,17902097845,9505934874,"Yahoo Finance",TRUE
2022-01-17,42250.55078125,3212.30493164062,-0.0202275716990492,-0.0422467678378453,NA,NA,NA,NA,NA,NA,21690904261,12344309617,"Yahoo Finance",TRUE
2022-01-18,42375.6328125,3164.02514648438,0.00295610925661194,-0.0151437291477361,NA,NA,NA,NA,NA,NA,22417209227,13024154091,"Yahoo Finance",TRUE
2022-01-19,41744.328125,3095.82592773438,-0.0150099104428705,-0.0217902683068747,NA,NA,NA,NA,NA,NA,23091543258,13187424144,"Yahoo Finance",TRUE
2022-01-20,40680.41796875,3001.1201171875,-0.0258167430956036,-0.0310691378769903,NA,NA,NA,NA,NA,NA,20382033940,10645922764,"Yahoo Finance",TRUE
2022-01-21,36457.31640625,2557.931640625,-0.109604682915441,-0.159786612337045,NA,NA,NA,NA,NA,NA,43011992031,26796291874,"Yahoo Finance",TRUE
2022-01-22,35030.25,2405.18115234375,-0.0399301888396462,-0.0615737550998414,NA,NA,NA,NA,NA,NA,39714385405,27369692036,"Yahoo Finance",TRUE
2022-01-23,36276.8046875,2535.0390625,0.0349665737811815,0.0525838222537143,NA,NA,NA,NA,NA,NA,26017975951,16481489511,"Yahoo Finance",TRUE
2022-01-24,36654.328125,2440.35229492188,0.010352967106698,-0.038066634147075,NA,NA,NA,NA,NA,NA,41856658597,28220804648,"Yahoo Finance",TRUE
2022-01-25,36954.00390625,2455.93505859375,0.00814248682695151,0.00636515594707898,NA,NA,NA,NA,NA,NA,26428189594,16179776932,"Yahoo Finance",TRUE
2022-01-26,36852.12109375,2468.0302734375,-0.00276082444956494,0.00491280435798824,NA,NA,NA,NA,NA,NA,31324598034,21229909340,"Yahoo Finance",TRUE
2022-01-27,37138.234375,2423.00122070312,0.00773383789078608,-0.0184134267201372,NA,NA,NA,NA,NA,NA,25041426629,16126522783,"Yahoo Finance",TRUE
2022-01-28,37784.33203125,2547.09204101562,0.0172475050904151,0.0499453867419808,NA,NA,NA,NA,NA,NA,22238830523,14666227351,"Yahoo Finance",TRUE
2022-01-29,38138.1796875,2597.08471679688,0.00932135173920834,0.0194372207971352,NA,NA,NA,NA,NA,NA,17194183075,11172062661,"Yahoo Finance",TRUE
2022-01-30,37917.6015625,2603.46655273438,-0.00580044645715461,0.00245429332783775,NA,NA,NA,NA,NA,NA,14643548444,9501221177,"Yahoo Finance",TRUE
2022-01-31,38483.125,2688.27880859375,0.0148044080663929,0.032057294217724,NA,NA,NA,NA,NA,NA,20734730465,13778234614,"Yahoo Finance",TRUE
2022-02-01,38743.2734375,2792.1171875,0.00673731850263337,0.0378990159024131,NA,NA,NA,NA,NA,NA,20288500328,13194846235,"Yahoo Finance",TRUE
2022-02-02,36952.984375,2682.85400390625,-0.0473107399591228,-0.0399190018984639,NA,NA,NA,NA,NA,NA,19155189416,13876301217,"Yahoo Finance",TRUE
2022-02-03,37154.6015625,2679.16259765625,0.00544121583199164,-0.00137687258636898,NA,NA,NA,NA,NA,NA,18591534769,12755505065,"Yahoo Finance",TRUE
2022-02-04,41500.875,2983.5869140625,0.110626883457448,0.107621956998774,NA,NA,NA,NA,NA,NA,29412210792,18987223729,"Yahoo Finance",TRUE
2022-02-05,41441.1640625,3014.64819335938,-0.00143982348373406,0.0103568987843996,NA,NA,NA,NA,NA,NA,19652846215,13102093957,"Yahoo Finance",TRUE
2022-02-06,42412.43359375,3057.47607421875,0.0231668765175783,0.0141066253546835,NA,NA,NA,NA,NA,NA,16142097334,9466018022,"Yahoo Finance",TRUE
2022-02-07,43840.28515625,3142.470703125,0.0331115827095374,0.027419575373834,NA,NA,NA,NA,NA,NA,28641855926,15197063785,"Yahoo Finance",TRUE
2022-02-08,44118.4453125,3122.60864257812,0.00632480896533849,-0.00634058277436012,NA,NA,NA,NA,NA,NA,33079398868,17136080906,"Yahoo Finance",TRUE
2022-02-09,44338.796875,3239.45703125,0.00498211368199719,0.0367369769410306,NA,NA,NA,NA,NA,NA,23245887300,13951308490,"Yahoo Finance",TRUE
2022-02-10,43565.11328125,3077.48217773438,-0.0176033937813891,-0.0512939449039003,NA,NA,NA,NA,NA,NA,32142048537,18629485080,"Yahoo Finance",TRUE
2022-02-11,42407.9375,2927.38354492188,-0.0269211260551714,-0.0500027519128912,NA,NA,NA,NA,NA,NA,26954925781,16043881065,"Yahoo Finance",TRUE
2022-02-12,42244.46875,2917.36279296875,-0.00386212183286716,-0.00342898089751209,NA,NA,NA,NA,NA,NA,18152390304,11254355757,"Yahoo Finance",TRUE
2022-02-13,42197.515625,2883.46337890625,-0.00111208020954301,-0.0116879213293837,NA,NA,NA,NA,NA,NA,14741589015,9054963563,"Yahoo Finance",TRUE
2022-02-14,42586.91796875,2933.47900390625,0.00918576831463191,0.0171969582361697,NA,NA,NA,NA,NA,NA,20827783012,12164552172,"Yahoo Finance",TRUE
2022-02-15,44575.203125,3179.87719726562,0.0456306044872399,0.080653486828755,NA,NA,NA,NA,NA,NA,22721659051,13921257873,"Yahoo Finance",TRUE
2022-02-16,43961.859375,3127.830078125,-0.0138552950498987,-0.0165030804768929,NA,NA,NA,NA,NA,NA,19792547657,12352406833,"Yahoo Finance",TRUE
2022-02-17,40538.01171875,2881.48193359375,-0.081082330719104,-0.0820347762747407,NA,NA,NA,NA,NA,NA,26246662813,15860206214,"Yahoo Finance",TRUE
2022-02-18,40030.9765625,2785.7275390625,-0.0125865264237603,-0.0337956479674704,NA,NA,NA,NA,NA,NA,23310007704,15748173433,"Yahoo Finance",TRUE
2022-02-19,40122.15625,2763.701171875,0.00227513819189262,-0.00793828842689326,NA,NA,NA,NA,NA,NA,13736557863,9774183169,"Yahoo Finance",TRUE
2022-02-20,38431.37890625,2628.6484375,-0.0430544217465254,-0.0501009736828752,NA,NA,NA,NA,NA,NA,18340576452,11641437834,"Yahoo Finance",TRUE
2022-02-21,37075.28125,2573.81616210938,-0.0359238109483542,-0.0210801264740832,NA,NA,NA,NA,NA,NA,29280402798,18646392740,"Yahoo Finance",TRUE
2022-02-22,38286.02734375,2639.29931640625,0.0321345343415071,0.025123785947061,NA,NA,NA,NA,NA,NA,25493150450,16360200507,"Yahoo Finance",TRUE
2022-02-23,37296.5703125,2590.35961914062,-0.0261836346154212,-0.0187167563166106,NA,NA,NA,NA,NA,NA,21849073843,13382637240,"Yahoo Finance",TRUE
2022-02-24,38332.609375,2598.06713867188,0.0273995799515507,0.0029710451975582,NA,NA,NA,NA,NA,NA,46383802093,29312342666,"Yahoo Finance",TRUE
2022-02-25,39214.21875,2764.53564453125,0.0227384505953054,0.0621049200162807,NA,NA,NA,NA,NA,NA,26545599159,17208902048,"Yahoo Finance",TRUE
2022-02-26,39105.1484375,2781.11181640625,-0.0027852723260775,0.00597810133367194,NA,NA,NA,NA,NA,NA,17467554129,11724648351,"Yahoo Finance",TRUE
2022-02-27,37709.78515625,2621.8017578125,-0.036334517924427,-0.058989006467832,NA,NA,NA,NA,NA,NA,23450127612,16150857254,"Yahoo Finance",TRUE
2022-02-28,43193.234375,2919.201171875,0.135764257303322,0.10744823233553,NA,NA,NA,NA,NA,NA,35690014104,19266124733,"Yahoo Finance",TRUE
2022-03-01,44354.63671875,2972.48510742188,0.0265333803325252,0.0180883318743943,NA,NA,NA,NA,NA,NA,32479047645,18757425786,"Yahoo Finance",TRUE
2022-03-02,43924.1171875,2950.11840820312,-0.00975371593540686,-0.00755303153130527,NA,NA,NA,NA,NA,NA,29183112630,16636517503,"Yahoo Finance",TRUE
2022-03-03,42451.7890625,2834.46899414062,-0.0340944786524133,-0.0399906919380513,NA,NA,NA,NA,NA,NA,24967782593,13091199728,"Yahoo Finance",TRUE
2022-03-04,39137.60546875,2617.15600585938,-0.0812852755652358,-0.0797663817311394,NA,NA,NA,NA,NA,NA,28516271427,14496939024,"Yahoo Finance",TRUE
2022-03-05,39400.5859375,2664.8310546875,0.00669690622863328,0.0180524272438518,NA,NA,NA,NA,NA,NA,16975917450,8072368396,"Yahoo Finance",TRUE
2022-03-06,38419.984375,2555.03735351562,-0.0252029370523577,-0.0420738181747256,NA,NA,NA,NA,NA,NA,19745229902,8872976607,"Yahoo Finance",TRUE
2022-03-07,38062.0390625,2497.77124023438,-0.00936031527073489,-0.0226680129781256,NA,NA,NA,NA,NA,NA,28546143503,14594098731,"Yahoo Finance",TRUE
2022-03-08,38737.26953125,2576.74755859375,0.0175847382159606,0.0311291371173432,NA,NA,NA,NA,NA,NA,25776583476,13922922903,"Yahoo Finance",TRUE
2022-03-09,41982.92578125,2729.78344726562,0.0804608330138592,0.0576943152453806,NA,NA,NA,NA,NA,NA,32284121034,14173665398,"Yahoo Finance",TRUE
2022-03-10,39437.4609375,2608.04858398438,-0.0625468568005303,-0.0456200099854236,NA,NA,NA,NA,NA,NA,31078064711,13292477213,"Yahoo Finance",TRUE
2022-03-11,38794.97265625,2559.56298828125,-0.0164254822906464,-0.0187657365026404,NA,NA,NA,NA,NA,NA,26364890465,12382419582,"Yahoo Finance",TRUE
2022-03-12,38904.01171875,2574.75415039062,0.00280670680466777,0.0059175177645443,NA,NA,NA,NA,NA,NA,14616450657,6532996574,"Yahoo Finance",TRUE
2022-03-13,37849.6640625,2518.94458007812,-0.0274752699749854,-0.0219140576156596,NA,NA,NA,NA,NA,NA,17300745310,8632000379,"Yahoo Finance",TRUE
2022-03-14,39666.75390625,2590.69604492188,0.0468912994095341,0.0280865864540356,NA,NA,NA,NA,NA,NA,24322159070,11244398839,"Yahoo Finance",TRUE
2022-03-15,39338.78515625,2620.14965820312,-0.0083024718981779,0.0113048547736749,NA,NA,NA,NA,NA,NA,23934000868,12861105614,"Yahoo Finance",TRUE
2022-03-16,41143.9296875,2772.0556640625,0.0448654676741995,0.0563577243634557,NA,NA,NA,NA,NA,NA,39616916192,17915109769,"Yahoo Finance",TRUE
2022-03-17,40951.37890625,2814.8544921875,-0.00469091687779333,0.0153214081347057,NA,NA,NA,NA,NA,NA,22009601093,12685265194,"Yahoo Finance",TRUE
2022-03-18,41801.15625,2945.34301757812,0.020538517974936,0.0453147147891775,NA,NA,NA,NA,NA,NA,34421564942,15830879093,"Yahoo Finance",TRUE
2022-03-19,42190.65234375,2946.25708007812,0.0092746874320131,0.000310293466013079,NA,NA,NA,NA,NA,NA,19664853187,11576463120,"Yahoo Finance",TRUE
2022-03-20,41247.82421875,2860.45922851562,-0.0226003228859675,-0.0295533969936326,NA,NA,NA,NA,NA,NA,20127946682,12684727326,"Yahoo Finance",TRUE
2022-03-21,41077.99609375,2897.9765625,-0.00412576188746527,0.0130305750387354,NA,NA,NA,NA,NA,NA,24615543271,15206116098,"Yahoo Finance",TRUE
2022-03-22,42358.80859375,2973.13110351562,0.030703791309973,0.0256028847063678,NA,NA,NA,NA,NA,NA,32004652376,16830539230,"Yahoo Finance",TRUE
2022-03-23,42892.95703125,3031.06713867188,0.0125312460906315,0.019299107399374,NA,NA,NA,NA,NA,NA,25242943069,16008767658,"Yahoo Finance",TRUE
2022-03-24,43960.93359375,3108.06201171875,0.0245937259657865,0.0250846360994093,NA,NA,NA,NA,NA,NA,31042992291,18070503166,"Yahoo Finance",TRUE
2022-03-25,44348.73046875,3106.67138671875,0.0087827164076657,-0.000447525238511659,NA,NA,NA,NA,NA,NA,30574413034,17030503831,"Yahoo Finance",TRUE
2022-03-26,44500.828125,3143.17895507812,0.00342371548557097,0.0116828345002933,NA,NA,NA,NA,NA,NA,16950455995,8876420740,"Yahoo Finance",TRUE
2022-03-27,46820.4921875,3291.57763671875,0.0508131757923831,0.0461322808219133,NA,NA,NA,NA,NA,NA,28160889722,13431866834,"Yahoo Finance",TRUE
2022-03-28,47128.00390625,3336.63452148438,0.00654641276337031,0.0135956960113344,NA,NA,NA,NA,NA,NA,36362175703,20620450770,"Yahoo Finance",TRUE
2022-03-29,47465.73046875,3401.98779296875,0.00714059973918957,0.0193972350827778,NA,NA,NA,NA,NA,NA,31397059069,19533323636,"Yahoo Finance",TRUE
2022-03-30,47062.6640625,3385.15795898438,-0.00852799523473102,-0.00495933610197952,NA,NA,NA,NA,NA,NA,29333883962,15302506131,"Yahoo Finance",TRUE
2022-03-31,45538.67578125,3281.64282226562,-0.0329180095425823,-0.0310564122184829,NA,NA,NA,NA,NA,NA,33327427106,17685495686,"Yahoo Finance",TRUE
2022-04-01,46281.64453125,3449.55224609375,0.016183454010017,0.0499002814255256,NA,NA,NA,NA,NA,NA,38162644287,20982988937,"Yahoo Finance",TRUE
2022-04-02,45868.94921875,3445.05932617188,-0.00895703554066962,-0.00130331361259906,NA,NA,NA,NA,NA,NA,29336594194,23571556215,"Yahoo Finance",TRUE
2022-04-03,46453.56640625,3522.83349609375,0.0126648412430477,0.0223245110091206,NA,NA,NA,NA,NA,NA,25414397610,15333808649,"Yahoo Finance",TRUE
2022-04-04,46622.67578125,3521.2412109375,0.00363378574613193,-0.000452092077269484,NA,NA,NA,NA,NA,NA,32499785455,18209969743,"Yahoo Finance",TRUE
2022-04-05,45555.9921875,3411.79248046875,-0.0231448606058962,-0.0315757369148262,NA,NA,NA,NA,NA,NA,29640604055,16681503199,"Yahoo Finance",TRUE
2022-04-06,43206.73828125,3171.69189453125,-0.0529457051005746,-0.0729726411008258,NA,NA,NA,NA,NA,NA,39393395788,25632563639,"Yahoo Finance",TRUE
2022-04-07,43503.84765625,3233.27465820312,0.0068529242315325,0.0192302835457951,NA,NA,NA,NA,NA,NA,26101973106,16745496605,"Yahoo Finance",TRUE
2022-04-08,42287.6640625,3192.07397460938,-0.0283539722589374,-0.0128245954071193,NA,NA,NA,NA,NA,NA,27215995394,17557050669,"Yahoo Finance",TRUE
2022-04-09,42782.13671875,3261.91625976562,0.0116252352899338,0.0216439781082318,NA,NA,NA,NA,NA,NA,16050772496,9908112156,"Yahoo Finance",TRUE
2022-04-10,42207.671875,3211.86694335938,-0.0135186465773174,-0.0154624620606949,NA,NA,NA,NA,NA,NA,17654475582,10427054790,"Yahoo Finance",TRUE
2022-04-11,39521.90234375,2981.05224609375,-0.0657469945548499,-0.0745760294622571,NA,NA,NA,NA,NA,NA,33949912166,21891804831,"Yahoo Finance",TRUE
2022-04-12,40127.18359375,3030.37646484375,0.0151989918017605,0.0164105167191817,NA,NA,NA,NA,NA,NA,30991500854,20235707410,"Yahoo Finance",TRUE
2022-04-13,41166.73046875,3118.34423828125,0.0255764174954916,0.028615310469096,NA,NA,NA,NA,NA,NA,27691105228,16088473629,"Yahoo Finance",TRUE
2022-04-14,39935.515625,3019.90942382812,-0.0303643733545407,-0.0320753292684071,NA,NA,NA,NA,NA,NA,24342001973,15821419931,"Yahoo Finance",TRUE
2022-04-15,40553.46484375,3040.91650390625,0.0153551792271287,0.00693211270269423,NA,NA,NA,NA,NA,NA,21756855753,11256651536,"Yahoo Finance",TRUE
2022-04-16,40424.484375,3062.31030273438,-0.00318557283970478,0.00701068045826858,NA,NA,NA,NA,NA,NA,16833150693,8766710365,"Yahoo Finance",TRUE
2022-04-17,39716.953125,2993.4033203125,-0.017657522881942,-0.022758657664685,NA,NA,NA,NA,NA,NA,19087633042,10463091281,"Yahoo Finance",TRUE
2022-04-18,40826.21484375,3057.60668945312,0.0275462683643859,0.021221507989809,NA,NA,NA,NA,NA,NA,33705182072,18629381299,"Yahoo Finance",TRUE
2022-04-19,41502.75,3104.1064453125,0.0164352943392352,0.0150934123683957,NA,NA,NA,NA,NA,NA,25303206547,14156035096,"Yahoo Finance",TRUE
2022-04-20,41374.37890625,3077.74584960938,-0.00309786784621124,-0.00852843265145786,NA,NA,NA,NA,NA,NA,27819532341,15547362265,"Yahoo Finance",TRUE
2022-04-21,40527.36328125,2987.48071289062,-0.0206844397083188,-0.0297670007295423,NA,NA,NA,NA,NA,NA,35372786395,20783591093,"Yahoo Finance",TRUE
2022-04-22,39740.3203125,2964.83569335938,-0.0196110852519205,-0.00760884577952581,NA,NA,NA,NA,NA,NA,28011716745,16782795477,"Yahoo Finance",TRUE
2022-04-23,39486.73046875,2938.11401367188,-0.00640161932757799,-0.00905373196281811,NA,NA,NA,NA,NA,NA,16138021249,9116955609,"Yahoo Finance",TRUE
2022-04-24,39469.29296875,2922.73266601562,-0.000441701583344667,-0.00524886038163785,NA,NA,NA,NA,NA,NA,17964398167,9696829579,"Yahoo Finance",TRUE
2022-04-25,40458.30859375,3009.3935546875,0.0247490500760961,0.029219558436977,NA,NA,NA,NA,NA,NA,35445730570,22332690614,"Yahoo Finance",TRUE
2022-04-26,38117.4609375,2808.29833984375,-0.0595995569885481,-0.0691598547106729,NA,NA,NA,NA,NA,NA,34569088416,19052045399,"Yahoo Finance",TRUE
2022-04-27,39241.12109375,2888.9296875,0.0290527349945204,0.0283073562787743,NA,NA,NA,NA,NA,NA,30981015184,17419284041,"Yahoo Finance",TRUE
2022-04-28,39773.828125,2936.94091796875,0.0134839067215253,0.0164824523764588,NA,NA,NA,NA,NA,NA,33903704907,18443524633,"Yahoo Finance",TRUE
2022-04-29,38609.82421875,2815.60180664062,-0.029702353660829,-0.0421925111526527,NA,NA,NA,NA,NA,NA,30882994649,18771041399,"Yahoo Finance",TRUE
2022-04-30,37714.875,2730.18676757812,-0.0234521785579194,-0.0308060045164158,NA,NA,NA,NA,NA,NA,23895713731,13520941867,"Yahoo Finance",TRUE
2022-05-01,38469.09375,2827.75610351562,0.0198005802004015,0.0351134809733127,NA,NA,NA,NA,NA,NA,27002760110,15332730152,"Yahoo Finance",TRUE
2022-05-02,38529.328125,2857.41040039062,0.00156456160581797,0.0104322593890362,NA,NA,NA,NA,NA,NA,32922642426,18609741545,"Yahoo Finance",TRUE
2022-05-03,37750.453125,2783.47631835938,-0.020422241840901,-0.0262151395106232,NA,NA,NA,NA,NA,NA,27326943244,13026093219,"Yahoo Finance",TRUE
2022-05-04,39698.37109375,2940.64477539062,0.0503126775329914,0.0549282479219162,NA,NA,NA,NA,NA,NA,36754404490,18186749944,"Yahoo Finance",TRUE
2022-05-05,36575.140625,2749.21313476562,-0.0819413647290759,-0.0673141307405496,NA,NA,NA,NA,NA,NA,43106256317,22642925048,"Yahoo Finance",TRUE
2022-05-06,36040.921875,2694.97973632812,-0.0147137801076376,-0.019924052577192,NA,NA,NA,NA,NA,NA,37795577489,21027599270,"Yahoo Finance",TRUE
2022-05-07,35501.953125,2636.09301757812,-0.0150672990569394,-0.0220927819304482,NA,NA,NA,NA,NA,NA,24375896406,13369276367,"Yahoo Finance",TRUE
2022-05-08,34059.265625,2517.4599609375,-0.0414855987869966,-0.0460474622253653,NA,NA,NA,NA,NA,NA,36763041910,20802269935,"Yahoo Finance",TRUE
2022-05-09,30296.953125,2245.43041992188,-0.117054963258152,-0.114353214575676,NA,NA,NA,NA,NA,NA,63355494961,36333567678,"Yahoo Finance",TRUE
2022-05-10,31022.90625,2343.51098632812,0.0236786923864827,0.0427529997561935,NA,NA,NA,NA,NA,NA,59811038817,38202099639,"Yahoo Finance",TRUE
2022-05-11,28936.35546875,2072.10864257812,-0.0696270636865197,-0.123083469670347,NA,NA,NA,NA,NA,NA,70388855818,45743399154,"Yahoo Finance",TRUE
2022-05-12,29047.751953125,1961.70153808594,0.00384231564051163,-0.0547545283887727,NA,NA,NA,NA,NA,NA,66989173272,42463486402,"Yahoo Finance",TRUE
2022-05-13,29283.103515625,2014.41821289062,0.00806958299328464,0.0265181973041146,NA,NA,NA,NA,NA,NA,42841124537,24816096567,"Yahoo Finance",TRUE
2022-05-14,30101.265625,2056.27392578125,0.0275565403508562,0.020565145487466,NA,NA,NA,NA,NA,NA,28579868620,15457044616,"Yahoo Finance",TRUE
2022-05-15,31305.11328125,2145.70678710938,0.0392142296088771,0.0425734314830475,NA,NA,NA,NA,NA,NA,25835372065,14846088335,"Yahoo Finance",TRUE
2022-05-16,29862.91796875,2022.72595214844,-0.0471639388259302,-0.0590229196419667,NA,NA,NA,NA,NA,NA,32613897286,21459552191,"Yahoo Finance",TRUE
2022-05-17,30425.857421875,2090.4091796875,0.0186753109718669,0.0329137436259197,NA,NA,NA,NA,NA,NA,29101473475,18509929297,"Yahoo Finance",TRUE
2022-05-18,28720.271484375,1916.65612792969,-0.0576896230339532,-0.0867777589145842,NA,NA,NA,NA,NA,NA,31285268319,17740965589,"Yahoo Finance",TRUE
2022-05-19,30314.333984375,2018.33618164062,0.0540174725108962,0.0516914318988704,NA,NA,NA,NA,NA,NA,33773447707,18734247914,"Yahoo Finance",TRUE
2022-05-20,29200.740234375,1961.31567382812,-0.0374266099996028,-0.0286579893494734,NA,NA,NA,NA,NA,NA,30749382605,15892482289,"Yahoo Finance",TRUE
2022-05-21,29432.2265625,1974.51831054688,0.0078961561565265,0.00670896500830498,NA,NA,NA,NA,NA,NA,17274840442,8546822406,"Yahoo Finance",TRUE
2022-05-22,30323.72265625,2043.17016601562,0.0298401165357856,0.0341781293795886,NA,NA,NA,NA,NA,NA,21631532270,10941123403,"Yahoo Finance",TRUE
2022-05-23,29098.91015625,1972.18188476562,-0.0412296103366661,-0.0353621190107063,NA,NA,NA,NA,NA,NA,31483454557,16434529708,"Yahoo Finance",TRUE
2022-05-24,29655.5859375,1978.98278808594,0.0189497817670681,0.00344248372300271,NA,NA,NA,NA,NA,NA,26616506245,13057109007,"Yahoo Finance",TRUE
2022-05-25,29562.361328125,1944.82788085938,-0.00314852813015953,-0.0174094892809178,NA,NA,NA,NA,NA,NA,27525063551,13364545730,"Yahoo Finance",TRUE
2022-05-26,29267.224609375,1803.91333007812,-0.0100336995448718,-0.0752151027308576,NA,NA,NA,NA,NA,NA,36774325352,23458681818,"Yahoo Finance",TRUE
2022-05-27,28627.57421875,1724.9228515625,-0.0220978890225627,-0.0447760515410733,NA,NA,NA,NA,NA,NA,36582005748,25470760032,"Yahoo Finance",TRUE
2022-05-28,28814.900390625,1757.94177246094,0.00652224115391498,0.0189613514961104,NA,NA,NA,NA,NA,NA,35519577634,23214777872,"Yahoo Finance",TRUE
2022-05-29,29445.95703125,1812.03100585938,0.0216639901789595,0.0303046416283967,NA,NA,NA,NA,NA,NA,18093886409,10642556101,"Yahoo Finance",TRUE
2022-05-30,31726.390625,1996.44128417969,0.0745922281639189,0.096917918836299,NA,NA,NA,NA,NA,NA,39277993274,19580808705,"Yahoo Finance",TRUE
2022-05-31,31792.310546875,1942.32800292969,0.00207560747700697,-0.0274789825530526,NA,NA,NA,NA,NA,NA,33538210634,18363115560,"Yahoo Finance",TRUE
2022-06-01,29799.080078125,1823.5693359375,-0.0647469306708341,-0.0630915010685849,NA,NA,NA,NA,NA,NA,41135817341,21037797760,"Yahoo Finance",TRUE
2022-06-02,30467.48828125,1834.15051269531,0.0221826339109832,0.00578568436730897,NA,NA,NA,NA,NA,NA,29083562061,17065041354,"Yahoo Finance",TRUE
2022-06-03,29704.390625,1775.07861328125,-0.0253652897101908,-0.0327367273386034,NA,NA,NA,NA,NA,NA,26175547452,14878001811,"Yahoo Finance",TRUE
2022-06-04,29832.9140625,1801.60949707031,0.00431741536890407,0.0148357192945898,NA,NA,NA,NA,NA,NA,16588370958,8677951273,"Yahoo Finance",TRUE
2022-06-05,29906.662109375,1805.20495605469,0.00246898585708699,0.00199370398563836,NA,NA,NA,NA,NA,NA,17264085441,8850385937,"Yahoo Finance",TRUE
2022-06-06,31370.671875,1859.28967285156,0.0477921711289664,0.0295203840683707,NA,NA,NA,NA,NA,NA,31947336829,16518471852,"Yahoo Finance",TRUE
2022-06-07,31155.478515625,1814.04833984375,-0.0068833346588697,-0.0246335189249551,NA,NA,NA,NA,NA,NA,40770974039,24020076750,"Yahoo Finance",TRUE
2022-06-08,30214.35546875,1793.572265625,-0.0306729469834313,-0.0113516892921597,NA,NA,NA,NA,NA,NA,30242059107,18041476023,"Yahoo Finance",TRUE
2022-06-09,30111.998046875,1789.82604980469,-0.00339345954579606,-0.00209087400023389,NA,NA,NA,NA,NA,NA,21692004719,12013083393,"Yahoo Finance",TRUE
2022-06-10,29083.8046875,1665.04223632812,-0.0347422192377991,-0.0722679459757227,NA,NA,NA,NA,NA,NA,29867476527,18504740451,"Yahoo Finance",TRUE
2022-06-11,28360.810546875,1529.66345214844,-0.025173197410302,-0.0848027449824658,NA,NA,NA,NA,NA,NA,27246574439,21127089064,"Yahoo Finance",TRUE
2022-06-12,26762.6484375,1445.21655273438,-0.058001081518821,-0.0567885714722571,NA,NA,NA,NA,NA,NA,34163220274,23465074882,"Yahoo Finance",TRUE
2022-06-13,22487.388671875,1204.58276367188,-0.17405255177667,-0.182125921051408,NA,NA,NA,NA,NA,NA,68204556440,45162788786,"Yahoo Finance",TRUE
2022-06-14,22206.79296875,1211.66284179688,-0.0125564169410559,0.00586041284247507,NA,NA,NA,NA,NA,NA,50913575242,33327826525,"Yahoo Finance",TRUE
2022-06-15,22572.83984375,1233.20642089844,0.016349175083862,0.0176239581020079,NA,NA,NA,NA,NA,NA,54912007015,37539999450,"Yahoo Finance",TRUE
2022-06-16,20381.650390625,1067.73071289062,-0.102112401330103,-0.144082056456242,NA,NA,NA,NA,NA,NA,31183975654,18907671369,"Yahoo Finance",TRUE
2022-06-17,20471.482421875,1086.51928710938,0.00439781088256197,0.0174437048962695,NA,NA,NA,NA,NA,NA,27132421514,14591486540,"Yahoo Finance",TRUE
2022-06-18,19017.642578125,993.636779785156,-0.0736657112248889,-0.0893628239491235,NA,NA,NA,NA,NA,NA,42009436760,21655406608,"Yahoo Finance",TRUE
2022-06-19,20553.271484375,1127.65649414062,0.077653019524071,0.126525132023227,NA,NA,NA,NA,NA,NA,35329942625,21795481981,"Yahoo Finance",TRUE
2022-06-20,20599.537109375,1127.64245605469,0.00224848053257709,-1.24489801551775e-05,NA,NA,NA,NA,NA,NA,30818458597,19739691429,"Yahoo Finance",TRUE
2022-06-21,20710.59765625,1124.82458496094,0.0053769282080971,-0.0025020322273015,NA,NA,NA,NA,NA,NA,28970212744,15632089439,"Yahoo Finance",TRUE
2022-06-22,19987.029296875,1051.421875,-0.0355620053246319,-0.0674836842404112,NA,NA,NA,NA,NA,NA,28574793478,15010593493,"Yahoo Finance",TRUE
2022-06-23,21085.876953125,1143.38671875,0.0535199496525518,0.0838512494246011,NA,NA,NA,NA,NA,NA,26188097173,14657862919,"Yahoo Finance",TRUE
2022-06-24,21231.65625,1226.8447265625,0.00688980961376195,0.0704509462982514,NA,NA,NA,NA,NA,NA,24957784918,16981552654,"Yahoo Finance",TRUE
2022-06-25,21502.337890625,1243.44689941406,0.012668381046625,0.0134416703255074,NA,NA,NA,NA,NA,NA,18372538715,12481946184,"Yahoo Finance",TRUE
2022-06-26,21027.294921875,1199.83166503906,-0.0223403163672966,-0.0357060130078777,NA,NA,NA,NA,NA,NA,18027170497,12096607824,"Yahoo Finance",TRUE
2022-06-27,20735.478515625,1193.6806640625,-0.0139751808447972,-0.00513973915458354,NA,NA,NA,NA,NA,NA,20965695707,12492225250,"Yahoo Finance",TRUE
2022-06-28,20280.634765625,1144.57922363281,-0.0221796927954205,-0.042004449477135,NA,NA,NA,NA,NA,NA,21381535161,14023205651,"Yahoo Finance",TRUE
2022-06-29,20104.0234375,1098.94384765625,-0.00874651225988821,-0.0406874991062933,NA,NA,NA,NA,NA,NA,23552740328,15386286815,"Yahoo Finance",TRUE
2022-06-30,19784.7265625,1067.298828125,-0.016009711756281,-0.0292185831254974,NA,NA,NA,NA,NA,NA,26267239923,16350755497,"Yahoo Finance",TRUE
2022-07-01,19269.3671875,1059.76733398438,-0.0263936116679631,-0.00708160916629819,NA,NA,NA,NA,NA,NA,30767551159,17499453625,"Yahoo Finance",TRUE
2022-07-02,19242.255859375,1066.51281738281,-0.00140795585637399,0.00634488924128185,NA,NA,NA,NA,NA,NA,18100418740,9935603640,"Yahoo Finance",TRUE
2022-07-03,19297.076171875,1073.76696777344,0.00284490397651282,0.0067787195103115,NA,NA,NA,NA,NA,NA,16390821947,8557248150,"Yahoo Finance",TRUE
2022-07-04,20231.26171875,1151.05908203125,0.047275427183008,0.0695094629244224,NA,NA,NA,NA,NA,NA,21594638208,13670889311,"Yahoo Finance",TRUE
2022-07-05,20190.115234375,1134.541015625,-0.00203587812630524,-0.01445428184077,NA,NA,NA,NA,NA,NA,26715546990,16195518291,"Yahoo Finance",TRUE
2022-07-06,20548.24609375,1186.97399902344,0.0175824492578833,0.0451790329801005,NA,NA,NA,NA,NA,NA,24598943708,15373536703,"Yahoo Finance",TRUE
2022-07-07,21637.587890625,1237.59338378906,0.0516563933886189,0.0417614636560071,NA,NA,NA,NA,NA,NA,25814972520,14230795894,"Yahoo Finance",TRUE
2022-07-08,21731.1171875,1222.50622558594,0.00431322271242252,-0.0122656394035907,NA,NA,NA,NA,NA,NA,49899834488,16315929082,"Yahoo Finance",TRUE
2022-07-09,21592.20703125,1216.97827148438,-0.00641274116384416,-0.00453207517414178,NA,NA,NA,NA,NA,NA,29641127858,8821353104,"Yahoo Finance",TRUE
2022-07-10,20860.44921875,1168.40161132812,-0.0344774797250267,-0.0407342890636579,NA,NA,NA,NA,NA,NA,28688807249,10984558039,"Yahoo Finance",TRUE
2022-07-11,19970.556640625,1097.23657226562,-0.0435959633947665,-0.062841858733945,NA,NA,NA,NA,NA,NA,24150249025,12064180410,"Yahoo Finance",TRUE
2022-07-12,19323.9140625,1038.19165039062,-0.0329156213890212,-0.0553144098974361,NA,NA,NA,NA,NA,NA,25810220018,12583282453,"Yahoo Finance",TRUE
2022-07-13,20212.07421875,1113.58715820312,0.0449367599448216,0.0701060767569626,NA,NA,NA,NA,NA,NA,33042430345,18302588147,"Yahoo Finance",TRUE
2022-07-14,20569.919921875,1191.52624511719,0.0175496512632414,0.0676485655237862,NA,NA,NA,NA,NA,NA,31158743333,16688640823,"Yahoo Finance",TRUE
2022-07-15,20836.328125,1233.12915039062,0.0128681970428932,0.0343199192698798,NA,NA,NA,NA,NA,NA,25905575359,17411448225,"Yahoo Finance",TRUE
2022-07-16,21190.31640625,1352.62646484375,0.0168462962919698,0.0924932683335653,NA,NA,NA,NA,NA,NA,24302954056,18364013796,"Yahoo Finance",TRUE
2022-07-17,20779.34375,1338.6357421875,-0.0195848997097468,-0.0103972393738365,NA,NA,NA,NA,NA,NA,22927802083,16079711737,"Yahoo Finance",TRUE
2022-07-18,22485.689453125,1578.71789550781,0.0789196782301289,0.164962066589887,NA,NA,NA,NA,NA,NA,39974475562,27440420623,"Yahoo Finance",TRUE
2022-07-19,23389.43359375,1542.97521972656,0.0394052820034183,-0.0229005456380786,NA,NA,NA,NA,NA,NA,48765202697,27753529276,"Yahoo Finance",TRUE
2022-07-20,23231.732421875,1520.20068359375,-0.00676524363636943,-0.0148701586274784,NA,NA,NA,NA,NA,NA,42932549127,22942708340,"Yahoo Finance",TRUE
2022-07-21,23164.62890625,1576.74951171875,-0.00289262177004801,0.0365231020625538,NA,NA,NA,NA,NA,NA,33631012204,20009556587,"Yahoo Finance",TRUE
2022-07-22,22714.978515625,1537.40515136719,-0.0196019457648831,-0.0252694282578823,NA,NA,NA,NA,NA,NA,31421555646,18926100582,"Yahoo Finance",TRUE
2022-07-23,22465.478515625,1549.29748535156,-0.0110447105971883,0.00770556430401825,NA,NA,NA,NA,NA,NA,24021799169,14998811383,"Yahoo Finance",TRUE
2022-07-24,22609.1640625,1599.47668457031,0.00637547079025857,0.0318749106704672,NA,NA,NA,NA,NA,NA,23565495303,17217849557,"Yahoo Finance",TRUE
2022-07-25,21361.701171875,1445.38342285156,-0.0567556597820325,-0.101301872701708,NA,NA,NA,NA,NA,NA,35574561406,20585056021,"Yahoo Finance",TRUE
2022-07-26,21239.75390625,1441.80676269531,-0.00572504382684258,-0.00247760747024994,NA,NA,NA,NA,NA,NA,28624673855,18238563509,"Yahoo Finance",TRUE
2022-07-27,22930.548828125,1636.23266601562,0.0765954215493618,0.126499421029268,NA,NA,NA,NA,NA,NA,31758955233,23007524016,"Yahoo Finance",TRUE
2022-07-28,23843.88671875,1725.46813964844,0.0390578308920144,0.053101954508703,NA,NA,NA,NA,NA,NA,40212386158,27231399966,"Yahoo Finance",TRUE
2022-07-29,23804.6328125,1727.40698242188,-0.00164764469143996,0.00112303104437039,NA,NA,NA,NA,NA,NA,35887249746,23249531113,"Yahoo Finance",TRUE
2022-07-30,23656.20703125,1695.96948242188,-0.00625468346618163,-0.0183668866600124,NA,NA,NA,NA,NA,NA,28148218301,15576977870,"Yahoo Finance",TRUE
2022-07-31,23336.896484375,1681.51733398438,-0.0135898860596075,-0.00855798256404317,NA,NA,NA,NA,NA,NA,23553591896,14200735370,"Yahoo Finance",TRUE
2022-08-01,23314.19921875,1635.19580078125,-0.000973064708290394,-0.0279340077801793,NA,NA,NA,NA,NA,NA,25849159141,16191371176,"Yahoo Finance",TRUE
2022-08-02,22978.1171875,1632.94543457031,-0.0145202470826131,-0.00137715380367087,NA,NA,NA,NA,NA,NA,28389250717,20426082309,"Yahoo Finance",TRUE
2022-08-03,22846.5078125,1618.87451171875,-0.00574406170754216,-0.00865423726096726,NA,NA,NA,NA,NA,NA,26288169966,16786218830,"Yahoo Finance",TRUE
2022-08-04,22630.95703125,1608.20581054688,-0.00947952556852094,-0.00661200774375992,NA,NA,NA,NA,NA,NA,25120229769,14467440626,"Yahoo Finance",TRUE
2022-08-05,23289.314453125,1732.25463867188,0.0286758990881602,0.0743046651520904,NA,NA,NA,NA,NA,NA,28881249043,18546491876,"Yahoo Finance",TRUE
2022-08-06,22961.279296875,1691.65808105469,-0.0141853598130535,-0.0237146583440095,NA,NA,NA,NA,NA,NA,15978259885,11757911705,"Yahoo Finance",TRUE
2022-08-07,23175.890625,1699.35083007812,0.00930325273004406,0.00453715246511432,NA,NA,NA,NA,NA,NA,15886817043,10252090340,"Yahoo Finance",TRUE
2022-08-08,23809.486328125,1775.51611328125,0.0269715453445798,0.0438448352349505,NA,NA,NA,NA,NA,NA,28575544847,16841424404,"Yahoo Finance",TRUE
2022-08-09,23164.318359375,1703.02502441406,-0.0274709934963759,-0.0416850528233006,NA,NA,NA,NA,NA,NA,23555719219,16368619692,"Yahoo Finance",TRUE
2022-08-10,23947.642578125,1851.74267578125,0.033256795053882,0.0837210867227549,NA,NA,NA,NA,NA,NA,32837431722,23512477984,"Yahoo Finance",TRUE
2022-08-11,23957.529296875,1881.22412109375,0.000412762067368178,0.0157955105834224,NA,NA,NA,NA,NA,NA,37127036580,23826986482,"Yahoo Finance",TRUE
2022-08-12,24402.818359375,1957.24645996094,0.0184159820568972,0.0396159249329884,NA,NA,NA,NA,NA,NA,27265804688,17168141904,"Yahoo Finance",TRUE
2022-08-13,24424.068359375,1981.33654785156,0.000870422128858905,0.0122330230233771,NA,NA,NA,NA,NA,NA,22987346289,16038975216,"Yahoo Finance",TRUE
2022-08-14,24319.333984375,1936.80200195312,-0.00429738307733096,-0.02273348086681,NA,NA,NA,NA,NA,NA,22994133555,14062754456,"Yahoo Finance",TRUE
2022-08-15,24136.97265625,1904.22814941406,-0.00752687118445472,-0.016961404717251,NA,NA,NA,NA,NA,NA,35123501685,20349931313,"Yahoo Finance",TRUE
2022-08-16,23883.291015625,1878.13940429688,-0.0105657062741358,-0.0137951473423232,NA,NA,NA,NA,NA,NA,27753685646,15637578930,"Yahoo Finance",TRUE
2022-08-17,23335.998046875,1832.99963378906,-0.0231819448838646,-0.0243278391513737,NA,NA,NA,NA,NA,NA,30931623076,20308508124,"Yahoo Finance",TRUE
2022-08-18,23212.73828125,1847.0078125,-0.00529595703077845,0.00761316197051443,NA,NA,NA,NA,NA,NA,23747613147,14999352229,"Yahoo Finance",TRUE
2022-08-19,20877.552734375,1612.9873046875,-0.106026641901687,-0.135479002549731,NA,NA,NA,NA,NA,NA,40509610260,25906358731,"Yahoo Finance",TRUE
2022-08-20,21166.060546875,1577.00378417969,0.0137244313026628,-0.0225612209059136,NA,NA,NA,NA,NA,NA,27595671000,18334580263,"Yahoo Finance",TRUE
2022-08-21,21534.12109375,1619.31896972656,0.0172397235125565,0.0264789642136902,NA,NA,NA,NA,NA,NA,23102307723,15849221752,"Yahoo Finance",TRUE
2022-08-22,21398.908203125,1622.505859375,-0.00629880257162441,0.00196610911634032,NA,NA,NA,NA,NA,NA,31666498758,18557078599,"Yahoo Finance",TRUE
2022-08-23,21528.087890625,1662.76989746094,0.00601859385466419,0.0245130437941592,NA,NA,NA,NA,NA,NA,31878280659,18322041914,"Yahoo Finance",TRUE
2022-08-24,21395.01953125,1657.05920410156,-0.00620033327852987,-0.00344035720956892,NA,NA,NA,NA,NA,NA,31962253368,16780932907,"Yahoo Finance",TRUE
2022-08-25,21600.904296875,1696.45703125,0.00957701665295652,0.0234975095411674,NA,NA,NA,NA,NA,NA,31028679593,14818795695,"Yahoo Finance",TRUE
2022-08-26,20260.01953125,1507.78283691406,-0.0640857165596636,-0.117901725176168,NA,NA,NA,NA,NA,NA,42326789564,26713710143,"Yahoo Finance",TRUE
2022-08-27,20041.73828125,1491.39501953125,-0.0108324498139272,-0.0109283152010411,NA,NA,NA,NA,NA,NA,30116729776,18120831899,"Yahoo Finance",TRUE
2022-08-28,19616.814453125,1430.54736328125,-0.021429934307255,-0.0416547941044181,NA,NA,NA,NA,NA,NA,24366810591,12823572918,"Yahoo Finance",TRUE
2022-08-29,20297.994140625,1553.03735351562,0.0341349916299833,0.0821554538075944,NA,NA,NA,NA,NA,NA,32637854078,17965837488,"Yahoo Finance",TRUE
2022-08-30,19796.80859375,1523.8388671875,-0.025001327783567,-0.0189798748837333,NA,NA,NA,NA,NA,NA,34483360283,21835784470,"Yahoo Finance",TRUE
2022-08-31,20049.763671875,1553.68493652344,0.0126966241687931,0.0193967663575982,NA,NA,NA,NA,NA,NA,33225232872,20591680941,"Yahoo Finance",TRUE
2022-09-01,20127.140625,1586.1767578125,0.00385181736353601,0.0206970779723052,NA,NA,NA,NA,NA,NA,30182031010,16434276817,"Yahoo Finance",TRUE
2022-09-02,19969.771484375,1577.22045898438,-0.0078494796911599,-0.00566247116326224,NA,NA,NA,NA,NA,NA,29123998928,17708478709,"Yahoo Finance",TRUE
2022-09-03,19832.087890625,1556.87268066406,-0.00691847793549805,-0.0129849773541943,NA,NA,NA,NA,NA,NA,23613051457,9516825994,"Yahoo Finance",TRUE
2022-09-04,19986.712890625,1577.6416015625,0.00776647082227022,0.0132519573821916,NA,NA,NA,NA,NA,NA,25245861652,8884144998,"Yahoo Finance",TRUE
2022-09-05,19812.37109375,1617.18322753906,-0.00876115199617189,0.0247548127567168,NA,NA,NA,NA,NA,NA,28813460025,13060541168,"Yahoo Finance",TRUE
2022-09-06,18837.66796875,1561.74853515625,-0.0504480646723611,-0.0348798379931639,NA,NA,NA,NA,NA,NA,43403978910,22946059125,"Yahoo Finance",TRUE
2022-09-07,19290.32421875,1629.90637207031,0.023745153749136,0.0427165232803581,NA,NA,NA,NA,NA,NA,35239757134,19560363854,"Yahoo Finance",TRUE
2022-09-08,19329.833984375,1635.34765625,0.00204607030353721,0.00333284281666124,NA,NA,NA,NA,NA,NA,32194477850,17621046717,"Yahoo Finance",TRUE
2022-09-09,21381.15234375,1719.08544921875,0.100860097667891,0.0499370183061094,NA,NA,NA,NA,NA,NA,48469528171,20242323690,"Yahoo Finance",TRUE
2022-09-10,21680.5390625,1776.20373535156,0.0139052384133986,0.0326859199977081,NA,NA,NA,NA,NA,NA,36913738894,13130928217,"Yahoo Finance",TRUE
2022-09-11,21769.255859375,1761.80004882812,0.00408365196304494,-0.00814231243325736,NA,NA,NA,NA,NA,NA,34493951963,12464301922,"Yahoo Finance",TRUE
2022-09-12,22370.44921875,1713.76525878906,0.027242163871664,-0.0276431858110104,NA,NA,NA,NA,NA,NA,50212088965,17688391310,"Yahoo Finance",TRUE
2022-09-13,20296.70703125,1580.78796386719,-0.0972821989234234,-0.080769421565388,NA,NA,NA,NA,NA,NA,51091116622,23066821734,"Yahoo Finance",TRUE
2022-09-14,20241.08984375,1634.75500488281,-0.00274396867537341,0.0335695149810284,NA,NA,NA,NA,NA,NA,37872380889,17897150206,"Yahoo Finance",TRUE
2022-09-15,19701.2109375,1471.69348144531,-0.0270345862412622,-0.105079183103635,NA,NA,NA,NA,NA,NA,36389011503,26946275878,"Yahoo Finance",TRUE
2022-09-16,19772.583984375,1432.44775390625,0.0036162281734331,-0.0270290689355344,NA,NA,NA,NA,NA,NA,30123362273,16764804299,"Yahoo Finance",TRUE
2022-09-17,20127.576171875,1469.74169921875,0.017794492715737,0.0257019735598849,NA,NA,NA,NA,NA,NA,24957448100,10798098671,"Yahoo Finance",TRUE
2022-09-18,19419.505859375,1335.3291015625,-0.0358128060475007,-0.095908891037829,NA,NA,NA,NA,NA,NA,31254779144,15762284723,"Yahoo Finance",TRUE
2022-09-19,19544.12890625,1377.54138183594,0.00639691202291282,0.0311225233579302,NA,NA,NA,NA,NA,NA,40177002624,18712714223,"Yahoo Finance",TRUE
2022-09-20,18890.7890625,1324.38818359375,-0.034000477547087,-0.0393496982854007,NA,NA,NA,NA,NA,NA,36791346508,14722317220,"Yahoo Finance",TRUE
2022-09-21,18547.400390625,1252.60778808594,-0.018344813515224,-0.0557229959423902,NA,NA,NA,NA,NA,NA,46363793975,20643507800,"Yahoo Finance",TRUE
2022-09-22,19413.55078125,1327.68017578125,0.0456416775491295,0.0582055819335379,NA,NA,NA,NA,NA,NA,41135767926,18461527259,"Yahoo Finance",TRUE
2022-09-23,19297.638671875,1328.25952148438,-0.00598857629671201,0.000436264206533643,NA,NA,NA,NA,NA,NA,38896078052,18771106339,"Yahoo Finance",TRUE
2022-09-24,18937.01171875,1317.99328613281,-0.0188644407093292,-0.00775911268002538,NA,NA,NA,NA,NA,NA,26149643168,12098209717,"Yahoo Finance",TRUE
2022-09-25,18802.09765625,1294.216796875,-0.00714985803708679,-0.0182046199518604,NA,NA,NA,NA,NA,NA,23359966112,11802651633,"Yahoo Finance",TRUE
2022-09-26,19222.671875,1335.32019042969,0.0221219681572951,0.0312653839786599,NA,NA,NA,NA,NA,NA,44148798321,16034549271,"Yahoo Finance",TRUE
2022-09-27,19110.546875,1330.12768554688,-0.00585003417016949,-0.00389616431682693,NA,NA,NA,NA,NA,NA,58571439619,17870598937,"Yahoo Finance",TRUE
2022-09-28,19426.720703125,1337.41088867188,0.0164090991571904,0.00546063048026557,NA,NA,NA,NA,NA,NA,53071298734,18994979566,"Yahoo Finance",TRUE
2022-09-29,19573.05078125,1335.65234375,0.00750418575509215,-0.00131575276951601,NA,NA,NA,NA,NA,NA,41037843771,13796915736,"Yahoo Finance",TRUE
2022-09-30,19431.7890625,1327.97863769531,-0.0072433234917515,-0.00576185465483636,NA,NA,NA,NA,NA,NA,43975248085,14250100093,"Yahoo Finance",TRUE
2022-10-01,19312.095703125,1311.64440917969,-0.00617871650655033,-0.0123763406539652,NA,NA,NA,NA,NA,NA,18719537670,6227961237,"Yahoo Finance",TRUE
2022-10-02,19044.107421875,1276.09350585938,-0.0139738879362774,-0.0274781615063153,NA,NA,NA,NA,NA,NA,20765955327,7578351650,"Yahoo Finance",TRUE
2022-10-03,19623.580078125,1323.43920898438,0.0299741763073449,0.0364303469280447,NA,NA,NA,NA,NA,NA,30484729489,10153070907,"Yahoo Finance",TRUE
2022-10-04,20336.84375,1362.12658691406,0.0357022957027784,0.0288133357226359,NA,NA,NA,NA,NA,NA,35887278685,10139774963,"Yahoo Finance",TRUE
2022-10-05,20160.716796875,1352.83715820312,-0.00869820607502625,-0.00684315949242897,NA,NA,NA,NA,NA,NA,33223790572,9774451820,"Yahoo Finance",TRUE
2022-10-06,19955.443359375,1351.70947265625,-0.0102340417585953,-0.000833918409362866,NA,NA,NA,NA,NA,NA,34711412966,12033514861,"Yahoo Finance",TRUE
2022-10-07,19546.849609375,1332.51696777344,-0.0206878280674747,-0.0143004566751763,NA,NA,NA,NA,NA,NA,29227315390,10061619355,"Yahoo Finance",TRUE
2022-10-08,19416.568359375,1315.50048828125,-0.00668738741716268,-0.0128524180919349,NA,NA,NA,NA,NA,NA,16437423167,5804676208,"Yahoo Finance",TRUE
2022-10-09,19446.42578125,1322.60424804688,0.00153654798914182,0.00538551547059463,NA,NA,NA,NA,NA,NA,16837262532,5486230123,"Yahoo Finance",TRUE
2022-10-10,19141.484375,1291.33764648438,-0.0158053521470887,-0.0239240917573635,NA,NA,NA,NA,NA,NA,27425022774,8794491050,"Yahoo Finance",TRUE
2022-10-11,19051.41796875,1279.57568359375,-0.00471640371270432,-0.00915009060497773,NA,NA,NA,NA,NA,NA,28711532910,9274845260,"Yahoo Finance",TRUE
2022-10-12,19157.4453125,1294.90637207031,0.00554989637447179,0.011909867196354,NA,NA,NA,NA,NA,NA,24950173846,8355638578,"Yahoo Finance",TRUE
2022-10-13,19382.904296875,1288.12390136719,0.0117000265222966,-0.00525157320894731,NA,NA,NA,NA,NA,NA,44219840004,17499038202,"Yahoo Finance",TRUE
2022-10-14,19185.65625,1297.42211914062,-0.0102285262293709,0.0071924907034786,NA,NA,NA,NA,NA,NA,38452356727,13113767755,"Yahoo Finance",TRUE
2022-10-15,19067.634765625,1274.87170410156,-0.00617054667559103,-0.017533761159326,NA,NA,NA,NA,NA,NA,16192235532,6798512624,"Yahoo Finance",TRUE
2022-10-16,19268.09375,1306.29663085938,0.0104581714868175,0.0243505850460037,NA,NA,NA,NA,NA,NA,17988916650,7491625206,"Yahoo Finance",TRUE
2022-10-17,19550.7578125,1331.71362304688,0.0145634941314672,0.0192704169309534,NA,NA,NA,NA,NA,NA,27472552998,9401189650,"Yahoo Finance",TRUE
2022-10-18,19334.416015625,1310.44702148438,-0.01112732734933,-0.0160982345112952,NA,NA,NA,NA,NA,NA,30580012344,10416747806,"Yahoo Finance",TRUE
2022-10-19,19139.53515625,1285.74426269531,-0.0101306218959412,-0.0190305733402312,NA,NA,NA,NA,NA,NA,22425387184,8350692785,"Yahoo Finance",TRUE
2022-10-20,19053.740234375,1283.20092773438,-0.00449267915912976,-0.00198006232392345,NA,NA,NA,NA,NA,NA,24493974420,9009111996,"Yahoo Finance",TRUE
2022-10-21,19172.46875,1299.94641113281,0.0062119106533931,0.012965360297434,NA,NA,NA,NA,NA,NA,32459287866,10412565245,"Yahoo Finance",TRUE
2022-10-22,19208.189453125,1314.29919433594,0.00186139139405306,0.0109805500947315,NA,NA,NA,NA,NA,NA,16104440957,7175324564,"Yahoo Finance",TRUE
2022-10-23,19567.0078125,1363.44702148438,0.0185081509541725,0.0367124762446656,NA,NA,NA,NA,NA,NA,22128794335,9909510925,"Yahoo Finance",TRUE
2022-10-24,19345.572265625,1344.99853515625,-0.0113813032552681,-0.0136231438016514,NA,NA,NA,NA,NA,NA,30202235805,13092820173,"Yahoo Finance",TRUE
2022-10-25,20095.857421875,1461.66540527344,0.0380501255998631,0.08318355022279,NA,NA,NA,NA,NA,NA,47761524910,25367291294,"Yahoo Finance",TRUE
2022-10-26,20770.44140625,1566.56665039062,0.0330171943589477,0.0693099036609963,NA,NA,NA,NA,NA,NA,58895950537,32705548427,"Yahoo Finance",TRUE
2022-10-27,20285.8359375,1514.37487792969,-0.0236079843216217,-0.0338836458529039,NA,NA,NA,NA,NA,NA,49625110402,22813499245,"Yahoo Finance",TRUE
2022-10-28,20595.3515625,1555.47790527344,0.0151424925794181,0.0267801010136557,NA,NA,NA,NA,NA,NA,43994715910,19974623205,"Yahoo Finance",TRUE
2022-10-29,20818.4765625,1619.69848632812,0.0107754906532644,0.0404571793767721,NA,NA,NA,NA,NA,NA,40369840645,21618154775,"Yahoo Finance",TRUE
2022-10-30,20635.603515625,1590.78332519531,-0.00882297871962479,-0.0180134600994686,NA,NA,NA,NA,NA,NA,31486345556,13930073427,"Yahoo Finance",TRUE
2022-10-31,20495.7734375,1572.71447753906,-0.00679921885289936,-0.0114234592684275,NA,NA,NA,NA,NA,NA,45668466815,19306919714,"Yahoo Finance",TRUE
2022-11-01,20485.2734375,1579.70458984375,-0.000512432015794317,0.00443476810130861,NA,NA,NA,NA,NA,NA,39819303159,14507311208,"Yahoo Finance",TRUE
2022-11-02,20159.50390625,1519.71179199219,-0.016030424015856,-0.0387171547563927,NA,NA,NA,NA,NA,NA,55552169483,23254218281,"Yahoo Finance",TRUE
2022-11-03,20209.98828125,1531.54174804688,0.00250111649078733,0.00775420015084638,NA,NA,NA,NA,NA,NA,43228750179,14248351007,"Yahoo Finance",TRUE
2022-11-04,21147.23046875,1645.09338378906,0.0453319982476721,0.0715222443676806,NA,NA,NA,NA,NA,NA,64072727950,20806964347,"Yahoo Finance",TRUE
2022-11-05,21282.69140625,1627.96801757812,0.00638518251971121,-0.0104645287018101,NA,NA,NA,NA,NA,NA,37846047609,11006973190,"Yahoo Finance",TRUE
2022-11-06,20926.486328125,1572.23474121094,-0.0168784872680536,-0.0348346128361072,NA,NA,NA,NA,NA,NA,35082693210,11632744705,"Yahoo Finance",TRUE
2022-11-07,20602.81640625,1568.59130859375,-0.0155878598652262,-0.0023200484163608,NA,NA,NA,NA,NA,NA,53510852236,15279963349,"Yahoo Finance",TRUE
2022-11-08,18541.271484375,1332.83557128906,-0.105428646811461,-0.162869279695882,NA,NA,NA,NA,NA,NA,118992465607,42048003440,"Yahoo Finance",TRUE
2022-11-09,15880.7802734375,1100.16979980469,-0.154889548170148,-0.191844149866427,NA,NA,NA,NA,NA,NA,102905151606,38864492427,"Yahoo Finance",TRUE
2022-11-10,17586.771484375,1299.46459960938,0.102037409011285,0.166487801830802,NA,NA,NA,NA,NA,NA,83202283721,28581002122,"Yahoo Finance",TRUE
2022-11-11,17034.29296875,1287.22106933594,-0.0319184536013015,-0.00946664827229338,NA,NA,NA,NA,NA,NA,55871616488,20920539099,"Yahoo Finance",TRUE
2022-11-12,16799.185546875,1255.26831054688,-0.013898139747381,-0.0251363419111605,NA,NA,NA,NA,NA,NA,29717699419,10964962767,"Yahoo Finance",TRUE
2022-11-13,16353.365234375,1221.81921386719,-0.0268967049846989,-0.0270084360184244,NA,NA,NA,NA,NA,NA,27209183682,10717455214,"Yahoo Finance",TRUE
2022-11-14,16618.19921875,1241.60424804688,0.0160647324045993,0.0160633848912282,NA,NA,NA,NA,NA,NA,49630243054,15028035663,"Yahoo Finance",TRUE
2022-11-15,16884.61328125,1251.73620605469,0.0159043171795155,0.00812726056809865,NA,NA,NA,NA,NA,NA,36599436183,11798011594,"Yahoo Finance",TRUE
2022-11-16,16669.439453125,1215.6025390625,-0.0128256803707369,-0.0292916816483473,NA,NA,NA,NA,NA,NA,33925512989,11939561598,"Yahoo Finance",TRUE
2022-11-17,16687.517578125,1200.80859375,0.00108391942064934,-0.0122447127915075,NA,NA,NA,NA,NA,NA,27868914022,9723646871,"Yahoo Finance",TRUE
2022-11-18,16697.77734375,1212.30029296875,0.000614627845701321,0.00952446543523067,NA,NA,NA,NA,NA,NA,26862218609,7979913378,"Yahoo Finance",TRUE
2022-11-19,16711.546875,1218.4267578125,0.000824292759679324,0.00504086035880036,NA,NA,NA,NA,NA,NA,16106223492,5978745776,"Yahoo Finance",TRUE
2022-11-20,16291.83203125,1142.46667480469,-0.0254360302944203,-0.0643708090930417,NA,NA,NA,NA,NA,NA,21313378652,9651002684,"Yahoo Finance",TRUE
2022-11-21,15787.2841796875,1108.35302734375,-0.0314590625870732,-0.0303145203859083,NA,NA,NA,NA,NA,NA,37429485518,14080099208,"Yahoo Finance",TRUE
2022-11-22,16189.76953125,1135.17346191406,0.0251747150803912,0.0239103148225057,NA,NA,NA,NA,NA,NA,30726828760,12040670755,"Yahoo Finance",TRUE
2022-11-23,16610.70703125,1183.19958496094,0.0256679569857372,0.0414368125013302,NA,NA,NA,NA,NA,NA,32958875628,11242676044,"Yahoo Finance",TRUE
2022-11-24,16604.46484375,1203.98315429688,-0.000375863632257278,0.0174130737033389,NA,NA,NA,NA,NA,NA,26129037414,9706372376,"Yahoo Finance",TRUE
2022-11-25,16521.841796875,1198.92590332031,-0.00498837489510251,-0.0042092799372293,NA,NA,NA,NA,NA,NA,18678255976,5483308196,"Yahoo Finance",TRUE
2022-11-26,16464.28125,1205.89794921875,-0.00348998912162379,0.00579840009924393,NA,NA,NA,NA,NA,NA,18000008764,5074160558,"Yahoo Finance",TRUE
2022-11-27,16444.626953125,1195.126953125,-0.00119446680458068,-0.0089720588375668,NA,NA,NA,NA,NA,NA,20443898509,4486976868,"Yahoo Finance",TRUE
2022-11-28,16217.322265625,1170.08618164062,-0.0139188482409711,-0.0211750110465809,NA,NA,NA,NA,NA,NA,27743025156,7275411870,"Yahoo Finance",TRUE
2022-11-29,16444.982421875,1216.90124511719,0.0139404641103464,0.0392302589290185,NA,NA,NA,NA,NA,NA,23581685468,7639405818,"Yahoo Finance",TRUE
2022-11-30,17168.56640625,1295.68859863281,0.0430597665839443,0.0627346256779369,NA,NA,NA,NA,NA,NA,29523576583,9836925304,"Yahoo Finance",TRUE
2022-12-01,16967.1328125,1276.27392578125,-0.0118020685953688,-0.0150974529655006,NA,NA,NA,NA,NA,NA,22895392882,6857935276,"Yahoo Finance",TRUE
2022-12-02,17088.66015625,1294.30334472656,0.00713698604580593,0.0140277553999226,NA,NA,NA,NA,NA,NA,19539705127,6213645709,"Yahoo Finance",TRUE
2022-12-03,16908.236328125,1243.33483886719,-0.0106142348677967,-0.0401754367881955,NA,NA,NA,NA,NA,NA,16217776704,5672609405,"Yahoo Finance",TRUE
2022-12-04,17130.486328125,1280.25659179688,0.0130588424633657,0.0292633643109248,NA,NA,NA,NA,NA,NA,16824520830,5174128454,"Yahoo Finance",TRUE
2022-12-05,16974.826171875,1259.6767578125,-0.00912826921715393,-0.0162053735505872,NA,NA,NA,NA,NA,NA,22209086834,6120359523,"Yahoo Finance",TRUE
2022-12-06,17089.50390625,1271.65380859375,0.0067330352508197,0.0094631181872602,NA,NA,NA,NA,NA,NA,19889922369,5089212680,"Yahoo Finance",TRUE
2022-12-07,16848.126953125,1232.4375,-0.0142249778324377,-0.0313243491098492,NA,NA,NA,NA,NA,NA,19675404389,5752205180,"Yahoo Finance",TRUE
2022-12-08,17233.474609375,1281.11633300781,0.0226142000810388,0.0387379172952178,NA,NA,NA,NA,NA,NA,20496603770,6227269815,"Yahoo Finance",TRUE
2022-12-09,17133.15234375,1264.28479003906,-0.00583837050588798,-0.0132252540832773,NA,NA,NA,NA,NA,NA,20328426366,5706183865,"Yahoo Finance",TRUE
2022-12-10,17128.724609375,1266.38415527344,-0.000258464205314723,0.00165913895600411,NA,NA,NA,NA,NA,NA,12706781969,3282499999,"Yahoo Finance",TRUE
2022-12-11,17104.193359375,1263.86853027344,-0.00143319679738951,-0.00198843842217311,NA,NA,NA,NA,NA,NA,14122486832,3362005848,"Yahoo Finance",TRUE
2022-12-12,17206.4375,1274.61901855469,0.00595992791230593,0.0084700455258373,NA,NA,NA,NA,NA,NA,19617581341,5151109364,"Yahoo Finance",TRUE
2022-12-13,17781.318359375,1320.54919433594,0.0328647887307287,0.0354003814045782,NA,NA,NA,NA,NA,NA,26634741631,8812883119,"Yahoo Finance",TRUE
2022-12-14,17815.650390625,1309.32873535156,0.00192893064217081,-0.00853311626488296,NA,NA,NA,NA,NA,NA,25534481470,7830915428,"Yahoo Finance",TRUE
2022-12-15,17364.865234375,1266.35388183594,-0.0256283810210238,-0.0333727779430868,NA,NA,NA,NA,NA,NA,20964448341,6032859783,"Yahoo Finance",TRUE
2022-12-16,16647.484375,1168.25939941406,-0.0421898089815009,-0.0806268638905214,NA,NA,NA,NA,NA,NA,24031608960,9297811507,"Yahoo Finance",TRUE
2022-12-17,16795.091796875,1188.14953613281,0.00882757235289233,0.0168821368974204,NA,NA,NA,NA,NA,NA,14463581825,5077258586,"Yahoo Finance",TRUE
2022-12-18,16757.9765625,1184.71520996094,-0.00221233117135888,-0.00289466862835486,NA,NA,NA,NA,NA,NA,10924354698,3350092519,"Yahoo Finance",TRUE
2022-12-19,16439.6796875,1167.60986328125,-0.0191764518948538,-0.0145436091113016,NA,NA,NA,NA,NA,NA,17221074814,4943628091,"Yahoo Finance",TRUE
2022-12-20,16906.3046875,1217.70361328125,0.027988705082473,0.0420079933812278,NA,NA,NA,NA,NA,NA,22722096615,6684951715,"Yahoo Finance",TRUE
2022-12-21,16817.53515625,1213.59997558594,-0.00526450942017753,-0.00337567189132848,NA,NA,NA,NA,NA,NA,14882945045,4217182733,"Yahoo Finance",TRUE
2022-12-22,16830.341796875,1218.18212890625,0.000761215411079874,0.00376856029563033,NA,NA,NA,NA,NA,NA,16441573050,5297471739,"Yahoo Finance",TRUE
2022-12-23,16796.953125,1220.15942382812,-0.00198580842882201,0.0016218362460938,NA,NA,NA,NA,NA,NA,15329265213,4835831923,"Yahoo Finance",TRUE
2022-12-24,16847.755859375,1221.14855957031,0.0030199561547235,0.000810332660228674,NA,NA,NA,NA,NA,NA,9744636213,2626153345,"Yahoo Finance",TRUE
2022-12-25,16841.986328125,1218.96203613281,-0.000342509673970426,-0.00179215157425627,NA,NA,NA,NA,NA,NA,11656379938,3942720070,"Yahoo Finance",TRUE
2022-12-26,16919.8046875,1226.97436523438,0.0046098559846719,0.00655156671818169,NA,NA,NA,NA,NA,NA,11886957804,3282098400,"Yahoo Finance",TRUE
2022-12-27,16717.173828125,1212.79162597656,-0.0120482468683782,-0.0116264421015746,NA,NA,NA,NA,NA,NA,15748580239,4091530737,"Yahoo Finance",TRUE
2022-12-28,16552.572265625,1189.98608398438,-0.00989505030025128,-0.0189832182551468,NA,NA,NA,NA,NA,NA,17005713920,4991669631,"Yahoo Finance",TRUE
2022-12-29,16642.341796875,1201.59533691406,0.00540864482552017,0.00970850836527948,NA,NA,NA,NA,NA,NA,14472237479,4132233940,"Yahoo Finance",TRUE
2022-12-30,16602.5859375,1199.23278808594,-0.0023916958787602,-0.00196811222438509,NA,NA,NA,NA,NA,NA,15929162910,4055668253,"Yahoo Finance",TRUE
2022-12-31,16547.49609375,1196.77124023438,-0.00332366564955855,-0.00205471166866911,NA,NA,NA,NA,NA,NA,11239186456,3018513333,"Yahoo Finance",TRUE
2023-01-01,16625.080078125,1200.96484375,0.00467760631157788,0.00349797279162445,NA,NA,NA,NA,NA,NA,9244361700,2399674550,"Yahoo Finance",TRUE
2023-01-02,16688.470703125,1214.65661621094,0.00380570068470476,0.0113361462571859,NA,NA,NA,NA,NA,NA,12097775227,3765758498,"Yahoo Finance",TRUE
2023-01-03,16679.857421875,1214.77880859375,-0.000516254899498136,0.000100593233858248,NA,NA,NA,NA,NA,NA,13903079207,3392972131,"Yahoo Finance",TRUE
2023-01-04,16863.23828125,1256.52661132812,0.0109341539620349,0.0337892470301151,NA,NA,NA,NA,NA,NA,18421743322,6404416893,"Yahoo Finance",TRUE
2023-01-05,16836.736328125,1250.43859863281,-0.0015728177184382,-0.00485688803244066,NA,NA,NA,NA,NA,NA,13692758566,4001786456,"Yahoo Finance",TRUE
2023-01-06,16951.96875,1269.37902832031,0.00682079223555299,0.0150334581381282,NA,NA,NA,NA,NA,NA,14413662913,4977252792,"Yahoo Finance",TRUE
2023-01-07,16955.078125,1264.27038574219,0.000183405828304117,-0.00403264119567126,NA,NA,NA,NA,NA,NA,7714767174,2565213548,"Yahoo Finance",TRUE
2023-01-08,17091.14453125,1287.35949707031,0.00799308234902085,0.0180980334924206,NA,NA,NA,NA,NA,NA,9768827914,3495088905,"Yahoo Finance",TRUE
2023-01-09,17196.5546875,1321.53894042969,0.00614858918730654,0.0262037023568134,NA,NA,NA,NA,NA,NA,18624736866,7990438824,"Yahoo Finance",TRUE
2023-01-10,17446.29296875,1336.58605957031,0.0144181338708869,0.0113217248025688,NA,NA,NA,NA,NA,NA,15808338949,5830173253,"Yahoo Finance",TRUE
2023-01-11,17934.896484375,1387.93273925781,0.0276211504977315,0.0376967558913641,NA,NA,NA,NA,NA,NA,18372283782,6314904311,"Yahoo Finance",TRUE
2023-01-12,18869.587890625,1417.9384765625,0.0508031804901865,0.0213886375326418,NA,NA,NA,NA,NA,NA,34971338710,12230193038,"Yahoo Finance",TRUE
2023-01-13,19909.57421875,1451.61486816406,0.0536492128036699,0.0234725992132718,NA,NA,NA,NA,NA,NA,29225029694,7684148212,"Yahoo Finance",TRUE
2023-01-14,20976.298828125,1550.70690917969,0.0521924405608409,0.0660342584927616,NA,NA,NA,NA,NA,NA,38967784639,15444626014,"Yahoo Finance",TRUE
2023-01-15,20880.798828125,1552.4794921875,-0.0045631527773633,0.00114242779603657,NA,NA,NA,NA,NA,NA,19298407543,6774614499,"Yahoo Finance",TRUE
2023-01-16,21169.6328125,1576.83349609375,0.0137377199522764,0.0155653945168561,NA,NA,NA,NA,NA,NA,26792494050,8454485431,"Yahoo Finance",TRUE
2023-01-17,21161.51953125,1567.84606933594,-0.000383324379333416,-0.00571597267119017,NA,NA,NA,NA,NA,NA,24999983362,7599462786,"Yahoo Finance",TRUE
2023-01-18,20688.78125,1515.50695800781,-0.0225928311533004,-0.033952738308499,NA,NA,NA,NA,NA,NA,30005625418,10354880595,"Yahoo Finance",TRUE
2023-01-19,21086.79296875,1552.55651855469,0.0190553341028981,0.0241529302946448,NA,NA,NA,NA,NA,NA,21152848261,6432638856,"Yahoo Finance",TRUE
2023-01-20,22676.552734375,1659.75415039062,0.0726845526110473,0.0667665501969203,NA,NA,NA,NA,NA,NA,28799154319,8528894754,"Yahoo Finance",TRUE
2023-01-21,22777.625,1627.1181640625,0.0044472229944521,-0.0198590366671016,NA,NA,NA,NA,NA,NA,32442278429,8859250310,"Yahoo Finance",TRUE
2023-01-22,22720.416015625,1628.38208007812,-0.00251479023043188,0.000776480408136493,NA,NA,NA,NA,NA,NA,24746386230,7517988734,"Yahoo Finance",TRUE
2023-01-23,22934.431640625,1628.25109863281,0.00937544219856967,-8.0439790542286e-05,NA,NA,NA,NA,NA,NA,26518700512,8264507375,"Yahoo Finance",TRUE
2023-01-24,22636.46875,1556.60424804688,-0.0130770792009063,-0.044999808582074,NA,NA,NA,NA,NA,NA,26405069715,8180274691,"Yahoo Finance",TRUE
2023-01-25,23117.859375,1611.71105957031,0.0210431847013233,0.0347896999813386,NA,NA,NA,NA,NA,NA,30685366709,10598973448,"Yahoo Finance",TRUE
2023-01-26,23032.77734375,1603.10595703125,-0.00368714859384411,-0.00535341392420197,NA,NA,NA,NA,NA,NA,26357839322,8395315241,"Yahoo Finance",TRUE
2023-01-27,23078.728515625,1598.15649414062,0.00199304647416554,-0.00309219685038808,NA,NA,NA,NA,NA,NA,25383335641,8124465373,"Yahoo Finance",TRUE
2023-01-28,23031.08984375,1572.43505859375,-0.0020663143130939,-0.0162253632529961,NA,NA,NA,NA,NA,NA,14712928379,5803653357,"Yahoo Finance",TRUE
2023-01-29,23774.56640625,1646.15563964844,0.0317713353850451,0.0458172435236452,NA,NA,NA,NA,NA,NA,27423687259,8801292300,"Yahoo Finance",TRUE
2023-01-30,22840.138671875,1567.32653808594,-0.040096914665952,-0.0490713281784076,NA,NA,NA,NA,NA,NA,27205595568,9180418120,"Yahoo Finance",TRUE
2023-01-31,23139.283203125,1586.53540039062,0.0130122885395139,0.0121813194132603,NA,NA,NA,NA,NA,NA,22837828665,6585191019,"Yahoo Finance",TRUE
2023-02-01,23723.76953125,1641.79272460938,0.0249457345900037,0.0342361242655027,NA,NA,NA,NA,NA,NA,26683255504,8116969489,"Yahoo Finance",TRUE
2023-02-02,23471.87109375,1643.24157714844,-0.0106747498773689,0.000882092848913274,NA,NA,NA,NA,NA,NA,32066936882,10558081069,"Yahoo Finance",TRUE
2023-02-03,23449.322265625,1664.74560546875,-0.000961136247671135,0.0130014598296384,NA,NA,NA,NA,NA,NA,27083066007,8169519805,"Yahoo Finance",TRUE
2023-02-04,23331.84765625,1667.05920410156,-0.00502231374286488,0.00138879624522481,NA,NA,NA,NA,NA,NA,15639298538,5843302512,"Yahoo Finance",TRUE
2023-02-05,22955.666015625,1631.64587402344,-0.0162544882312758,-0.0214718744556892,NA,NA,NA,NA,NA,NA,19564262605,6926696531,"Yahoo Finance",TRUE
2023-02-06,22760.109375,1616.2470703125,-0.00855537642128468,-0.00948240558290259,NA,NA,NA,NA,NA,NA,23825006542,6919871886,"Yahoo Finance",TRUE
2023-02-07,23264.291015625,1672.00354003906,0.0219101957149324,0.0339157934512357,NA,NA,NA,NA,NA,NA,27187964471,8030277434,"Yahoo Finance",TRUE
2023-02-08,22939.3984375,1650.716796875,-0.0140637224840052,-0.0128130159816067,NA,NA,NA,NA,NA,NA,25371367758,7806089579,"Yahoo Finance",TRUE
2023-02-09,21819.0390625,1546.43823242188,-0.0500729479211177,-0.0652552438195881,NA,NA,NA,NA,NA,NA,32572572185,10524969124,"Yahoo Finance",TRUE
2023-02-10,21651.18359375,1514.869140625,-0.00772281772490402,-0.0206253127016733,NA,NA,NA,NA,NA,NA,27078406594,8397387897,"Yahoo Finance",TRUE
2023-02-11,21870.875,1539.9267578125,0.0100957206218251,0.0164057960268753,NA,NA,NA,NA,NA,NA,16356226232,5064007416,"Yahoo Finance",TRUE
2023-02-12,21788.203125,1515.03369140625,-0.00378716076294516,-0.0162971781664796,NA,NA,NA,NA,NA,NA,17821046406,5319698775,"Yahoo Finance",TRUE
2023-02-13,21808.1015625,1507.16589355469,0.000912849794238113,-0.00520668169307381,NA,NA,NA,NA,NA,NA,23918742607,9363855114,"Yahoo Finance",TRUE
2023-02-14,22220.8046875,1556.87512207031,0.0187474660501366,0.0324496898686055,NA,NA,NA,NA,NA,NA,26792596581,9249575045,"Yahoo Finance",TRUE
2023-02-15,24307.841796875,1673.74597167969,0.089770007863196,0.0723835258153347,NA,NA,NA,NA,NA,NA,32483312909,10015035156,"Yahoo Finance",TRUE
2023-02-16,23623.474609375,1640.06762695312,-0.0285581014815648,-0.0203267343239499,NA,NA,NA,NA,NA,NA,39316664596,12704861676,"Yahoo Finance",TRUE
2023-02-17,24565.6015625,1694.78332519531,0.0391062494260996,0.0328174239851053,NA,NA,NA,NA,NA,NA,41358451255,9802443159,"Yahoo Finance",TRUE
2023-02-18,24641.27734375,1691.81945800781,0.00307582364881398,-0.00175034873230739,NA,NA,NA,NA,NA,NA,19625427158,5491437195,"Yahoo Finance",TRUE
2023-02-19,24327.642578125,1681.43615722656,-0.0128097190944381,-0.00615626845943762,NA,NA,NA,NA,NA,NA,25555105670,6959144003,"Yahoo Finance",TRUE
2023-02-20,24829.1484375,1702.67517089844,0.0204050447443151,0.012552360417919,NA,NA,NA,NA,NA,NA,28987376573,7703604237,"Yahoo Finance",TRUE
2023-02-21,24436.353515625,1658.03637695312,-0.0159463815377237,-0.0265666474105828,NA,NA,NA,NA,NA,NA,31252098714,8721608198,"Yahoo Finance",TRUE
2023-02-22,24188.84375,1643.23168945312,-0.0101803968810028,-0.00896915151985489,NA,NA,NA,NA,NA,NA,30199996781,9189387004,"Yahoo Finance",TRUE
2023-02-23,23947.4921875,1651.07385253906,-0.0100279167620183,0.00476105072802468,NA,NA,NA,NA,NA,NA,30476264066,9013236167,"Yahoo Finance",TRUE
2023-02-24,23198.126953125,1608.37316894531,-0.0317920674064442,-0.0262026818695578,NA,NA,NA,NA,NA,NA,26811744928,8909129423,"Yahoo Finance",TRUE
2023-02-25,23175.375,1594.91491699219,-0.000981248083164132,-0.00840282283684157,NA,NA,NA,NA,NA,NA,16100721565,5657686235,"Yahoo Finance",TRUE
2023-02-26,23561.212890625,1640.81713867188,0.01651154583387,0.0283739818004634,NA,NA,NA,NA,NA,NA,16644534842,5727967432,"Yahoo Finance",TRUE
2023-02-27,23522.87109375,1634.32641601562,-0.00162865249169464,-0.00396363154500357,NA,NA,NA,NA,NA,NA,22660763494,7239824677,"Yahoo Finance",TRUE
2023-02-28,23147.353515625,1605.89514160156,-0.0160927308751031,-0.0175494197532213,NA,NA,NA,NA,NA,NA,20535363434,6323676957,"Yahoo Finance",TRUE
2023-03-01,23646.55078125,1663.43371582031,0.0213368049391622,0.0352026477292293,NA,NA,NA,NA,NA,NA,24662841200,7701847224,"Yahoo Finance",TRUE
2023-03-02,23475.466796875,1647.3193359375,-0.00726135020948071,-0.00973464760741294,NA,NA,NA,NA,NA,NA,20386398516,7080950926,"Yahoo Finance",TRUE
2023-03-03,22362.6796875,1569.16760253906,-0.0485624257297719,-0.0486040325649597,NA,NA,NA,NA,NA,NA,26062404610,9922240199,"Yahoo Finance",TRUE
2023-03-04,22353.349609375,1566.92395019531,-0.000417303522119994,-0.00143085920089892,NA,NA,NA,NA,NA,NA,11166012913,4389045367,"Yahoo Finance",TRUE
2023-03-05,22435.513671875,1564.46875,0.0036689546753248,-0.00156812059903721,NA,NA,NA,NA,NA,NA,13317001733,5020886238,"Yahoo Finance",TRUE
2023-03-06,22429.7578125,1567.39868164062,-0.000256584178192298,0.0018710450294197,NA,NA,NA,NA,NA,NA,17353192895,5245153345,"Yahoo Finance",TRUE
2023-03-07,22219.76953125,1561.93310546875,-0.00940613896604248,-0.00349313022796061,NA,NA,NA,NA,NA,NA,22765452204,6854058349,"Yahoo Finance",TRUE
2023-03-08,21718.080078125,1534.08825683594,-0.0228373150611318,-0.0179879892146273,NA,NA,NA,NA,NA,NA,22536575684,7130327525,"Yahoo Finance",TRUE
2023-03-09,20363.021484375,1438.66076660156,-0.0644245133285324,-0.0642235774267599,NA,NA,NA,NA,NA,NA,30364664171,9457897583,"Yahoo Finance",TRUE
2023-03-10,20187.244140625,1429.15808105469,-0.00866965688311438,-0.00662714127404129,NA,NA,NA,NA,NA,NA,39578257695,12665194936,"Yahoo Finance",TRUE
2023-03-11,20632.41015625,1482.61669921875,0.0218122212441116,0.0367230502651745,NA,NA,NA,NA,NA,NA,30180288176,14917080154,"Yahoo Finance",TRUE
2023-03-12,22163.94921875,1590.29296875,0.0716039118453295,0.0701096896885751,NA,NA,NA,NA,NA,NA,29279035521,11480965122,"Yahoo Finance",TRUE
2023-03-13,24197.533203125,1680.30895996094,0.0877836343684848,0.0550594249110556,NA,NA,NA,NA,NA,NA,49466362688,15711468959,"Yahoo Finance",TRUE
2023-03-14,24746.07421875,1703.50708007812,0.022416164797507,0.0137114330597958,NA,NA,NA,NA,NA,NA,54622230164,16159781303,"Yahoo Finance",TRUE
2023-03-15,24375.9609375,1656.18054199219,-0.0150694198256183,-0.0281750413425721,NA,NA,NA,NA,NA,NA,43655701450,12715339905,"Yahoo Finance",TRUE
2023-03-16,25052.7890625,1677.21545410156,0.0273877219696494,0.012620877536401,NA,NA,NA,NA,NA,NA,33866061747,9364980166,"Yahoo Finance",TRUE
2023-03-17,27423.9296875,1792.48510742188,0.0904308173547879,0.0664680346857667,NA,NA,NA,NA,NA,NA,50730261335,12467445117,"Yahoo Finance",TRUE
2023-03-18,26965.87890625,1761.65966796875,-0.016843655914947,-0.0173466273094229,NA,NA,NA,NA,NA,NA,35723036817,10317822213,"Yahoo Finance",TRUE
2023-03-19,28038.67578125,1785.57653808594,0.0390125123969636,0.0134849957303409,NA,NA,NA,NA,NA,NA,37769448859,9170565472,"Yahoo Finance",TRUE
2023-03-20,27767.236328125,1735.3212890625,-0.00972805867707471,-0.0285487763349419,NA,NA,NA,NA,NA,NA,44774027664,10978325507,"Yahoo Finance",TRUE
2023-03-21,28175.81640625,1806.7607421875,0.0146072594573106,0.0403430194784899,NA,NA,NA,NA,NA,NA,36102192830,10758627746,"Yahoo Finance",TRUE
2023-03-22,27307.4375,1737.71704101562,-0.031304934786025,-0.0389633904013342,NA,NA,NA,NA,NA,NA,33382021890,12484103560,"Yahoo Finance",TRUE
2023-03-23,28333.97265625,1816.40515136719,0.0369024309214421,0.0442871499209607,NA,NA,NA,NA,NA,NA,24220433689,11012966854,"Yahoo Finance",TRUE
2023-03-24,27493.28515625,1752.04479980469,-0.0301197331855558,-0.0360757934168499,NA,NA,NA,NA,NA,NA,25980310960,10913669383,"Yahoo Finance",TRUE
2023-03-25,27494.70703125,1743.76477050781,5.17158362658421e-05,-0.00473712575827268,NA,NA,NA,NA,NA,NA,13383005987,6614309912,"Yahoo Finance",TRUE
2023-03-26,27994.330078125,1775.6767578125,0.0180084779034715,0.0181351851749403,NA,NA,NA,NA,NA,NA,13878363192,6990313307,"Yahoo Finance",TRUE
2023-03-27,27139.888671875,1715.46081542969,-0.0309974400560318,-0.034499880699852,NA,NA,NA,NA,NA,NA,18188895178,8585750760,"Yahoo Finance",TRUE
2023-03-28,27268.130859375,1772.78564453125,0.00471410009391349,0.0328703783446542,NA,NA,NA,NA,NA,NA,17783600385,8346890042,"Yahoo Finance",TRUE
2023-03-29,28348.44140625,1793.00183105469,0.0388533993126909,0.0113390959329838,NA,NA,NA,NA,NA,NA,20684945906,9136176952,"Yahoo Finance",TRUE
2023-03-30,28033.5625,1792.73718261719,-0.0111695987413327,-0.000147611656604596,NA,NA,NA,NA,NA,NA,22435349951,9724496987,"Yahoo Finance",TRUE
2023-03-31,28478.484375,1822.02209472656,0.0157464148884543,0.0162033212080175,NA,NA,NA,NA,NA,NA,19001327598,9149379763,"Yahoo Finance",TRUE
2023-04-01,28411.03515625,1813.86059570312,-0.00237123642140169,-0.00448942577426692,NA,NA,NA,NA,NA,NA,10876469901,5556443606,"Yahoo Finance",TRUE
2023-04-02,28199.30859375,1795.70812988281,-0.00748017184497485,-0.0100580541511262,NA,NA,NA,NA,NA,NA,12284641999,6199721188,"Yahoo Finance",TRUE
2023-04-03,27790.220703125,1810.29711914062,-0.0146132741503955,0.0080915405547195,NA,NA,NA,NA,NA,NA,19556501327,9643826401,"Yahoo Finance",TRUE
2023-04-04,28168.08984375,1871.00512695312,0.013505585874638,0.0329848014817582,NA,NA,NA,NA,NA,NA,15284538859,10398322335,"Yahoo Finance",TRUE
2023-04-05,28177.984375,1909.11401367188,0.000351205704706814,0.0201634797423695,NA,NA,NA,NA,NA,NA,17052315986,10319231689,"Yahoo Finance",TRUE
2023-04-06,28044.140625,1872.92260742188,-0.00476125734657984,-0.0191391647595776,NA,NA,NA,NA,NA,NA,13837809380,8263191830,"Yahoo Finance",TRUE
2023-04-07,27925.859375,1865.63610839844,-0.00422660089629545,-0.00389803066027294,NA,NA,NA,NA,NA,NA,10861680497,8356130492,"Yahoo Finance",TRUE
2023-04-08,27947.794921875,1849.49816894531,0.000785183939658651,-0.00868772956850528,NA,NA,NA,NA,NA,NA,9373255556,5016362733,"Yahoo Finance",TRUE
2023-04-09,28333.05078125,1859.38781738281,0.0136906925289075,0.00533296084743462,NA,NA,NA,NA,NA,NA,12175322951,6361497715,"Yahoo Finance",TRUE
2023-04-10,29652.98046875,1911.20751953125,0.0455336467573897,0.0274879483667183,NA,NA,NA,NA,NA,NA,19282400094,8380134275,"Yahoo Finance",TRUE
2023-04-11,30235.05859375,1892.18969726562,0.0194394895643324,-0.0100005230480811,NA,NA,NA,NA,NA,NA,20121259843,8877222956,"Yahoo Finance",TRUE
2023-04-12,30139.052734375,1920.68212890625,-0.00318036781613351,0.0149456699872204,NA,NA,NA,NA,NA,NA,18651929926,11010714187,"Yahoo Finance",TRUE
2023-04-13,30399.06640625,2012.63464355469,0.00859013376828166,0.046764233285983,NA,NA,NA,NA,NA,NA,17487721001,12546950499,"Yahoo Finance",TRUE
2023-04-14,30485.69921875,2101.63549804688,0.00284579796201712,0.0432712185067912,NA,NA,NA,NA,NA,NA,22659995079,16298099411,"Yahoo Finance",TRUE
2023-04-15,30318.49609375,2092.466796875,-0.00549973716752206,-0.00437219463568095,NA,NA,NA,NA,NA,NA,11940685378,8036468153,"Yahoo Finance",TRUE
2023-04-16,30315.35546875,2120.005859375,-0.000103593122386059,0.0130751969628315,NA,NA,NA,NA,NA,NA,12854816417,7898126856,"Yahoo Finance",TRUE
2023-04-17,29445.044921875,2076.24291992188,-0.0291287232768198,-0.0208588806282872,NA,NA,NA,NA,NA,NA,17872186762,9648882546,"Yahoo Finance",TRUE
2023-04-18,30397.552734375,2104.53735351562,0.0318364609978161,0.0135356865170868,NA,NA,NA,NA,NA,NA,19480529496,9134015143,"Yahoo Finance",TRUE
2023-04-19,28822.6796875,1936.40344238281,-0.0531995366286733,-0.0832633016202138,NA,NA,NA,NA,NA,NA,24571565421,13779745451,"Yahoo Finance",TRUE
2023-04-20,28245.98828125,1943.09765625,-0.0202111266192802,0.0034510728781596,NA,NA,NA,NA,NA,NA,21340360360,11324135406,"Yahoo Finance",TRUE
2023-04-21,27276.91015625,1849.99987792969,-0.034910877271713,-0.0490978565767,NA,NA,NA,NA,NA,NA,20759504330,12044274581,"Yahoo Finance",TRUE
2023-04-22,27817.5,1874.22863769531,0.0196247565563983,0.0130116084415182,NA,NA,NA,NA,NA,NA,13125734602,6970642726,"Yahoo Finance",TRUE
2023-04-23,27591.384765625,1862.06201171875,-0.00816174122737934,-0.00651269942430766,NA,NA,NA,NA,NA,NA,12785446832,6607451862,"Yahoo Finance",TRUE
2023-04-24,27525.33984375,1842.75744628906,-0.00239654855957028,-0.0104214201874875,NA,NA,NA,NA,NA,NA,17703288330,8438191338,"Yahoo Finance",TRUE
2023-04-25,28307.59765625,1866.75366210938,0.0280232077739537,0.0129378507524773,NA,NA,NA,NA,NA,NA,17733373139,8677255481,"Yahoo Finance",TRUE
2023-04-26,28422.701171875,1866.56420898438,0.00405792586857956,-0.000101493165973743,NA,NA,NA,NA,NA,NA,31854242019,14356524696,"Yahoo Finance",TRUE
2023-04-27,29473.787109375,1908.78637695312,0.0363131328622952,0.0223682158443061,NA,NA,NA,NA,NA,NA,27153445027,14008145806,"Yahoo Finance",TRUE
2023-04-28,29340.26171875,1892.51281738281,-0.00454060288975278,-0.00856215633488322,NA,NA,NA,NA,NA,NA,17544464887,7691759733,"Yahoo Finance",TRUE
2023-04-29,29248.48828125,1908.9169921875,-0.00313280322788323,0.00863058241297043,NA,NA,NA,NA,NA,NA,10662634333,4796651246,"Yahoo Finance",TRUE
2023-04-30,29268.806640625,1876.92431640625,0.000694439488997389,-0.016901626227118,NA,NA,NA,NA,NA,NA,14652199272,6539641957,"Yahoo Finance",TRUE
2023-05-01,28091.568359375,1831.95483398438,-0.0410528562110155,-0.0242508232084155,NA,NA,NA,NA,NA,NA,18655599976,8625783201,"Yahoo Finance",TRUE
2023-05-02,28680.537109375,1870.78930664062,0.0207492702911214,0.0209768189152122,NA,NA,NA,NA,NA,NA,16432924527,7536785767,"Yahoo Finance",TRUE
2023-05-03,29006.30859375,1904.65185546875,0.0112946008250283,0.0179388079179388,NA,NA,NA,NA,NA,NA,19122972518,8306390869,"Yahoo Finance",TRUE
2023-05-04,28847.7109375,1877.7041015625,-0.00548269782537503,-0.0142494308737442,NA,NA,NA,NA,NA,NA,15548678514,6578438233,"Yahoo Finance",TRUE
2023-05-05,29534.384765625,1995.06091308594,0.0235245236353521,0.0606247747820925,NA,NA,NA,NA,NA,NA,17936566518,9498261360,"Yahoo Finance",TRUE
2023-05-06,28904.623046875,1900.22180175781,-0.0215536205091471,-0.0487039656245232,NA,NA,NA,NA,NA,NA,15913866714,9623243037,"Yahoo Finance",TRUE
2023-05-07,28454.978515625,1873.07641601562,-0.0156784123199927,-0.01438839576966,NA,NA,NA,NA,NA,NA,11301355486,6883942236,"Yahoo Finance",TRUE
2023-05-08,27694.2734375,1849.04272460938,-0.0270974803125892,-0.0129141623450053,NA,NA,NA,NA,NA,NA,19122903752,9895102899,"Yahoo Finance",TRUE
2023-05-09,27658.775390625,1848.60314941406,-0.00128260511364608,-0.000237759489340128,NA,NA,NA,NA,NA,NA,14128593256,6129516088,"Yahoo Finance",TRUE
2023-05-10,27621.755859375,1842.40148925781,-0.00133933361155414,-0.0033604216734151,NA,NA,NA,NA,NA,NA,20656025026,9945549603,"Yahoo Finance",TRUE
2023-05-11,27000.7890625,1796.49060058594,-0.0227376278728038,-0.025234782361343,NA,NA,NA,NA,NA,NA,16724343943,8353828312,"Yahoo Finance",TRUE
2023-05-12,26804.990234375,1808.01977539062,-0.00727801715592413,0.00639710413864414,NA,NA,NA,NA,NA,NA,19313599897,9047198660,"Yahoo Finance",TRUE
2023-05-13,26784.078125,1796.11486816406,-0.000780461802257548,-0.00660627401633462,NA,NA,NA,NA,NA,NA,9999171605,4647630864,"Yahoo Finance",TRUE
2023-05-14,26930.638671875,1800.5009765625,0.00545701138594623,0.00243902088081871,NA,NA,NA,NA,NA,NA,10014858959,4711210241,"Yahoo Finance",TRUE
2023-05-15,27192.693359375,1817.54992675781,0.00968368817972376,0.00942445357559052,NA,NA,NA,NA,NA,NA,14413231792,6748889346,"Yahoo Finance",TRUE
2023-05-16,27036.650390625,1824.12145996094,-0.00575494330669102,0.00360907925969922,NA,NA,NA,NA,NA,NA,12732238816,5595959668,"Yahoo Finance",TRUE
2023-05-17,27398.802734375,1821.85961914062,0.0133059491984699,-0.00124073112909784,NA,NA,NA,NA,NA,NA,15140006925,6352161579,"Yahoo Finance",TRUE
2023-05-18,26832.208984375,1801.728515625,-0.0208963229384924,-0.0111112576165233,NA,NA,NA,NA,NA,NA,15222938600,5673124255,"Yahoo Finance",TRUE
2023-05-19,26890.12890625,1812.58947753906,0.00215627043017008,0.00600998286591548,NA,NA,NA,NA,NA,NA,11258983301,4796110259,"Yahoo Finance",TRUE
2023-05-20,27129.5859375,1820.47802734375,0.00886560028543393,0.00434264554198993,NA,NA,NA,NA,NA,NA,7044911360,2951655969,"Yahoo Finance",TRUE
2023-05-21,26753.826171875,1804.53137207031,-0.0139473668145378,-0.00879818857440906,NA,NA,NA,NA,NA,NA,8647416921,3386768865,"Yahoo Finance",TRUE
2023-05-22,26851.27734375,1817.53479003906,0.00363589557114352,0.00718014152808788,NA,NA,NA,NA,NA,NA,11056770492,4534841049,"Yahoo Finance",TRUE
2023-05-23,27225.7265625,1854.38061523438,0.0138489626434257,0.0200696682171806,NA,NA,NA,NA,NA,NA,13697203143,6820047160,"Yahoo Finance",TRUE
2023-05-24,26334.818359375,1800.09997558594,-0.033270400187897,-0.0297085348072326,NA,NA,NA,NA,NA,NA,16299104428,7101647419,"Yahoo Finance",TRUE
2023-05-25,26476.20703125,1805.95373535156,0.00535452620513865,0.00324663212293519,NA,NA,NA,NA,NA,NA,13851122697,6321689859,"Yahoo Finance",TRUE
2023-05-26,26719.291015625,1828.68969726562,0.00913933266205724,0.0125108604960102,NA,NA,NA,NA,NA,NA,12711619225,5451414258,"Yahoo Finance",TRUE
2023-05-27,26868.353515625,1831.11828613281,0.00556333034484879,0.0013271675643507,NA,NA,NA,NA,NA,NA,7892015141,3216737652,"Yahoo Finance",TRUE
2023-05-28,28085.646484375,1910.91418457031,0.0443094997536004,0.0426548926813002,NA,NA,NA,NA,NA,NA,14545229578,6359610561,"Yahoo Finance",TRUE
2023-05-29,27745.884765625,1893.078125,-0.0121711121073336,-0.00937761637076662,NA,NA,NA,NA,NA,NA,15181308984,5884674572,"Yahoo Finance",TRUE
2023-05-30,27702.349609375,1901.02661132812,-0.00157029942203302,0.00418992015706543,NA,NA,NA,NA,NA,NA,13251081851,5363439784,"Yahoo Finance",TRUE
2023-05-31,27219.658203125,1874.13049316406,-0.0175777927232659,-0.0142492471188413,NA,NA,NA,NA,NA,NA,15656371534,5984512548,"Yahoo Finance",TRUE
2023-06-01,26819.97265625,1862.20141601562,-0.0147925819911876,-0.00638547001263134,NA,NA,NA,NA,NA,NA,14678970415,5640027197,"Yahoo Finance",TRUE
2023-06-02,27249.58984375,1907.25659179688,0.015891611065797,0.0239065252896253,NA,NA,NA,NA,NA,NA,14837415000,6097746022,"Yahoo Finance",TRUE
2023-06-03,27075.12890625,1892.41247558594,-0.00642291543442042,-0.00781341294009597,NA,NA,NA,NA,NA,NA,8385597470,3472274607,"Yahoo Finance",TRUE
2023-06-04,27119.06640625,1890.51354980469,0.00162148397530082,-0.00100394558497818,NA,NA,NA,NA,NA,NA,9360912318,3747042696,"Yahoo Finance",TRUE
2023-06-05,25760.09765625,1811.82836914062,-0.0514103456988924,-0.042512027518538,NA,NA,NA,NA,NA,NA,21513292646,9246593033,"Yahoo Finance",TRUE
2023-06-06,27238.783203125,1884.49487304688,0.0558151185623359,0.0393233290133361,NA,NA,NA,NA,NA,NA,21929670693,8704411776,"Yahoo Finance",TRUE
2023-06-07,26345.998046875,1832.39599609375,-0.0333254241208092,-0.0280354151638749,NA,NA,NA,NA,NA,NA,19530045082,7919894455,"Yahoo Finance",TRUE
2023-06-08,26508.216796875,1846.30187988281,0.00613836606370555,0.00756025664148829,NA,NA,NA,NA,NA,NA,11904824295,4536041931,"Yahoo Finance",TRUE
2023-06-09,26480.375,1840.22521972656,-0.00105086013773992,-0.00329668845260844,NA,NA,NA,NA,NA,NA,11015551640,4610831509,"Yahoo Finance",TRUE
2023-06-10,25851.240234375,1752.384765625,-0.0240453146774726,-0.0489103826705835,NA,NA,NA,NA,NA,NA,19872933189,10788500406,"Yahoo Finance",TRUE
2023-06-11,25940.16796875,1753.41528320312,0.00343407622434455,0.000587892973616277,NA,NA,NA,NA,NA,NA,10732609603,4559112981,"Yahoo Finance",TRUE
2023-06-12,25902.5,1742.52868652344,-0.00145316500305448,-0.00622815008748923,NA,NA,NA,NA,NA,NA,11677889997,6031384958,"Yahoo Finance",TRUE
2023-06-13,25918.728515625,1739.03759765625,0.000626326955973866,-0.00200547095893189,NA,NA,NA,NA,NA,NA,14143474486,6214125203,"Yahoo Finance",TRUE
2023-06-14,25124.67578125,1650.51928710938,-0.0311153540326199,-0.0522418975533601,NA,NA,NA,NA,NA,NA,14265717766,7462905534,"Yahoo Finance",TRUE
2023-06-15,25576.39453125,1665.51977539062,0.0178193754101166,0.0090472942680293,NA,NA,NA,NA,NA,NA,15837384409,7328564880,"Yahoo Finance",TRUE
2023-06-16,26327.462890625,1716.66882324219,0.0289427732653706,0.030248430137366,NA,NA,NA,NA,NA,NA,16324646965,6281023479,"Yahoo Finance",TRUE
2023-06-17,26510.67578125,1727.2041015625,0.00693490079320647,0.00611829264011288,NA,NA,NA,NA,NA,NA,11090276850,4875187477,"Yahoo Finance",TRUE
2023-06-18,26336.212890625,1720.57751464844,-0.00660260343831354,-0.00384397610482345,NA,NA,NA,NA,NA,NA,9565695129,3820038842,"Yahoo Finance",TRUE
2023-06-19,26851.029296875,1737.65942382812,0.0193592472017414,0.00987905016920632,NA,NA,NA,NA,NA,NA,12826986222,5210480121,"Yahoo Finance",TRUE
2023-06-20,28327.48828125,1792.11999511719,0.0535284952851409,0.0308602249030177,NA,NA,NA,NA,NA,NA,22211859147,7171072578,"Yahoo Finance",TRUE
2023-06-21,30027.296875,1891.00720214844,0.0582742132068201,0.0537103244426165,NA,NA,NA,NA,NA,NA,33346760979,11731457711,"Yahoo Finance",TRUE
2023-06-22,29912.28125,1872.94299316406,-0.0038377235796947,-0.00959861142671503,NA,NA,NA,NA,NA,NA,20653160491,8477657143,"Yahoo Finance",TRUE
2023-06-23,30695.46875,1892.86206054688,0.0258459057681542,0.0105790145105615,NA,NA,NA,NA,NA,NA,24115570085,8290615074,"Yahoo Finance",TRUE
2023-06-24,30548.6953125,1876.05969238281,-0.00479306790249368,-0.00891633235310252,NA,NA,NA,NA,NA,NA,12147822496,5026191704,"Yahoo Finance",TRUE
2023-06-25,30480.26171875,1900.50610351562,-0.00224266072242862,0.0129465519283096,NA,NA,NA,NA,NA,NA,12703464114,6937581709,"Yahoo Finance",TRUE
2023-06-26,30271.130859375,1859.43286132812,-0.00688483593817679,-0.0218486930083541,NA,NA,NA,NA,NA,NA,16493186997,8619702292,"Yahoo Finance",TRUE
2023-06-27,30688.1640625,1889.70336914062,0.0136825634152427,0.0161483412441932,NA,NA,NA,NA,NA,NA,16428827944,7686042202,"Yahoo Finance",TRUE
2023-06-28,30086.24609375,1827.97119140625,-0.0198089179130374,-0.0332131559261688,NA,NA,NA,NA,NA,NA,14571500779,7135265016,"Yahoo Finance",TRUE
2023-06-29,30445.3515625,1852.22729492188,0.0118651975377304,0.013182144849619,NA,NA,NA,NA,NA,NA,13180860821,5677228612,"Yahoo Finance",TRUE
2023-06-30,30477.251953125,1933.18896484375,0.0010472432791655,0.0427820946065856,NA,NA,NA,NA,NA,NA,26387306197,12895131248,"Yahoo Finance",TRUE
2023-07-01,30590.078125,1924.56591796875,0.00369514436307838,-0.00447050758703949,NA,NA,NA,NA,NA,NA,9086606733,5136809625,"Yahoo Finance",TRUE
2023-07-02,30620.76953125,1937.43835449219,0.00100280946914388,0.00666621955055291,NA,NA,NA,NA,NA,NA,10533418042,6343966490,"Yahoo Finance",TRUE
2023-07-03,31156.439453125,1955.38916015625,0.0173424263179598,0.00922256782828512,NA,NA,NA,NA,NA,NA,15271884873,7858509087,"Yahoo Finance",TRUE
2023-07-04,30777.58203125,1936.63354492188,-0.0122343790504438,-0.00963805293170417,NA,NA,NA,NA,NA,NA,12810828427,5683423776,"Yahoo Finance",TRUE
2023-07-05,30514.166015625,1910.58801269531,-0.00859553352129261,-0.0135401248702243,NA,NA,NA,NA,NA,NA,12481622280,6034088075,"Yahoo Finance",TRUE
2023-07-06,29909.337890625,1848.63647460938,-0.0200202996399472,-0.0329627281387843,NA,NA,NA,NA,NA,NA,21129219509,8905008384,"Yahoo Finance",TRUE
2023-07-07,30342.265625,1870.6025390625,0.0143709099802987,0.0118122657788371,NA,NA,NA,NA,NA,NA,13384770155,6468885150,"Yahoo Finance",TRUE
2023-07-08,30292.541015625,1865.53955078125,-0.00164013454570622,-0.00271027774572019,NA,NA,NA,NA,NA,NA,7509378699,4299007854,"Yahoo Finance",TRUE
2023-07-09,30171.234375,1863.009765625,-0.00401254478734003,-0.00135698113650484,NA,NA,NA,NA,NA,NA,7903327692,4392863807,"Yahoo Finance",TRUE
2023-07-10,30414.470703125,1880.55639648438,0.00802953880516633,0.00937435514535334,NA,NA,NA,NA,NA,NA,14828209155,6336468234,"Yahoo Finance",TRUE
2023-07-11,30620.951171875,1878.33605957031,0.00676594836558486,-0.00118137839709753,NA,NA,NA,NA,NA,NA,12151839152,4905225892,"Yahoo Finance",TRUE
2023-07-12,30391.646484375,1872.11376953125,-0.00751666953896724,-0.00331815970437788,NA,NA,NA,NA,NA,NA,14805659717,6379007000,"Yahoo Finance",TRUE
2023-07-13,31476.048828125,2006.51147460938,0.0350591179994648,0.0693294788963694,NA,NA,NA,NA,NA,NA,23686079548,11114853969,"Yahoo Finance",TRUE
2023-07-14,30334.068359375,1939.34704589844,-0.036955452769762,-0.0340462872850882,NA,NA,NA,NA,NA,NA,20917902660,10627449471,"Yahoo Finance",TRUE
2023-07-15,30295.806640625,1931.46655273438,-0.00126214094385801,-0.00407175589882769,NA,NA,NA,NA,NA,NA,8011667756,4380084234,"Yahoo Finance",TRUE
2023-07-16,30249.1328125,1923.68188476562,-0.00154179152848677,-0.00403858822856762,NA,NA,NA,NA,NA,NA,8516564470,4329306566,"Yahoo Finance",TRUE
2023-07-17,30145.888671875,1911.64611816406,-0.00341896529411301,-0.00627628515814393,NA,NA,NA,NA,NA,NA,13240156074,6678090758,"Yahoo Finance",TRUE
2023-07-18,29856.5625,1897.59924316406,-0.00964388649490999,-0.00737518187401687,NA,NA,NA,NA,NA,NA,13138897269,5814708445,"Yahoo Finance",TRUE
2023-07-19,29913.923828125,1889.00793457031,0.00191938695028249,-0.00453774206435043,NA,NA,NA,NA,NA,NA,12128602812,6018487800,"Yahoo Finance",TRUE
2023-07-20,29792.015625,1890.96911621094,-0.00408362630764536,0.00103766863674259,NA,NA,NA,NA,NA,NA,14655207121,7366830684,"Yahoo Finance",TRUE
2023-07-21,29908.744140625,1892.080078125,0.00391045825316638,0.000587336769324764,NA,NA,NA,NA,NA,NA,10972789818,4668158260,"Yahoo Finance",TRUE
2023-07-22,29771.802734375,1864.91235351562,-0.00458915521913106,-0.0144627377669293,NA,NA,NA,NA,NA,NA,7873300598,4101305643,"Yahoo Finance",TRUE
2023-07-23,30084.5390625,1889.19165039062,0.0104496587833918,0.0129349828190897,NA,NA,NA,NA,NA,NA,9220145050,4480604100,"Yahoo Finance",TRUE
2023-07-24,29176.916015625,1850.00207519531,-0.0306335381648584,-0.0209622785597672,NA,NA,NA,NA,NA,NA,15395817395,6344373569,"Yahoo Finance",TRUE
2023-07-25,29227.390625,1857.74194335938,0.00172845548024014,0.00417498045592346,NA,NA,NA,NA,NA,NA,10266772793,4163381707,"Yahoo Finance",TRUE
2023-07-26,29354.97265625,1872.15991210938,0.0043556533334641,0.0077310562696784,NA,NA,NA,NA,NA,NA,13497554655,5781548155,"Yahoo Finance",TRUE
2023-07-27,29210.689453125,1860.35717773438,-0.004927238584294,-0.00632429721290517,NA,NA,NA,NA,NA,NA,10770779217,4291339248,"Yahoo Finance",TRUE
2023-07-28,29319.24609375,1874.74487304688,0.00370944420453512,0.00770408212649354,NA,NA,NA,NA,NA,NA,11218474952,3800973336,"Yahoo Finance",TRUE
2023-07-29,29356.91796875,1881.06884765625,0.00128406076907162,0.0033675688178807,NA,NA,NA,NA,NA,NA,6481775959,2497302218,"Yahoo Finance",TRUE
2023-07-30,29275.30859375,1861.64379882812,-0.00278377378743855,-0.0103802910263626,NA,NA,NA,NA,NA,NA,8678454527,4003005547,"Yahoo Finance",TRUE
2023-07-31,29230.111328125,1856.16235351562,-0.00154506282244249,-0.00294875475467116,NA,NA,NA,NA,NA,NA,11656781982,4391613314,"Yahoo Finance",TRUE
2023-08-01,29675.732421875,1871.79211425781,0.0151302338260884,0.00838521632009215,NA,NA,NA,NA,NA,NA,18272392391,7634860636,"Yahoo Finance",TRUE
2023-08-02,29151.958984375,1839.08972167969,-0.0178075075169097,-0.0176255890830372,NA,NA,NA,NA,NA,NA,19212655598,6448512422,"Yahoo Finance",TRUE
2023-08-03,29178.6796875,1835.13647460938,0.00091618077917488,-0.00215188090477092,NA,NA,NA,NA,NA,NA,12780357746,4710581074,"Yahoo Finance",TRUE
2023-08-04,29074.091796875,1827.712890625,-0.00359083354629597,-0.00405345315002847,NA,NA,NA,NA,NA,NA,12036639988,4861242484,"Yahoo Finance",TRUE
2023-08-05,29042.126953125,1834.98791503906,-0.00110003188992103,0.00397249699997904,NA,NA,NA,NA,NA,NA,6598366353,2866049749,"Yahoo Finance",TRUE
2023-08-06,29041.85546875,1827.46203613281,-9.3479945295627e-06,-0.00410975691098603,NA,NA,NA,NA,NA,NA,7269806994,2963395076,"Yahoo Finance",TRUE
2023-08-07,29180.578125,1826.93884277344,0.00476527380237712,-0.000286336053589409,NA,NA,NA,NA,NA,NA,13618163710,5837881974,"Yahoo Finance",TRUE
2023-08-08,29765.4921875,1855.80737304688,0.0198463869790526,0.0156780401934835,NA,NA,NA,NA,NA,NA,17570561357,5812855406,"Yahoo Finance",TRUE
2023-08-09,29561.494140625,1854.29760742188,-0.00687710141706077,-0.000813866840040589,NA,NA,NA,NA,NA,NA,18379521213,5870081833,"Yahoo Finance",TRUE
2023-08-10,29429.591796875,1850.75341796875,-0.00447194898932857,-0.00191316692260202,NA,NA,NA,NA,NA,NA,11865344789,3760304518,"Yahoo Finance",TRUE
2023-08-11,29397.71484375,1847.12438964844,-0.00108374692180568,-0.00196276333300549,NA,NA,NA,NA,NA,NA,10195168197,3353025102,"Yahoo Finance",TRUE
2023-08-12,29415.96484375,1848.88989257812,0.00062060393713459,0.00095535510912903,NA,NA,NA,NA,NA,NA,6194358008,2291124840,"Yahoo Finance",TRUE
2023-08-13,29282.9140625,1839.28015136719,-0.00453334072444278,-0.00521112792694112,NA,NA,NA,NA,NA,NA,7329897180,3054625661,"Yahoo Finance",TRUE
2023-08-14,29408.443359375,1844.18579101562,0.0042776140747165,0.0026636014153727,NA,NA,NA,NA,NA,NA,14013695304,4083364724,"Yahoo Finance",TRUE
2023-08-15,29170.34765625,1826.93273925781,-0.00812912011875433,-0.00939941254385701,NA,NA,NA,NA,NA,NA,12640195779,4483923893,"Yahoo Finance",TRUE
2023-08-16,28701.779296875,1805.65905761719,-0.0161935848387031,-0.0117128078467283,NA,NA,NA,NA,NA,NA,14949271904,4976573383,"Yahoo Finance",TRUE
2023-08-17,26664.55078125,1684.93347167969,-0.0736241200960635,-0.0691995736731217,NA,NA,NA,NA,NA,NA,31120851211,14208462072,"Yahoo Finance",TRUE
2023-08-18,26049.556640625,1660.94506835938,-0.0233342486538106,-0.0143393216851271,NA,NA,NA,NA,NA,NA,24026236529,9645084584,"Yahoo Finance",TRUE
2023-08-19,26096.205078125,1669.47192382812,0.00178915595079054,0.0051206044890737,NA,NA,NA,NA,NA,NA,10631443812,4871231360,"Yahoo Finance",TRUE
2023-08-20,26189.583984375,1684.85205078125,0.00357186942010657,0.00917039311257106,NA,NA,NA,NA,NA,NA,9036580420,4105056995,"Yahoo Finance",TRUE
2023-08-21,26124.140625,1667.26904296875,-0.00250195886460602,-0.0104907720100265,NA,NA,NA,NA,NA,NA,13371557893,5077248383,"Yahoo Finance",TRUE
2023-08-22,26031.65625,1633.892578125,-0.00354646951925197,-0.0202217316335096,NA,NA,NA,NA,NA,NA,14503820706,7244623133,"Yahoo Finance",TRUE
2023-08-23,26431.640625,1679.2744140625,0.0152484555491608,0.0273965511145216,NA,NA,NA,NA,NA,NA,16985265785,7191868448,"Yahoo Finance",TRUE
2023-08-24,26162.373046875,1659.94458007812,-0.0102395657611254,-0.0115775874136501,NA,NA,NA,NA,NA,NA,12871532023,5104531920,"Yahoo Finance",TRUE
2023-08-25,26047.66796875,1652.93505859375,-0.00439399243694005,-0.00423168524603224,NA,NA,NA,NA,NA,NA,12406045118,5396997823,"Yahoo Finance",TRUE
2023-08-26,26008.462890625,1646.30676269531,-0.00150626198644588,-0.00401807759192074,NA,NA,NA,NA,NA,NA,6034817316,2423247747,"Yahoo Finance",TRUE
2023-08-27,26089.693359375,1657.51306152344,0.00311836504099361,0.00678386982421397,NA,NA,NA,NA,NA,NA,6913768611,2624065031,"Yahoo Finance",TRUE
2023-08-28,26106.150390625,1652.45739746094,0.000630587825121154,-0.00305481154996112,NA,NA,NA,NA,NA,NA,11002805166,4855588534,"Yahoo Finance",TRUE
2023-08-29,27727.392578125,1729.72570800781,0.0602498925708517,0.045699333902423,NA,NA,NA,NA,NA,NA,29368391712,11304916729,"Yahoo Finance",TRUE
2023-08-30,27297.265625,1705.11218261719,-0.0156342893713237,-0.0143319408273452,NA,NA,NA,NA,NA,NA,16343655235,5023904190,"Yahoo Finance",TRUE
2023-08-31,25931.47265625,1645.63916015625,-0.0513291454495892,-0.0355020488675528,NA,NA,NA,NA,NA,NA,20181001451,6593153505,"Yahoo Finance",TRUE
2023-09-01,25800.724609375,1628.4912109375,-0.00505481430067256,-0.0104749072697512,NA,NA,NA,NA,NA,NA,17202862221,6104510092,"Yahoo Finance",TRUE
2023-09-02,25868.798828125,1637.025390625,0.0026349868784763,0.00522686003980954,NA,NA,NA,NA,NA,NA,10100387473,2943590996,"Yahoo Finance",TRUE
2023-09-03,25969.56640625,1636.11767578125,0.00388776554168757,-0.000554644174485475,NA,NA,NA,NA,NA,NA,8962524523,3151878318,"Yahoo Finance",TRUE
2023-09-04,25812.416015625,1629.6552734375,-0.00606971250403454,-0.00395766079230153,NA,NA,NA,NA,NA,NA,10680635106,3887968912,"Yahoo Finance",TRUE
2023-09-05,25779.982421875,1633.62939453125,-0.00125730142442926,0.00243565821728087,NA,NA,NA,NA,NA,NA,11094740040,4417491902,"Yahoo Finance",TRUE
2023-09-06,25753.236328125,1632.25231933594,-0.00103801380159396,-0.000843309952761828,NA,NA,NA,NA,NA,NA,12752705327,4987397046,"Yahoo Finance",TRUE
2023-09-07,26240.1953125,1647.59826660156,0.0187321055019503,0.00935777947678318,NA,NA,NA,NA,NA,NA,11088307100,4907290296,"Yahoo Finance",TRUE
2023-09-08,25905.654296875,1636.13781738281,-0.0128311498605083,-0.00698015641786753,NA,NA,NA,NA,NA,NA,10817356400,4598495496,"Yahoo Finance",TRUE
2023-09-09,25895.677734375,1635.16235351562,-0.000385185563079204,-0.000596376880835692,NA,NA,NA,NA,NA,NA,5481314132,2081625742,"Yahoo Finance",TRUE
2023-09-10,25832.2265625,1616.82885742188,-0.00245326790485656,-0.0112753627781057,NA,NA,NA,NA,NA,NA,7899553047,4339499949,"Yahoo Finance",TRUE
2023-09-11,25162.654296875,1551.6376953125,-0.026261881067482,-0.041155784660778,NA,NA,NA,NA,NA,NA,14600006467,7693700923,"Yahoo Finance",TRUE
2023-09-12,25833.34375,1592.42944335938,0.0263051279529183,0.0259498511330003,NA,NA,NA,NA,NA,NA,18657279324,6813819740,"Yahoo Finance",TRUE
2023-09-13,26228.32421875,1607.98852539062,0.0151738529586858,0.00972323288035959,NA,NA,NA,NA,NA,NA,13072077070,4979469106,"Yahoo Finance",TRUE
2023-09-14,26539.673828125,1626.97436523438,0.0118008351309715,0.0117380374839957,NA,NA,NA,NA,NA,NA,13811359124,5538958553,"Yahoo Finance",TRUE
2023-09-15,26608.693359375,1641.64038085938,0.00259724140931894,0.0089739019042856,NA,NA,NA,NA,NA,NA,11479735788,4348584771,"Yahoo Finance",TRUE
2023-09-16,26568.28125,1635.2216796875,-0.00151991035411925,-0.00391759510321332,NA,NA,NA,NA,NA,NA,7402031417,2819575929,"Yahoo Finance",TRUE
2023-09-17,26534.1875,1622.89672851562,-0.00128407418664978,-0.00756572255383148,NA,NA,NA,NA,NA,NA,6774210670,3032716258,"Yahoo Finance",TRUE
2023-09-18,26754.28125,1637.34704589844,0.00826051138975181,0.00886462056818704,NA,NA,NA,NA,NA,NA,15615339655,5916674789,"Yahoo Finance",TRUE
2023-09-19,27211.1171875,1643.54467773438,0.0169311026624328,0.00377802117825965,NA,NA,NA,NA,NA,NA,13807690550,4405868861,"Yahoo Finance",TRUE
2023-09-20,27132.0078125,1622.890625,-0.00291147889939225,-0.0126464026309172,NA,NA,NA,NA,NA,NA,13281116604,5156431986,"Yahoo Finance",TRUE
2023-09-21,26567.6328125,1584.30700683594,-0.0210204677166974,-0.024061803567986,NA,NA,NA,NA,NA,NA,13371443708,5191732312,"Yahoo Finance",TRUE
2023-09-22,26579.568359375,1593.26831054688,0.000449150540855925,0.0056403556633402,NA,NA,NA,NA,NA,NA,10578746709,3460791634,"Yahoo Finance",TRUE
2023-09-23,26579.390625,1593.85778808594,-6.68690201699462e-06,0.000369911655542232,NA,NA,NA,NA,NA,NA,7404700301,2101436678,"Yahoo Finance",TRUE
2023-09-24,26256.826171875,1580.85339355469,-0.0122101270753152,-0.00819253564968658,NA,NA,NA,NA,NA,NA,8192867686,3086456944,"Yahoo Finance",TRUE
2023-09-25,26298.48046875,1588.32287597656,0.00158516078621673,0.00471384083293724,NA,NA,NA,NA,NA,NA,11997833257,4394930984,"Yahoo Finance",TRUE
2023-09-26,26217.25,1593.41723632812,-0.00309356959552431,0.00320225067104918,NA,NA,NA,NA,NA,NA,9985498161,3544861160,"Yahoo Finance",TRUE
2023-09-27,26352.716796875,1597.4912109375,0.00515378285278878,0.00255349026168261,NA,NA,NA,NA,NA,NA,11718380997,5533036096,"Yahoo Finance",TRUE
2023-09-28,27021.546875,1652.88269042969,0.0250632062349609,0.034086443149568,NA,NA,NA,NA,NA,NA,14079002707,6658092168,"Yahoo Finance",TRUE
2023-09-29,26911.720703125,1667.94384765625,-0.00407267457029903,0.00907079025180124,NA,NA,NA,NA,NA,NA,10396435377,5529687537,"Yahoo Finance",TRUE
2023-09-30,26967.916015625,1671.16186523438,0.00208595812068602,0.00192747331238241,NA,NA,NA,NA,NA,NA,5331172801,3155292192,"Yahoo Finance",TRUE
2023-10-01,27983.75,1733.81042480469,0.0369761208563819,0.036802431918316,NA,NA,NA,NA,NA,NA,9503917434,5054880180,"Yahoo Finance",TRUE
2023-10-02,27530.78515625,1663.62756347656,-0.0163191457885148,-0.04132104680445,NA,NA,NA,NA,NA,NA,19793041322,8420552922,"Yahoo Finance",TRUE
2023-10-03,27429.978515625,1656.68566894531,-0.00366831706594439,-0.00418147575850902,NA,NA,NA,NA,NA,NA,11407814187,4742827302,"Yahoo Finance",TRUE
2023-10-04,27799.39453125,1647.83813476562,0.0133777193024827,-0.00535481409511984,NA,NA,NA,NA,NA,NA,11143355314,5127524863,"Yahoo Finance",TRUE
2023-10-05,27415.912109375,1611.47644042969,-0.013890662255843,-0.0223134049540477,NA,NA,NA,NA,NA,NA,11877253670,5403759057,"Yahoo Finance",TRUE
2023-10-06,27946.59765625,1645.83154296875,0.0191718837881556,0.0210949512282879,NA,NA,NA,NA,NA,NA,13492391599,4941208729,"Yahoo Finance",TRUE
2023-10-07,27968.83984375,1634.51123046875,0.000795565220181871,-0.00690193569414355,NA,NA,NA,NA,NA,NA,6553044316,2578994988,"Yahoo Finance",TRUE
2023-10-08,27935.08984375,1633.54858398438,-0.00120742868306145,-0.000589124169612987,NA,NA,NA,NA,NA,NA,7916875290,3315554175,"Yahoo Finance",TRUE
2023-10-09,27583.677734375,1579.806640625,-0.0126593877279273,-0.0334522336796814,NA,NA,NA,NA,NA,NA,12007668568,7020801716,"Yahoo Finance",TRUE
2023-10-10,27391.01953125,1567.71301269531,-0.00700900601259136,-0.00768458263981309,NA,NA,NA,NA,NA,NA,9973350678,5254966125,"Yahoo Finance",TRUE
2023-10-11,26873.3203125,1566.25476074219,-0.0190812208422706,-0.000930610755302652,NA,NA,NA,NA,NA,NA,13648094333,5416504273,"Yahoo Finance",TRUE
2023-10-12,26756.798828125,1539.61242675781,-0.00434538164717857,-0.0171565529889222,NA,NA,NA,NA,NA,NA,9392909295,5003930677,"Yahoo Finance",TRUE
2023-10-13,26862.375,1552.08947753906,0.00393800578323145,0.00807135933806524,NA,NA,NA,NA,NA,NA,15165312851,4575141511,"Yahoo Finance",TRUE
2023-10-14,26861.70703125,1555.2568359375,-2.4866641728849e-05,0.00203862664529098,NA,NA,NA,NA,NA,NA,5388116782,2429214718,"Yahoo Finance",TRUE
2023-10-15,27159.65234375,1558.06982421875,0.0110307603158706,0.0018070632180871,NA,NA,NA,NA,NA,NA,7098201980,2923337883,"Yahoo Finance",TRUE
2023-10-16,28519.466796875,1600.53430175781,0.0488543973047655,0.0268897490832334,NA,NA,NA,NA,NA,NA,27833876539,8846928526,"Yahoo Finance",TRUE
2023-10-17,28415.748046875,1565.43957519531,-0.00364339943277514,-0.0221708488271606,NA,NA,NA,NA,NA,NA,14872527508,5032686973,"Yahoo Finance",TRUE
2023-10-18,28328.341796875,1563.74987792969,-0.00308071974968627,-0.00107995853569332,NA,NA,NA,NA,NA,NA,12724128586,4354138855,"Yahoo Finance",TRUE
2023-10-19,28719.806640625,1567.45703125,0.013724231161472,0.00236787613208289,NA,NA,NA,NA,NA,NA,14448058195,5035110867,"Yahoo Finance",TRUE
2023-10-20,29682.94921875,1604.66687011719,0.0329857689825523,0.0234615966110301,NA,NA,NA,NA,NA,NA,21536125230,6747486127,"Yahoo Finance",TRUE
2023-10-21,29918.412109375,1629.30444335938,0.00790129991607813,0.0152370244020288,NA,NA,NA,NA,NA,NA,11541146996,4212179634,"Yahoo Finance",TRUE
2023-10-22,29993.896484375,1663.42993164062,0.0025198299552347,0.0207284926620943,NA,NA,NA,NA,NA,NA,10446520040,5248406817,"Yahoo Finance",TRUE
2023-10-23,33086.234375,1765.38269042969,0.0981234055291615,0.0594857941123443,NA,NA,NA,NA,NA,NA,38363572311,14362295879,"Yahoo Finance",TRUE
2023-10-24,33901.52734375,1784.4375,0.0243427517877741,0.0107357508625237,NA,NA,NA,NA,NA,NA,44934999645,15888690475,"Yahoo Finance",TRUE
2023-10-25,34502.8203125,1787.39758300781,0.0175810011251265,0.00165745820659424,NA,NA,NA,NA,NA,NA,25254318008,9439066475,"Yahoo Finance",TRUE
2023-10-26,34156.6484375,1804.03930664062,-0.010083818433932,0.00926751228138567,NA,NA,NA,NA,NA,NA,19427195376,11196672635,"Yahoo Finance",TRUE
2023-10-27,33909.80078125,1780.04528808594,-0.00725316925657182,-0.0133894032812734,NA,NA,NA,NA,NA,NA,16418032871,7493399771,"Yahoo Finance",TRUE
2023-10-28,34089.57421875,1776.6181640625,0.0052875149613989,-0.00192715736544802,NA,NA,NA,NA,NA,NA,10160330825,4226112731,"Yahoo Finance",TRUE
2023-10-29,34538.48046875,1795.54602050781,0.0130824822181381,0.0105975160220888,NA,NA,NA,NA,NA,NA,11160323986,4358528382,"Yahoo Finance",TRUE
2023-10-30,34502.36328125,1810.08862304688,-0.00104625577652051,0.00806664170652649,NA,NA,NA,NA,NA,NA,17184860315,7534051038,"Yahoo Finance",TRUE
2023-10-31,34667.78125,1816.458984375,0.00478293880169289,0.00351318585602201,NA,NA,NA,NA,NA,NA,15758270810,6477922747,"Yahoo Finance",TRUE
2023-11-01,35437.25390625,1847.08972167969,0.0219528756206895,0.0167222840715651,NA,NA,NA,NA,NA,NA,22446272005,10628825648,"Yahoo Finance",TRUE
2023-11-02,34938.2421875,1800.62097167969,-0.014181643038139,-0.0254796873407725,NA,NA,NA,NA,NA,NA,20998158544,9004197724,"Yahoo Finance",TRUE
2023-11-03,34732.32421875,1832.79516601562,-0.00591120695514569,0.0177106249924295,NA,NA,NA,NA,NA,NA,17158456701,7622864055,"Yahoo Finance",TRUE
2023-11-04,35082.1953125,1857.69860839844,0.0100229586936837,0.0134961996480998,NA,NA,NA,NA,NA,NA,9561294264,4845080427,"Yahoo Finance",TRUE
2023-11-05,35049.35546875,1894.15771484375,-0.000936521316994288,0.019435847754151,NA,NA,NA,NA,NA,NA,12412743996,8867152645,"Yahoo Finance",TRUE
2023-11-06,35037.37109375,1899.83740234375,-0.000341987012507872,0.00299404272669435,NA,NA,NA,NA,NA,NA,12693436420,8104122602,"Yahoo Finance",TRUE
2023-11-07,35443.5625,1888.12426757812,0.0115264053036004,-0.00618441954750626,NA,NA,NA,NA,NA,NA,18834737789,9203228152,"Yahoo Finance",TRUE
2023-11-08,35655.27734375,1889.32238769531,0.00595552529347465,0.00063435450806093,NA,NA,NA,NA,NA,NA,17295394918,6751627017,"Yahoo Finance",TRUE
2023-11-09,36693.125,2120.56103515625,0.0286922398244656,0.115462453140633,NA,NA,NA,NA,NA,NA,37762672382,24709695029,"Yahoo Finance",TRUE
2023-11-10,37313.96875,2078.28979492188,0.0167783460503355,-0.0201353513677365,NA,NA,NA,NA,NA,NA,22711265155,14740624457,"Yahoo Finance",TRUE
2023-11-11,37138.05078125,2052.7138671875,-0.00472568231840853,-0.012382586227762,NA,NA,NA,NA,NA,NA,13924272142,10228351203,"Yahoo Finance",TRUE
2023-11-12,37054.51953125,2045.18701171875,-0.00225174259208138,-0.00367352171543178,NA,NA,NA,NA,NA,NA,11545715999,7951011698,"Yahoo Finance",TRUE
2023-11-13,36502.35546875,2055.26538085938,-0.0150135370550295,0.00491574512792603,NA,NA,NA,NA,NA,NA,19057712790,14322027970,"Yahoo Finance",TRUE
2023-11-14,35537.640625,1979.05261230469,-0.0267843578397944,-0.0377867271497623,NA,NA,NA,NA,NA,NA,23857403554,13087862495,"Yahoo Finance",TRUE
2023-11-15,37880.58203125,2060.40844726562,0.0638461992762771,0.0402859869541707,NA,NA,NA,NA,NA,NA,27365821679,12626326991,"Yahoo Finance",TRUE
2023-11-16,36154.76953125,1960.88159179688,-0.046629756190665,-0.0495100746696426,NA,NA,NA,NA,NA,NA,26007385366,14651619483,"Yahoo Finance",TRUE
2023-11-17,36596.68359375,1961.28076171875,0.0121487469666803,0.000203545843988628,NA,NA,NA,NA,NA,NA,22445028430,11881648738,"Yahoo Finance",TRUE
2023-11-18,36585.703125,1963.28503417969,-0.000300085015664919,0.00102139841165627,NA,NA,NA,NA,NA,NA,11886022717,8064677046,"Yahoo Finance",TRUE
2023-11-19,37386.546875,2013.20446777344,0.0216533913915047,0.0251086070521511,NA,NA,NA,NA,NA,NA,12915986553,7716048818,"Yahoo Finance",TRUE
2023-11-20,37476.95703125,2022.23913574219,0.00241533445499442,0.00447766538276539,NA,NA,NA,NA,NA,NA,20888209068,12866464824,"Yahoo Finance",TRUE
2023-11-21,35813.8125,1937.06677246094,-0.0453926219219483,-0.0430305246077269,NA,NA,NA,NA,NA,NA,25172163756,13653500841,"Yahoo Finance",TRUE
2023-11-22,37432.33984375,2064.42529296875,0.0442013894678368,0.0636770232559112,NA,NA,NA,NA,NA,NA,24397247860,13372200584,"Yahoo Finance",TRUE
2023-11-23,37289.62109375,2062.21069335938,-0.00381999941543398,-0.00107331968669744,NA,NA,NA,NA,NA,NA,14214948217,7828437946,"Yahoo Finance",TRUE
2023-11-24,37720.28125,2081.15209960938,0.0114828809236318,0.00914307491191657,NA,NA,NA,NA,NA,NA,22922957823,12141148820,"Yahoo Finance",TRUE
2023-11-25,37796.79296875,2084.4130859375,0.00202634293560067,0.0015656876553507,NA,NA,NA,NA,NA,NA,9099571165,5362623390,"Yahoo Finance",TRUE
2023-11-26,37479.12109375,2063.2861328125,-0.00844024984109204,-0.0101874001603619,NA,NA,NA,NA,NA,NA,13744796068,8054814154,"Yahoo Finance",TRUE
2023-11-27,37254.16796875,2027.41735839844,-0.0060201767439203,-0.017537176077818,NA,NA,NA,NA,NA,NA,19002925720,10574810069,"Yahoo Finance",TRUE
2023-11-28,37831.0859375,2049.33813476562,0.0153673136112324,0.0107541340988337,NA,NA,NA,NA,NA,NA,21696137014,9910633038,"Yahoo Finance",TRUE
2023-11-29,37858.4921875,2029.92919921875,0.000724175028494756,-0.00951596471618732,NA,NA,NA,NA,NA,NA,20728546658,8945151861,"Yahoo Finance",TRUE
2023-11-30,37712.74609375,2052.55615234375,-0.00385718899847198,0.0110850047806457,NA,NA,NA,NA,NA,NA,18115982627,8107789163,"Yahoo Finance",TRUE
2023-12-01,38688.75,2087.13989257812,0.0255507301146292,0.0167087363185319,NA,NA,NA,NA,NA,NA,23512784002,10866891430,"Yahoo Finance",TRUE
2023-12-02,39476.33203125,2165.7041015625,0.0201524431387199,0.0369508723905945,NA,NA,NA,NA,NA,NA,15534035612,9130124831,"Yahoo Finance",TRUE
2023-12-03,39978.390625,2193.69165039062,0.0126377705204899,0.0128402810626671,NA,NA,NA,NA,NA,NA,15769696322,8278465782,"Yahoo Finance",TRUE
2023-12-04,41980.09765625,2243.2158203125,0.0488565668865633,0.0223246606319147,NA,NA,NA,NA,NA,NA,39856129827,16149367134,"Yahoo Finance",TRUE
2023-12-05,44080.6484375,2293.841796875,0.0488252345597306,0.022317582058232,NA,NA,NA,NA,NA,NA,36312154535,15383072559,"Yahoo Finance",TRUE
2023-12-06,43746.4453125,2231.66137695312,-0.00761051570339966,-0.0274817322810268,NA,NA,NA,NA,NA,NA,29909761586,12790612571,"Yahoo Finance",TRUE
2023-12-07,43292.6640625,2357.57958984375,-0.0104271600369863,0.0548891750537877,NA,NA,NA,NA,NA,NA,27635760671,14766891042,"Yahoo Finance",TRUE
2023-12-08,44166.6015625,2358.73193359375,0.0199856832348004,0.000488663128890288,NA,NA,NA,NA,NA,NA,24421116687,12543458699,"Yahoo Finance",TRUE
2023-12-09,43725.984375,2341.17529296875,-0.0100263491847272,-0.0074710931268136,NA,NA,NA,NA,NA,NA,17368210171,10613312823,"Yahoo Finance",TRUE
2023-12-10,43779.69921875,2352.46264648438,0.00122768826642172,0.00480964889927904,NA,NA,NA,NA,NA,NA,13000481418,7369608905,"Yahoo Finance",TRUE
2023-12-11,41243.83203125,2224.57885742188,-0.0596686466968368,-0.055895093990288,NA,NA,NA,NA,NA,NA,40632672038,17989249470,"Yahoo Finance",TRUE
2023-12-12,41450.22265625,2202.0380859375,0.00499167816429136,-0.0101842859227537,NA,NA,NA,NA,NA,NA,24779520132,11391132228,"Yahoo Finance",TRUE
2023-12-13,42890.7421875,2260.64868164062,0.0341627495710384,0.0262684651573704,NA,NA,NA,NA,NA,NA,26797884674,12576395493,"Yahoo Finance",TRUE
2023-12-14,43023.97265625,2316.5791015625,0.0031014611592024,0.0244397729331833,NA,NA,NA,NA,NA,NA,25578530178,12608711052,"Yahoo Finance",TRUE
2023-12-15,41929.7578125,2219.33740234375,-0.0257616788095838,-0.0428828883863428,NA,NA,NA,NA,NA,NA,19639442462,10259157898,"Yahoo Finance",TRUE
2023-12-16,42240.1171875,2226.92651367188,0.00737462854915805,0.00341370590742152,NA,NA,NA,NA,NA,NA,14386729590,6866555430,"Yahoo Finance",TRUE
2023-12-17,41364.6640625,2196.48120117188,-0.0209434224084717,-0.0137657639692792,NA,NA,NA,NA,NA,NA,16678702876,7410453853,"Yahoo Finance",TRUE
2023-12-18,42623.5390625,2217.2734375,0.0299796695117891,0.00942163388576844,NA,NA,NA,NA,NA,NA,25224642008,10366536490,"Yahoo Finance",TRUE
2023-12-19,42270.52734375,2177.87255859375,-0.00831657071861436,-0.0179297499886522,NA,NA,NA,NA,NA,NA,23171001281,10619179629,"Yahoo Finance",TRUE
2023-12-20,43652.25,2201.91137695312,0.0321647372447504,0.0109772811188202,NA,NA,NA,NA,NA,NA,27868908174,12652290807,"Yahoo Finance",TRUE
2023-12-21,43869.15234375,2239.54248046875,0.00495656564004854,0.0169458043391044,NA,NA,NA,NA,NA,NA,22452766169,12616530536,"Yahoo Finance",TRUE
2023-12-22,43997.90234375,2326.52490234375,0.00293056578719408,0.0381041008107177,NA,NA,NA,NA,NA,NA,21028503216,16137246310,"Yahoo Finance",TRUE
2023-12-23,43739.54296875,2309.04638671875,-0.00588939239897712,-0.00754107632714174,NA,NA,NA,NA,NA,NA,13507796558,7995772945,"Yahoo Finance",TRUE
2023-12-24,43016.1171875,2265.69213867188,-0.0166777025964802,-0.0189543274554342,NA,NA,NA,NA,NA,NA,18830554085,9450799236,"Yahoo Finance",TRUE
2023-12-25,43613.140625,2272.56176757812,0.013783631646973,0.00302743491001056,NA,NA,NA,NA,NA,NA,21115795370,8036302656,"Yahoo Finance",TRUE
2023-12-26,42520.40234375,2231.46533203125,-0.0253744795398312,-0.0182492579103171,NA,NA,NA,NA,NA,NA,30026850982,10668581464,"Yahoo Finance",TRUE
2023-12-27,43442.85546875,2378.73999023438,0.0214623912043397,0.0639124623831933,NA,NA,NA,NA,NA,NA,25260941032,14161342927,"Yahoo Finance",TRUE
2023-12-28,42627.85546875,2347.56616210938,-0.0189384832630335,-0.013191815850143,NA,NA,NA,NA,NA,NA,22992093014,15660799060,"Yahoo Finance",TRUE
2023-12-29,42099.40234375,2300.69067382812,-0.0124743793520086,-0.0201697449503238,NA,NA,NA,NA,NA,NA,26000021055,12536968996,"Yahoo Finance",TRUE
2023-12-30,42156.90234375,2292.0654296875,0.0013648832366826,-0.00375602539583397,NA,NA,NA,NA,NA,NA,16013925945,6888195427,"Yahoo Finance",TRUE
2023-12-31,42265.1875,2281.47119140625,0.00256532895205552,-0.00463285116438428,NA,NA,NA,NA,NA,NA,16397498810,6871481744,"Yahoo Finance",TRUE
2024-01-01,44167.33203125,2352.32788085938,0.0440216648373255,0.0305849311829478,NA,NA,NA,NA,NA,NA,18426978443,6906765990,"Yahoo Finance",TRUE
2024-01-02,44957.96875,2355.83642578125,0.0177426040136055,0.00149040914582876,NA,NA,NA,NA,NA,NA,39335274536,12910543630,"Yahoo Finance",TRUE
2024-01-03,42848.17578125,2210.76196289062,-0.0480649535787556,-0.0635585988981475,NA,NA,NA,NA,NA,NA,46342323118,19332933581,"Yahoo Finance",TRUE
2024-01-04,44179.921875,2269.0380859375,0.0306073577182868,0.0260187553019353,NA,NA,NA,NA,NA,NA,30448091210,11044564896,"Yahoo Finance",TRUE
2024-01-05,44162.69140625,2268.64721679688,-0.000390082845152406,-0.000172276883703582,NA,NA,NA,NA,NA,NA,32336029347,10860953290,"Yahoo Finance",TRUE
2024-01-06,43989.1953125,2241.62475585938,-0.00393630412751023,-0.0119827737394829,NA,NA,NA,NA,NA,NA,16092503468,5970741680,"Yahoo Finance",TRUE
2024-01-07,43943.09765625,2222.86596679688,-0.00104848080077602,-0.00840360104835458,NA,NA,NA,NA,NA,NA,19330573863,6490053615,"Yahoo Finance",TRUE
2024-01-08,46970.50390625,2333.03271484375,0.0666242663558734,0.0483716762657842,NA,NA,NA,NA,NA,NA,42746192015,13830287095,"Yahoo Finance",TRUE
2024-01-09,46139.73046875,2344.8271484375,-0.0178454171064377,0.00504267290230942,NA,NA,NA,NA,NA,NA,39821290992,14891130716,"Yahoo Finance",TRUE
2024-01-10,46627.77734375,2582.103515625,0.0105220327519486,0.0963926943837521,NA,NA,NA,NA,NA,NA,50114613298,29042100476,"Yahoo Finance",TRUE
2024-01-11,46368.5859375,2619.619140625,-0.00557424114752259,0.0144245581550591,NA,NA,NA,NA,NA,NA,45833734549,22575246883,"Yahoo Finance",TRUE
2024-01-12,42853.16796875,2524.46020507812,-0.0788426288329944,-0.0370016813266476,NA,NA,NA,NA,NA,NA,43332698900,23623839263,"Yahoo Finance",TRUE
2024-01-13,42842.3828125,2576.59790039062,-0.000251708664185557,0.020442625792997,NA,NA,NA,NA,NA,NA,20601860469,12250316867,"Yahoo Finance",TRUE
2024-01-14,41796.26953125,2472.2412109375,-0.0247207753553589,-0.0413447734238197,NA,NA,NA,NA,NA,NA,17521429522,9405587417,"Yahoo Finance",TRUE
2024-01-15,42511.96875,2511.36376953125,0.0169785640464202,0.0157008279903783,NA,NA,NA,NA,NA,NA,22320220558,9700630000,"Yahoo Finance",TRUE
2024-01-16,43154.9453125,2587.69116210938,0.0150113645058063,0.029940094873087,NA,NA,NA,NA,NA,NA,24062872740,11063317095,"Yahoo Finance",TRUE
2024-01-17,42742.65234375,2528.36938476562,-0.00959971282586203,-0.0231914519366798,NA,NA,NA,NA,NA,NA,20851232595,10441017520,"Yahoo Finance",TRUE
2024-01-18,41262.05859375,2467.01879882812,-0.0352539060043799,-0.0245641253669913,NA,NA,NA,NA,NA,NA,25218357242,11900028080,"Yahoo Finance",TRUE
2024-01-19,41618.40625,2489.49853515625,0.00859912773807459,0.00907084105613176,NA,NA,NA,NA,NA,NA,25752407154,11405278376,"Yahoo Finance",TRUE
2024-01-20,41665.5859375,2469.58911132812,0.00113298345354629,-0.00802951357821957,NA,NA,NA,NA,NA,NA,11586690904,5297826161,"Yahoo Finance",TRUE
2024-01-21,41545.78515625,2453.9130859375,-0.00287943492455689,-0.00636785675476048,NA,NA,NA,NA,NA,NA,9344043642,4578471955,"Yahoo Finance",TRUE
2024-01-22,39507.3671875,2310.82641601562,-0.0503089102812559,-0.0600787119528734,NA,NA,NA,NA,NA,NA,31338708143,13923771728,"Yahoo Finance",TRUE
2024-01-23,39845.55078125,2240.68603515625,0.00852358425792232,-0.0308231317333183,NA,NA,NA,NA,NA,NA,29244553045,16182147521,"Yahoo Finance",TRUE
2024-01-24,40077.07421875,2233.56176757812,0.00579370572798688,-0.00318456818357316,NA,NA,NA,NA,NA,NA,22359526178,10134722960,"Yahoo Finance",TRUE
2024-01-25,39933.80859375,2217.71020507812,-0.00358115728949393,-0.00712229205759396,NA,NA,NA,NA,NA,NA,18491782013,9302247037,"Yahoo Finance",TRUE
2024-01-26,41816.87109375,2267.19970703125,0.0460765744948173,0.0220702363029845,NA,NA,NA,NA,NA,NA,25598119893,9975117607,"Yahoo Finance",TRUE
2024-01-27,42120.0546875,2267.88598632812,0.00722411285539692,0.000302653289713462,NA,NA,NA,NA,NA,NA,11422941934,5144367230,"Yahoo Finance",TRUE
2024-01-28,42035.59375,2257.20874023438,-0.00200725601730767,-0.0047191347604123,NA,NA,NA,NA,NA,NA,16858971687,7296214994,"Yahoo Finance",TRUE
2024-01-29,43288.24609375,2317.06420898438,0.0293644157369144,0.026171977924216,NA,NA,NA,NA,NA,NA,20668476578,8948195551,"Yahoo Finance",TRUE
2024-01-30,42952.609375,2344.49365234375,-0.00778374498993628,0.0117684948896217,NA,NA,NA,NA,NA,NA,23842814518,10173440062,"Yahoo Finance",TRUE
2024-01-31,42582.60546875,2282.54443359375,-0.00865155280904695,-0.0267786517065529,NA,NA,NA,NA,NA,NA,24673628793,10807883277,"Yahoo Finance",TRUE
2024-02-01,43075.7734375,2303.82470703125,0.0115148902942401,0.00927985755123295,NA,NA,NA,NA,NA,NA,21423953779,8895583113,"Yahoo Finance",TRUE
2024-02-02,43185.859375,2308.0380859375,0.00255237453024471,0.00182719229414907,NA,NA,NA,NA,NA,NA,18603843039,7186143091,"Yahoo Finance",TRUE
2024-02-03,42992.25,2296.03833007812,-0.00449324549215113,-0.00521267761285404,NA,NA,NA,NA,NA,NA,11169245236,4647754021,"Yahoo Finance",TRUE
2024-02-04,42583.58203125,2289.54614257812,-0.00955108622874512,-0.00283156569307508,NA,NA,NA,NA,NA,NA,14802225490,5438100035,"Yahoo Finance",TRUE
2024-02-05,42658.66796875,2298.88891601562,0.00176170753164762,0.00407231931137098,NA,NA,NA,NA,NA,NA,18715487317,7277068110,"Yahoo Finance",TRUE
2024-02-06,43084.671875,2372.20190429688,0.0099368047086994,0.0313926711471675,NA,NA,NA,NA,NA,NA,16798476726,9520885493,"Yahoo Finance",TRUE
2024-02-07,44318.22265625,2423.7451171875,0.0282286462102803,0.0214953156349962,NA,NA,NA,NA,NA,NA,21126587775,9660628536,"Yahoo Finance",TRUE
2024-02-08,45301.56640625,2419.90649414062,0.0219456712821149,-0.00158501236609698,NA,NA,NA,NA,NA,NA,26154524080,9941841732,"Yahoo Finance",TRUE
2024-02-09,47147.19921875,2487.515625,0.039932995408412,0.0275555708006854,NA,NA,NA,NA,NA,NA,39316770844,13634203177,"Yahoo Finance",TRUE
2024-02-10,47771.27734375,2501.22827148438,0.0131499606950634,0.0054974483774366,NA,NA,NA,NA,NA,NA,16398681570,6474444159,"Yahoo Finance",TRUE
2024-02-11,48293.91796875,2507.57055664062,0.0108810642585837,0.00253245888425191,NA,NA,NA,NA,NA,NA,19315867136,7347245813,"Yahoo Finance",TRUE
2024-02-12,49958.22265625,2658.11596679688,0.0338814785316526,0.0583032099839116,NA,NA,NA,NA,NA,NA,34511985805,13022696866,"Yahoo Finance",TRUE
2024-02-13,49742.44140625,2642.18530273438,-0.00432858876011721,-0.00601124774751671,NA,NA,NA,NA,NA,NA,35593051468,18271237044,"Yahoo Finance",TRUE
2024-02-14,51826.6953125,2777.90234375,0.0410468495104084,0.050089749340529,NA,NA,NA,NA,NA,NA,39105608050,21448973822,"Yahoo Finance",TRUE
2024-02-15,51938.5546875,2824.37890625,0.00215600922910753,0.0165923939552677,NA,NA,NA,NA,NA,NA,38564360533,23734481937,"Yahoo Finance",TRUE
2024-02-16,52160.203125,2803.69140625,0.00425843260976144,-0.00735157594831382,NA,NA,NA,NA,NA,NA,28180567298,17057114638,"Yahoo Finance",TRUE
2024-02-17,51662.99609375,2786.67260742188,-0.00957802949778674,-0.00608863800730131,NA,NA,NA,NA,NA,NA,20009091006,17932379943,"Yahoo Finance",TRUE
2024-02-18,52122.546875,2878.998046875,0.00885583428071257,0.0325940629496664,NA,NA,NA,NA,NA,NA,17595377311,23355830478,"Yahoo Finance",TRUE
2024-02-19,51779.14453125,2943.57470703125,-0.00661016369404521,0.0221823962784109,NA,NA,NA,NA,NA,NA,21362184346,15163110589,"Yahoo Finance",TRUE
2024-02-20,52284.875,3013.50366210938,0.00971967933731932,0.0234786796705322,NA,NA,NA,NA,NA,NA,33353758256,20341598470,"Yahoo Finance",TRUE
2024-02-21,51839.1796875,2970.35546875,-0.00856090431522993,-0.0144217770742241,NA,NA,NA,NA,NA,NA,28624907020,18897136867,"Yahoo Finance",TRUE
2024-02-22,51304.97265625,2971.00732421875,-0.0103585476400152,0.000219429613736999,NA,NA,NA,NA,NA,NA,25413900611,18058908246,"Yahoo Finance",TRUE
2024-02-23,50731.94921875,2921.658203125,-0.0112318061155126,-0.0167497288331502,NA,NA,NA,NA,NA,NA,21427078270,12822717059,"Yahoo Finance",TRUE
2024-02-24,51571.1015625,2992.38598632812,0.0164055941302177,0.0239197250362118,NA,NA,NA,NA,NA,NA,15174077879,10701688842,"Yahoo Finance",TRUE
2024-02-25,51733.23828125,3112.697265625,0.00313901336823719,0.0394185803791824,NA,NA,NA,NA,NA,NA,15413239245,14620450464,"Yahoo Finance",TRUE
2024-02-26,54522.40234375,3178.99365234375,0.0525111876569451,0.0210750468838974,NA,NA,NA,NA,NA,NA,34074411896,17504464351,"Yahoo Finance",TRUE
2024-02-27,57085.37109375,3244.51928710938,0.0459362164404737,0.0204025144361797,NA,NA,NA,NA,NA,NA,49756832031,21090315368,"Yahoo Finance",TRUE
2024-02-28,62504.7890625,3385.70385742188,0.0906952929770419,0.0425946193780362,NA,NA,NA,NA,NA,NA,83239156760,32885894265,"Yahoo Finance",TRUE
2024-02-29,61198.3828125,3341.91967773438,-0.0211224142700193,-0.0130164233010781,NA,NA,NA,NA,NA,NA,65496611844,28469171094,"Yahoo Finance",TRUE
2024-03-01,62440.6328125,3435.05395507812,0.0200954657884242,0.0274872373036921,NA,NA,NA,NA,NA,NA,40186368423,16880101987,"Yahoo Finance",TRUE
2024-03-02,62029.84765625,3422.0498046875,-0.00660054731209136,-0.00379290337032856,NA,NA,NA,NA,NA,NA,23888473685,12024340617,"Yahoo Finance",TRUE
2024-03-03,63167.37109375,3490.99365234375,0.0181722046590131,0.0199466802026187,NA,NA,NA,NA,NA,NA,26253811450,13643324467,"Yahoo Finance",TRUE
2024-03-04,68330.4140625,3630.43383789062,0.0785670808490071,0.0391657458763159,NA,NA,NA,NA,NA,NA,70670471105,26772963830,"Yahoo Finance",TRUE
2024-03-05,63801.19921875,3554.96459960938,-0.0685829818149202,-0.0210070504160473,NA,NA,NA,NA,NA,NA,102802940877,47706899137,"Yahoo Finance",TRUE
2024-03-06,66106.8046875,3819.22631835938,0.0354997002008659,0.071702762354878,NA,NA,NA,NA,NA,NA,68750229073,34938642613,"Yahoo Finance",TRUE
2024-03-07,66925.484375,3874.34765625,0.0123081400525162,0.0143294342144955,NA,NA,NA,NA,NA,NA,46989543159,22457177587,"Yahoo Finance",TRUE
2024-03-08,68300.09375,3892.06103515625,0.020331312236987,0.0045615445502829,NA,NA,NA,NA,NA,NA,59202881172,26135487051,"Yahoo Finance",TRUE
2024-03-09,68498.8828125,3915.4189453125,0.00290629663201969,0.00598348760501644,NA,NA,NA,NA,NA,NA,21609650379,11926623780,"Yahoo Finance",TRUE
2024-03-10,69019.7890625,3881.19311523438,0.00757582565720583,-0.00877972372258284,NA,NA,NA,NA,NA,NA,35683977532,15783924355,"Yahoo Finance",TRUE
2024-03-11,72123.90625,4066.44506835938,0.0439922985827472,0.0466265599074269,NA,NA,NA,NA,NA,NA,65716656765,28806262507,"Yahoo Finance",TRUE
2024-03-12,71481.2890625,3980.27319335938,-0.00894983604934829,-0.0214187117111475,NA,NA,NA,NA,NA,NA,62554434520,26917010932,"Yahoo Finance",TRUE
2024-03-13,73083.5,4006.45703125,0.0221668990640751,0.00655685893050695,NA,NA,NA,NA,NA,NA,48212536929,22028114691,"Yahoo Finance",TRUE
2024-03-14,71396.59375,3883.14038085938,-0.0233524614583818,-0.0312631146419182,NA,NA,NA,NA,NA,NA,59594605698,25434810823,"Yahoo Finance",TRUE
2024-03-15,69403.7734375,3735.22021484375,-0.0283089232920002,-0.0388374261325506,NA,NA,NA,NA,NA,NA,78320453976,33505075433,"Yahoo Finance",TRUE
2024-03-16,65315.1171875,3522.86010742188,-0.0607177252062971,-0.0585335864408769,NA,NA,NA,NA,NA,NA,46842198371,20199855932,"Yahoo Finance",TRUE
2024-03-17,68390.625,3642.4130859375,0.0460122407046093,0.033373207497597,NA,NA,NA,NA,NA,NA,44716864318,19938757095,"Yahoo Finance",TRUE
2024-03-18,67548.59375,3517.98510742188,-0.0123885075543679,-0.0347579846458714,NA,NA,NA,NA,NA,NA,49261579492,21162220224,"Yahoo Finance",TRUE
2024-03-19,61912.7734375,3157.6181640625,-0.0871207318570075,-0.108070415215114,NA,NA,NA,NA,NA,NA,74215844794,34166976701,"Yahoo Finance",TRUE
2024-03-20,67913.671875,3513.39306640625,0.0925108529687737,0.106764258284009,NA,NA,NA,NA,NA,NA,66792634382,36605316331,"Yahoo Finance",TRUE
2024-03-21,65491.390625,3492.9912109375,-0.036318674226214,-0.0058238064955578,NA,NA,NA,NA,NA,NA,44480350565,22213647922,"Yahoo Finance",TRUE
2024-03-22,63778.76171875,3333.68798828125,-0.0264984466521589,-0.046679254477823,NA,NA,NA,NA,NA,NA,41401116964,20574952329,"Yahoo Finance",TRUE
2024-03-23,64062.203125,3336.59399414062,0.00443428866540074,0.000871329293390843,NA,NA,NA,NA,NA,NA,24738964812,13242137554,"Yahoo Finance",TRUE
2024-03-24,67234.171875,3454.63647460938,0.0483270931506787,0.0347667100501585,NA,NA,NA,NA,NA,NA,27206630673,12156660941,"Yahoo Finance",TRUE
2024-03-25,69958.8125,3590.8837890625,0.0397250476948798,0.0386811185058651,NA,NA,NA,NA,NA,NA,42700139523,18603921705,"Yahoo Finance",TRUE
2024-03-26,69987.8359375,3587.5048828125,0.00041477860656336,-0.000941410852490776,NA,NA,NA,NA,NA,NA,36010437368,18505553577,"Yahoo Finance",TRUE
2024-03-27,69455.34375,3500.115234375,-0.00763744454295079,-0.0246610500870066,NA,NA,NA,NA,NA,NA,40827113309,18753082145,"Yahoo Finance",TRUE
2024-03-28,70744.953125,3561.2939453125,0.0183971899718802,0.0173280545494112,NA,NA,NA,NA,NA,NA,34374900617,16419674157,"Yahoo Finance",TRUE
2024-03-29,69892.828125,3511.80615234375,-0.0121181580122034,-0.0139934681623028,NA,NA,NA,NA,NA,NA,25230851763,12712701619,"Yahoo Finance",TRUE
2024-03-30,69645.3046875,3507.9443359375,-0.0035477570486826,-0.00110027181230699,NA,NA,NA,NA,NA,NA,17130241883,9389066783,"Yahoo Finance",TRUE
2024-03-31,71333.6484375,3647.8564453125,0.0239528586963029,0.039109513188567,NA,NA,NA,NA,NA,NA,20050941373,10499881424,"Yahoo Finance",TRUE
2024-04-01,69702.1484375,3505.03002929688,-0.0231370023332591,-0.0399406318143036,NA,NA,NA,NA,NA,NA,34873527352,16002098681,"Yahoo Finance",TRUE
2024-04-02,65446.97265625,3277.23461914062,-0.0629909043698849,-0.0671991251460806,NA,NA,NA,NA,NA,NA,50705240709,22076539151,"Yahoo Finance",TRUE
2024-04-03,65980.8125,3311.44189453125,0.00812374307331964,0.0103837493547836,NA,NA,NA,NA,NA,NA,34488018367,16010734587,"Yahoo Finance",TRUE
2024-04-04,68508.84375,3330.04052734375,0.037598862711862,0.00560076207350058,NA,NA,NA,NA,NA,NA,34439527442,14476330517,"Yahoo Finance",TRUE
2024-04-05,67837.640625,3318.88525390625,-0.00984563041828856,-0.00335551464142725,NA,NA,NA,NA,NA,NA,33748230056,15214447092,"Yahoo Finance",TRUE
2024-04-06,68896.109375,3354.18383789062,0.0154824963625639,0.0105795137842222,NA,NA,NA,NA,NA,NA,19967785809,8956926798,"Yahoo Finance",TRUE
2024-04-07,69362.5546875,3453.49462890625,0.00674745536362664,0.0291781808501277,NA,NA,NA,NA,NA,NA,21204930369,9931108526,"Yahoo Finance",TRUE
2024-04-08,71631.359375,3695.29272460938,0.0321857940970212,0.0676731187933672,NA,NA,NA,NA,NA,NA,37261432669,19055143129,"Yahoo Finance",TRUE
2024-04-09,69139.015625,3505.16333007812,-0.0354137612037881,-0.0528226545108659,NA,NA,NA,NA,NA,NA,36426900409,18279773833,"Yahoo Finance",TRUE
2024-04-10,70587.8828125,3543.73706054688,0.0207393012425356,0.0109447185752458,NA,NA,NA,NA,NA,NA,38318601774,16872482726,"Yahoo Finance",TRUE
2024-04-11,70060.609375,3505.24780273438,-0.00749778258451173,-0.0109206193734579,NA,NA,NA,NA,NA,NA,30153382941,14076734489,"Yahoo Finance",TRUE
2024-04-12,67195.8671875,3243.03491210938,-0.0417489701814358,-0.0777516251273092,NA,NA,NA,NA,NA,NA,44129299406,22104869556,"Yahoo Finance",TRUE
2024-04-13,63821.47265625,3004.900390625,-0.0515220497152349,-0.0762651730824633,NA,NA,NA,NA,NA,NA,52869738185,29930408174,"Yahoo Finance",TRUE
2024-04-14,65738.7265625,3156.94189453125,0.0295985014949594,0.0493593845673104,NA,NA,NA,NA,NA,NA,49084320047,25486284994,"Yahoo Finance",TRUE
2024-04-15,63426.2109375,3101.60034179688,-0.0358109994965083,-0.0176855865517869,NA,NA,NA,NA,NA,NA,43595917654,21925843181,"Yahoo Finance",TRUE
2024-04-16,63811.86328125,3084.92016601562,0.0060619201772294,-0.00539243866711914,NA,NA,NA,NA,NA,NA,42847528078,19441391169,"Yahoo Finance",TRUE
2024-04-17,61276.69140625,2984.7275390625,-0.0405395853499453,-0.033017312925022,NA,NA,NA,NA,NA,NA,41915247049,17711869375,"Yahoo Finance",TRUE
2024-04-18,63512.75390625,3066.02758789062,0.0358412020861465,0.0268743124339057,NA,NA,NA,NA,NA,NA,36006307335,15183777035,"Yahoo Finance",TRUE
2024-04-19,63843.5703125,3059.27856445312,0.00519514287691258,-0.00220365349936635,NA,NA,NA,NA,NA,NA,49920425401,20399982867,"Yahoo Finance",TRUE
2024-04-20,64994.44140625,3157.62719726562,0.0178658718865048,0.0316417336836068,NA,NA,NA,NA,NA,NA,23097485495,9918642130,"Yahoo Finance",TRUE
2024-04-21,64926.64453125,3147.28857421875,-0.00104366247656706,-0.00327954652780349,NA,NA,NA,NA,NA,NA,20506644853,9394387894,"Yahoo Finance",TRUE
2024-04-22,66837.6796875,3201.65209960938,0.0290089017592763,0.0171256456334064,NA,NA,NA,NA,NA,NA,28282686673,12063858733,"Yahoo Finance",TRUE
2024-04-23,66407.2734375,3219.91162109375,-0.00646039848991542,0.00568695460798629,NA,NA,NA,NA,NA,NA,24310975583,11054442653,"Yahoo Finance",TRUE
2024-04-24,64276.8984375,3139.80517578125,-0.032606301316271,-0.0251931602486533,NA,NA,NA,NA,NA,NA,30276655120,14000234760,"Yahoo Finance",TRUE
2024-04-25,64481.70703125,3156.50952148438,0.00318128276919083,0.0053060832242906,NA,NA,NA,NA,NA,NA,32155786816,13989030260,"Yahoo Finance",TRUE
2024-04-26,63755.3203125,3130.16479492188,-0.0113289352190158,-0.00838118198910998,NA,NA,NA,NA,NA,NA,24139372950,10622333862,"Yahoo Finance",TRUE
2024-04-27,63419.140625,3252.16821289062,-0.00528691795635616,0.0382362630280717,NA,NA,NA,NA,NA,NA,19530783039,11820785577,"Yahoo Finance",TRUE
2024-04-28,63113.23046875,3262.77465820312,-0.004835296290155,0.00325603919879924,NA,NA,NA,NA,NA,NA,17334827993,11379192678,"Yahoo Finance",TRUE
2024-04-29,63841.12109375,3215.42895507812,0.0114670917875568,-0.014617183696819,NA,NA,NA,NA,NA,NA,26635912073,15032246816,"Yahoo Finance",TRUE
2024-04-30,60636.85546875,3012.28686523438,-0.051494629716542,-0.0652612256467311,NA,NA,NA,NA,NA,NA,37840840057,18266894653,"Yahoo Finance",TRUE
2024-05-01,58254.01171875,2969.78466796875,-0.0400899234806573,-0.014210098365437,NA,NA,NA,NA,NA,NA,48439780271,20005057445,"Yahoo Finance",TRUE
2024-05-02,59123.43359375,2988.16845703125,0.0148143925496971,0.00617119571781011,NA,NA,NA,NA,NA,NA,32711813559,13163903903,"Yahoo Finance",TRUE
2024-05-03,62889.8359375,3103.5419921875,0.0617572064982479,0.0378833938339245,NA,NA,NA,NA,NA,NA,33172023048,12862183229,"Yahoo Finance",TRUE
2024-05-04,63891.47265625,3117.57641601562,0.0158013443890486,0.00451187285483456,NA,NA,NA,NA,NA,NA,20620477992,8283229638,"Yahoo Finance",TRUE
2024-05-05,64031.1328125,3137.2490234375,0.00218351105696435,0.00629039850311841,NA,NA,NA,NA,NA,NA,18296164805,8783447639,"Yahoo Finance",TRUE
2024-05-06,63161.94921875,3062.72875976562,-0.0136673647637231,-0.0240400385809636,NA,NA,NA,NA,NA,NA,28697928697,13008587255,"Yahoo Finance",TRUE
2024-05-07,62334.81640625,3006.5771484375,-0.0131819299956479,-0.0185039984312443,NA,NA,NA,NA,NA,NA,25930730982,11743187337,"Yahoo Finance",TRUE
2024-05-08,61187.94140625,2973.6572265625,-0.0185699862584929,-0.0110096870247753,NA,NA,NA,NA,NA,NA,26088172222,11791662158,"Yahoo Finance",TRUE
2024-05-09,63049.9609375,3036.0205078125,0.0299773086041792,0.0207550296980576,NA,NA,NA,NA,NA,NA,25453338161,10861947179,"Yahoo Finance",TRUE
2024-05-10,60792.77734375,2909.79125976562,-0.0364564546354895,-0.0424662678182912,NA,NA,NA,NA,NA,NA,27804954694,12278653601,"Yahoo Finance",TRUE
2024-05-11,60793.7109375,2911.60205078125,1.53568667577986e-05,0.000622116039040499,NA,NA,NA,NA,NA,NA,13842272968,6795916454,"Yahoo Finance",TRUE
2024-05-12,61448.39453125,2928.70190429688,0.0107113641527938,0.00585582617307345,NA,NA,NA,NA,NA,NA,13800459405,5908941395,"Yahoo Finance",TRUE
2024-05-13,62901.44921875,2949.35961914062,0.0233714942378764,0.00702877974607308,NA,NA,NA,NA,NA,NA,27889181179,13352264795,"Yahoo Finance",TRUE
2024-05-14,61552.7890625,2881.15795898438,-0.0216740381115805,-0.0233957860978844,NA,NA,NA,NA,NA,NA,28186271527,12444516140,"Yahoo Finance",TRUE
2024-05-15,66267.4921875,3037.056640625,0.0738042976614999,0.0526965536474968,NA,NA,NA,NA,NA,NA,39815167074,14666902956,"Yahoo Finance",TRUE
2024-05-16,65231.58203125,2945.13110351562,-0.0157557243971524,-0.0307355026435543,NA,NA,NA,NA,NA,NA,31573077994,13035465176,"Yahoo Finance",TRUE
2024-05-17,67051.875,3094.11865234375,0.0275228349050476,0.0493497671538909,NA,NA,NA,NA,NA,NA,28031279310,14449438097,"Yahoo Finance",TRUE
2024-05-18,66940.8046875,3122.94897460938,-0.0016578568052914,0.00927463899640557,NA,NA,NA,NA,NA,NA,16712277406,9407051320,"Yahoo Finance",TRUE
2024-05-19,66278.3671875,3071.84301757812,-0.00994515955321873,-0.0165000266548372,NA,NA,NA,NA,NA,NA,19249094538,8747800800,"Yahoo Finance",TRUE
2024-05-20,71448.1953125,3663.85546875,0.0751090888252985,0.176238286801066,NA,NA,NA,NA,NA,NA,43850655717,31228143948,"Yahoo Finance",TRUE
2024-05-21,70136.53125,3789.31274414062,-0.0185288571822948,0.0336686689194998,NA,NA,NA,NA,NA,NA,46932005990,37643853967,"Yahoo Finance",TRUE
2024-05-22,69122.3359375,3737.2177734375,-0.0145658695101858,-0.0138432449096264,NA,NA,NA,NA,NA,NA,32802561717,25155809461,"Yahoo Finance",TRUE
2024-05-23,67929.5625,3776.92724609375,-0.0174065965877581,0.0105693574501959,NA,NA,NA,NA,NA,NA,41895680979,45623656317,"Yahoo Finance",TRUE
2024-05-24,68526.1015625,3726.9345703125,0.00874339466804841,-0.0133247164400085,NA,NA,NA,NA,NA,NA,29197308153,22257061429,"Yahoo Finance",TRUE
2024-05-25,69265.9453125,3749.23657226562,0.0107386583854296,0.00596617377571995,NA,NA,NA,NA,NA,NA,15473071741,10000027764,"Yahoo Finance",TRUE
2024-05-26,68518.09375,3825.8974609375,-0.0108555230580389,0.0202408315397875,NA,NA,NA,NA,NA,NA,15628433737,14650794791,"Yahoo Finance",TRUE
2024-05-27,69394.5546875,3892.0068359375,0.0127105489937591,0.0171318506620199,NA,NA,NA,NA,NA,NA,25870990717,18949181813,"Yahoo Finance",TRUE
2024-05-28,68296.21875,3840.25634765625,-0.0159539990459567,-0.0133857991559694,NA,NA,NA,NA,NA,NA,32722265965,19846044324,"Yahoo Finance",TRUE
2024-05-29,67578.09375,3763.19653320312,-0.0105705290938474,-0.0202703835283433,NA,NA,NA,NA,NA,NA,26707072906,17411416736,"Yahoo Finance",TRUE
2024-05-30,68364.9921875,3746.849609375,0.0115770099062722,-0.00435335531489578,NA,NA,NA,NA,NA,NA,29509712534,15065849797,"Yahoo Finance",TRUE
2024-05-31,67491.4140625,3760.02661132812,-0.0128604927708071,0.00351065212726098,NA,NA,NA,NA,NA,NA,27387283769,15290700646,"Yahoo Finance",TRUE
2024-06-01,67706.9375,3813.19897460938,0.00318825810485635,0.0140424278740614,NA,NA,NA,NA,NA,NA,11641495604,8661024535,"Yahoo Finance",TRUE
2024-06-02,67751.6015625,3780.89599609375,0.000659449960522807,-0.008507445185165,NA,NA,NA,NA,NA,NA,17110588415,11126903059,"Yahoo Finance",TRUE
2024-06-03,68804.78125,3766.38916015625,0.015425138658129,-0.00384425750523931,NA,NA,NA,NA,NA,NA,32401285324,14082454300,"Yahoo Finance",TRUE
2024-06-04,70567.765625,3812.51586914062,0.0253002252489249,0.0121725442811087,NA,NA,NA,NA,NA,NA,33149696545,13331489271,"Yahoo Finance",TRUE
2024-06-05,71082.8203125,3864.26098632812,0.00727221781660248,0.0134811527925152,NA,NA,NA,NA,NA,NA,32810771409,15480034434,"Yahoo Finance",TRUE
2024-06-06,70757.1640625,3811.60595703125,-0.00459189027201745,-0.0137198457553094,NA,NA,NA,NA,NA,NA,25223152007,13606583873,"Yahoo Finance",TRUE
2024-06-07,69342.5859375,3678.62915039062,-0.0201945570798916,-0.0355104420599659,NA,NA,NA,NA,NA,NA,36188381096,18220286186,"Yahoo Finance",TRUE
2024-06-08,69305.7734375,3680.94995117188,-0.00053101963890434,0.000630688474476671,NA,NA,NA,NA,NA,NA,14262185861,9096091805,"Yahoo Finance",TRUE
2024-06-09,69647.9921875,3705.90380859375,0.00492565912658804,0.00675631416496714,NA,NA,NA,NA,NA,NA,13534028500,7910768788,"Yahoo Finance",TRUE
2024-06-10,69512.28125,3666.71752929688,-0.00195042704602244,-0.0106303162786201,NA,NA,NA,NA,NA,NA,20597699541,10377300126,"Yahoo Finance",TRUE
2024-06-11,67332.03125,3498.33056640625,-0.0318673749178799,-0.0470109819835258,NA,NA,NA,NA,NA,NA,37116136345,19184721538,"Yahoo Finance",TRUE
2024-06-12,68241.1875,3559.61767578125,0.0134122341743002,0.0173672709763277,NA,NA,NA,NA,NA,NA,34497940694,17142905351,"Yahoo Finance",TRUE
2024-06-13,66756.3984375,3469.28125,-0.0219981554211603,-0.0257057047142606,NA,NA,NA,NA,NA,NA,28955204146,14472382154,"Yahoo Finance",TRUE
2024-06-14,66011.09375,3480.27197265625,-0.0112273344053886,0.00316300385571822,NA,NA,NA,NA,NA,NA,27403884779,15793876596,"Yahoo Finance",TRUE
2024-06-15,66191,3565.54956054688,0.00272168701648567,0.0242077526220559,NA,NA,NA,NA,NA,NA,14121265576,12733651076,"Yahoo Finance",TRUE
2024-06-16,66639.046875,3620.5634765625,0.00674619312120051,0.0153114738166522,NA,NA,NA,NA,NA,NA,13281140541,9878388158,"Yahoo Finance",TRUE
2024-06-17,66490.296875,3511.37890625,-0.00223466979873344,-0.0306208591178549,NA,NA,NA,NA,NA,NA,30006354476,17838856988,"Yahoo Finance",TRUE
2024-06-18,65140.74609375,3483.68139648438,-0.0205057718831529,-0.00791920392908274,NA,NA,NA,NA,NA,NA,39481285950,21022514455,"Yahoo Finance",TRUE
2024-06-19,64960.296875,3559.34741210938,-0.00277398751532587,0.021487609668652,NA,NA,NA,NA,NA,NA,21103423504,15275373778,"Yahoo Finance",TRUE
2024-06-20,64828.65625,3511.0869140625,-0.00202853427771288,-0.0136515651867324,NA,NA,NA,NA,NA,NA,25641109124,16115123753,"Yahoo Finance",TRUE
2024-06-21,64096.19921875,3516.07568359375,-0.0113626640759907,0.00141985340456507,NA,NA,NA,NA,NA,NA,26188171739,15933353456,"Yahoo Finance",TRUE
2024-06-22,64252.578125,3494.8134765625,0.00243678182007834,-0.00606549946301627,NA,NA,NA,NA,NA,NA,9858198793,7423703673,"Yahoo Finance",TRUE
2024-06-23,63180.796875,3418.61181640625,-0.0168214413620014,-0.022045438571423,NA,NA,NA,NA,NA,NA,11170471802,9418141333,"Yahoo Finance",TRUE
2024-06-24,60277.4140625,3350.25634765625,-0.0470429339934118,-0.0201977024407753,NA,NA,NA,NA,NA,NA,43152133651,23137744903,"Yahoo Finance",TRUE
2024-06-25,61804.640625,3395.02905273438,0.0250209785898576,0.0132754538827147,NA,NA,NA,NA,NA,NA,29201215431,13235546063,"Yahoo Finance",TRUE
2024-06-26,60811.27734375,3369.47729492188,-0.0162031982640602,-0.00755469151072674,NA,NA,NA,NA,NA,NA,22506003064,11694054195,"Yahoo Finance",TRUE
2024-06-27,61604.80078125,3444.80053710938,0.0129645478634579,0.0221083765770747,NA,NA,NA,NA,NA,NA,21231745045,11771834016,"Yahoo Finance",TRUE
2024-06-28,60320.13671875,3373.63598632812,-0.0210738120086127,-0.0208749131129267,NA,NA,NA,NA,NA,NA,24952866877,12861158844,"Yahoo Finance",TRUE
2024-06-29,60887.37890625,3372.9677734375,0.00935992006469277,-0.000198088672940244,NA,NA,NA,NA,NA,NA,12652903396,6584792001,"Yahoo Finance",TRUE
2024-06-30,62678.29296875,3432.88916015625,0.0289892727317245,0.0176092256091085,NA,NA,NA,NA,NA,NA,17333226409,8396416013,"Yahoo Finance",TRUE
2024-07-01,62851.98046875,3440.34155273438,0.00276726252690551,0.00216852767201914,NA,NA,NA,NA,NA,NA,25468379421,12281551839,"Yahoo Finance",TRUE
2024-07-02,62029.015625,3416.35473632812,-0.0131801760562915,-0.00699663897803582,NA,NA,NA,NA,NA,NA,20151616992,9421757718,"Yahoo Finance",TRUE
2024-07-03,60173.921875,3292.91674804688,-0.0303632025066172,-0.0368003944814053,NA,NA,NA,NA,NA,NA,29756701685,16121324440,"Yahoo Finance",TRUE
2024-07-04,56977.703125,3054.52197265625,-0.0545790489543485,-0.0751506149646666,NA,NA,NA,NA,NA,NA,41149609230,20252514386,"Yahoo Finance",TRUE
2024-07-05,56662.375,2981.5986328125,-0.0055496078407522,-0.0241634959767367,NA,NA,NA,NA,NA,NA,55417544033,31131942647,"Yahoo Finance",TRUE
2024-07-06,58303.5390625,3069.3779296875,0.0285523856250887,0.0290153016595855,NA,NA,NA,NA,NA,NA,20610320577,11586293705,"Yahoo Finance",TRUE
2024-07-07,55849.109375,2929.38720703125,-0.0430092171893204,-0.0466816555035265,NA,NA,NA,NA,NA,NA,20553359505,10857947538,"Yahoo Finance",TRUE
2024-07-08,56705.09765625,3018.73193359375,0.0152105337906541,0.0300435968726784,NA,NA,NA,NA,NA,NA,39766159899,22627377457,"Yahoo Finance",TRUE
2024-07-09,58009.2265625,3064.03295898438,0.0227379641121495,0.0148951549991878,NA,NA,NA,NA,NA,NA,27849512607,15269945822,"Yahoo Finance",TRUE
2024-07-10,57742.49609375,3102.21875,-0.00460867336984627,0.0123855726188093,NA,NA,NA,NA,NA,NA,26175260526,14578679176,"Yahoo Finance",TRUE
2024-07-11,57344.9140625,3100.33081054688,-0.00690924597826914,-0.000608762410683639,NA,NA,NA,NA,NA,NA,28707803842,15230095766,"Yahoo Finance",TRUE
2024-07-12,57899.46484375,3134.15869140625,0.00962398455810387,0.0108519591945875,NA,NA,NA,NA,NA,NA,25604805221,12751638331,"Yahoo Finance",TRUE
2024-07-13,59231.953125,3177.19873046875,0.0227530032425829,0.0136391281293804,NA,NA,NA,NA,NA,NA,17080061806,8565105946,"Yahoo Finance",TRUE
2024-07-14,60787.79296875,3244.0791015625,0.0259278502630043,0.0208316137134599,NA,NA,NA,NA,NA,NA,22223416061,10517709666,"Yahoo Finance",TRUE
2024-07-15,64870.15234375,3489.552734375,0.0649986203949808,0.07294205174734,NA,NA,NA,NA,NA,NA,38094526099,18305490390,"Yahoo Finance",TRUE
2024-07-16,65097.1484375,3443.51342773438,0.00349312978267413,-0.0132812762233581,NA,NA,NA,NA,NA,NA,41617346768,20446664416,"Yahoo Finance",TRUE
2024-07-17,64118.79296875,3388.75244140625,-0.0151432424548243,-0.0160304531637472,NA,NA,NA,NA,NA,NA,32525071311,16739123962,"Yahoo Finance",TRUE
2024-07-18,63974.06640625,3426.25854492188,-0.00225971416035264,0.0110070203142811,NA,NA,NA,NA,NA,NA,27239305337,15035622003,"Yahoo Finance",TRUE
2024-07-19,66710.15625,3505.73486328125,0.0418794201096357,0.0229312973426072,NA,NA,NA,NA,NA,NA,37003855410,17705629736,"Yahoo Finance",TRUE
2024-07-20,67163.6484375,3519.29541015625,0.00677494634833131,0.00386064207270387,NA,NA,NA,NA,NA,NA,19029581250,10360198325,"Yahoo Finance",TRUE
2024-07-21,68154.5234375,3536.60546875,0.0146453753701437,0.00490655796279604,NA,NA,NA,NA,NA,NA,26652190004,13845913681,"Yahoo Finance",TRUE
2024-07-22,67585.25,3440.419921875,-0.00838776669011132,-0.0275738257195197,NA,NA,NA,NA,NA,NA,42649109453,18723199034,"Yahoo Finance",TRUE
2024-07-23,65927.671875,3481.99584960938,-0.0248315035462845,0.012012115141502,NA,NA,NA,NA,NA,NA,35605668666,24468405650,"Yahoo Finance",TRUE
2024-07-24,65372.1328125,3336.33935546875,-0.00846219655757707,-0.0427314448060816,NA,NA,NA,NA,NA,NA,27470942309,16040945448,"Yahoo Finance",TRUE
2024-07-25,65777.2265625,3174.42724609375,0.00617761367994518,-0.049746983442823,NA,NA,NA,NA,NA,NA,38315761670,25293745810,"Yahoo Finance",TRUE
2024-07-26,67912.0625,3275.95141601562,0.0319399921931982,0.0314811144643627,NA,NA,NA,NA,NA,NA,30488630457,15993893521,"Yahoo Finance",TRUE
2024-07-27,67813.3359375,3247.60791015625,-0.00145479889613931,-0.00868963790870936,NA,NA,NA,NA,NA,NA,34691905492,15198233287,"Yahoo Finance",TRUE
2024-07-28,68255.8671875,3271.46459960938,0.00650452563967185,0.00731907672918553,NA,NA,NA,NA,NA,NA,18043166945,8959236446,"Yahoo Finance",TRUE
2024-07-29,66819.9140625,3320.53930664062,-0.0212622456640865,0.0148894370701189,NA,NA,NA,NA,NA,NA,40780682628,18334852719,"Yahoo Finance",TRUE
2024-07-30,66201.015625,3278.66772460938,-0.00930534623067381,-0.0126900531349268,NA,NA,NA,NA,NA,NA,31380492109,14045773047,"Yahoo Finance",TRUE
2024-07-31,64619.25,3231.29565429688,-0.0241834505774872,-0.0145539701963102,NA,NA,NA,NA,NA,NA,31292785994,16135380637,"Yahoo Finance",TRUE
2024-08-01,65357.5,3201.564453125,0.0113598461110431,-0.00924360622547127,NA,NA,NA,NA,NA,NA,40975554494,20217639556,"Yahoo Finance",TRUE
2024-08-02,61415.06640625,2986.01318359375,-0.0622170138648706,-0.0697004676962134,NA,NA,NA,NA,NA,NA,43060875727,21400241741,"Yahoo Finance",TRUE
2024-08-03,60680.09375,2903.3857421875,-0.0120394867920854,-0.0280615609389949,NA,NA,NA,NA,NA,NA,31753030589,17844091431,"Yahoo Finance",TRUE
2024-08-04,58116.9765625,2686.39892578125,-0.0431578827242092,-0.0776759458353835,NA,NA,NA,NA,NA,NA,31758917219,21139601426,"Yahoo Finance",TRUE
2024-08-05,53991.45703125,2417.20629882812,-0.0736319858212013,-0.10558915612966,NA,NA,NA,NA,NA,NA,108991085584,67668132244,"Yahoo Finance",TRUE
2024-08-06,56034.31640625,2458.72387695312,0.0371384650991171,0.0170300148028772,NA,NA,NA,NA,NA,NA,49300484106,26041995921,"Yahoo Finance",TRUE
2024-08-07,55027.4609375,2336.58935546875,-0.0181319456214233,-0.0509501404149448,NA,NA,NA,NA,NA,NA,41637562185,24264218606,"Yahoo Finance",TRUE
2024-08-08,61710.13671875,2683.35278320312,0.114615857432957,0.138374725408413,NA,NA,NA,NA,NA,NA,45298472567,23468291180,"Yahoo Finance",TRUE
2024-08-09,60880.11328125,2599.5986328125,-0.0135416335526664,-0.0317099900191122,NA,NA,NA,NA,NA,NA,33425553115,17907141655,"Yahoo Finance",TRUE
2024-08-10,60945.8125,2610.02294921875,0.00107857542961831,0.00400195298440309,NA,NA,NA,NA,NA,NA,15745822278,9361014219,"Yahoo Finance",TRUE
2024-08-11,58719.484375,2553.25219726562,-0.0372135465234376,-0.0219910960483816,NA,NA,NA,NA,NA,NA,22759754812,13595441987,"Yahoo Finance",TRUE
2024-08-12,59354.515625,2724.43188476562,0.010756599640608,0.0648920056731788,NA,NA,NA,NA,NA,NA,37078637820,21653090666,"Yahoo Finance",TRUE
2024-08-13,60609.56640625,2703.671875,0.0209245392771162,-0.00764912091036685,NA,NA,NA,NA,NA,NA,30327698167,16383053029,"Yahoo Finance",TRUE
2024-08-14,58737.26953125,2662.91479492188,-0.0313783013916655,-0.0151894923932367,NA,NA,NA,NA,NA,NA,29961696180,15825365408,"Yahoo Finance",TRUE
2024-08-15,57560.09765625,2570.08764648438,-0.0202448620971349,-0.0354813084052283,NA,NA,NA,NA,NA,NA,35682112440,16345801912,"Yahoo Finance",TRUE
2024-08-16,58894.10546875,2593.1865234375,0.0229114301013418,0.00894743540404797,NA,NA,NA,NA,NA,NA,29350938673,13275561555,"Yahoo Finance",TRUE
2024-08-17,59478.97265625,2614.546875,0.00988184063726294,0.00820336592354121,NA,NA,NA,NA,NA,NA,13589684021,6676568717,"Yahoo Finance",TRUE
2024-08-18,58483.96484375,2613.35717773438,-0.0168702379264722,-0.000455133557984766,NA,NA,NA,NA,NA,NA,17740625837,9207267415,"Yahoo Finance",TRUE
2024-08-19,59493.453125,2637.30639648438,0.0171136635560067,0.00912242214579262,NA,NA,NA,NA,NA,NA,25911207712,11968963282,"Yahoo Finance",TRUE
2024-08-20,59012.79296875,2573.10693359375,-0.00811202460475791,-0.024643999606659,NA,NA,NA,NA,NA,NA,31613400008,13249483464,"Yahoo Finance",TRUE
2024-08-21,61175.19140625,2631.3955078125,0.0359874877747526,0.0224002244760406,NA,NA,NA,NA,NA,NA,32731154072,12766015263,"Yahoo Finance",TRUE
2024-08-22,60381.9140625,2622.95141601562,-0.0130521141055446,-0.00321413838436158,NA,NA,NA,NA,NA,NA,27625734377,10723280428,"Yahoo Finance",TRUE
2024-08-23,64094.35546875,2764.44702148438,0.0596666777899255,0.0525404443268567,NA,NA,NA,NA,NA,NA,42530509233,16857181970,"Yahoo Finance",TRUE
2024-08-24,64178.9921875,2769.3896484375,0.00131963081308584,0.0017863296523748,NA,NA,NA,NA,NA,NA,21430585163,11765811307,"Yahoo Finance",TRUE
2024-08-25,64333.54296875,2749.15771484375,0.00240522616054228,-0.00733237314354884,NA,NA,NA,NA,NA,NA,18827683555,9375535539,"Yahoo Finance",TRUE
2024-08-26,62880.66015625,2681.34057617188,-0.0228425120791336,-0.0249776948056715,NA,NA,NA,NA,NA,NA,27682040631,12282035835,"Yahoo Finance",TRUE
2024-08-27,59504.1328125,2458.7265625,-0.0551928775609074,-0.0866733260534218,NA,NA,NA,NA,NA,NA,39103882198,18028996056,"Yahoo Finance",TRUE
2024-08-28,59027.625,2528.41552734375,-0.0080402145092684,0.02794927437788,NA,NA,NA,NA,NA,NA,40289564698,20359545410,"Yahoo Finance",TRUE
2024-08-29,59388.1796875,2528.79272460938,0.00608965674273954,0.000149172131156838,NA,NA,NA,NA,NA,NA,32224990582,13946434277,"Yahoo Finance",TRUE
2024-08-30,59119.4765625,2525.82202148438,-0.00453478862002754,-0.00117544209253051,NA,NA,NA,NA,NA,NA,32292756405,15526218255,"Yahoo Finance",TRUE
2024-08-31,58969.8984375,2513.39379882812,-0.00253330504958349,-0.00493261185799909,NA,NA,NA,NA,NA,NA,12403470760,6646876013,"Yahoo Finance",TRUE
2024-09-01,57325.48828125,2427.90234375,-0.0282817712577206,-0.0346062994239622,NA,NA,NA,NA,NA,NA,24592449997,11800443265,"Yahoo Finance",TRUE
2024-09-02,59112.48046875,2538.18725585938,0.0306967310826494,0.0444224959173987,NA,NA,NA,NA,NA,NA,27036454524,12520444224,"Yahoo Finance",TRUE
2024-09-03,57431.0234375,2420.60375976562,-0.0288574422367045,-0.0474331508867607,NA,NA,NA,NA,NA,NA,26666961053,11406800197,"Yahoo Finance",TRUE
2024-09-04,57971.5390625,2448.97705078125,0.00936754896683745,0.0116534105150059,NA,NA,NA,NA,NA,NA,35627680312,16709600747,"Yahoo Finance",TRUE
2024-09-05,56160.48828125,2367.73754882812,-0.0317387301454914,-0.033735528614387,NA,NA,NA,NA,NA,NA,31030280656,13632325040,"Yahoo Finance",TRUE
2024-09-06,53948.75390625,2223.87646484375,-0.0401788599055397,-0.0626830499964655,NA,NA,NA,NA,NA,NA,49361693566,25825618367,"Yahoo Finance",TRUE
2024-09-07,54139.6875,2274.10717773438,0.0035329178561696,0.022335697564615,NA,NA,NA,NA,NA,NA,19061486526,11124608320,"Yahoo Finance",TRUE
2024-09-08,54841.56640625,2297.29296875,0.0128809053957024,0.0101439336261535,NA,NA,NA,NA,NA,NA,18268287531,10718443487,"Yahoo Finance",TRUE
2024-09-09,57019.53515625,2358.48217773438,0.0389455136654462,0.0262868074500888,NA,NA,NA,NA,NA,NA,34618096173,15887712451,"Yahoo Finance",TRUE
2024-09-10,57648.7109375,2389.5810546875,0.010973955159395,0.013099792549208,NA,NA,NA,NA,NA,NA,28857630507,12795818970,"Yahoo Finance",TRUE
2024-09-11,57343.171875,2339.84155273438,-0.00531411042338092,-0.0210348450820996,NA,NA,NA,NA,NA,NA,37049062672,15355180967,"Yahoo Finance",TRUE
2024-09-12,58127.01171875,2361.78173828125,0.0135766976294001,0.00933309346577271,NA,NA,NA,NA,NA,NA,33835707949,12162634681,"Yahoo Finance",TRUE
2024-09-13,60571.30078125,2441.60717773438,0.0411907229072508,0.0332401938342697,NA,NA,NA,NA,NA,NA,32490528356,13759640866,"Yahoo Finance",TRUE
2024-09-14,60005.12109375,2418.595703125,-0.00939128628854213,-0.00946941809888457,NA,NA,NA,NA,NA,NA,16428405496,8170291680,"Yahoo Finance",TRUE
2024-09-15,59182.8359375,2320.89721679688,-0.0137983437794187,-0.0412332414766183,NA,NA,NA,NA,NA,NA,18120960867,10155470375,"Yahoo Finance",TRUE
2024-09-16,58192.5078125,2295.28369140625,-0.016874951656181,-0.0110973936086225,NA,NA,NA,NA,NA,NA,32032822113,16819033263,"Yahoo Finance",TRUE
2024-09-17,60308.5390625,2341.70776367188,0.035717088660709,0.0200240280339488,NA,NA,NA,NA,NA,NA,38075570118,15356783863,"Yahoo Finance",TRUE
2024-09-18,61649.6796875,2369.72900390625,0.0219943305683934,0.0118951275456691,NA,NA,NA,NA,NA,NA,40990702891,18159056422,"Yahoo Finance",TRUE
2024-09-19,62940.45703125,2464.75219726562,0.0207211190539169,0.0393156696828063,NA,NA,NA,NA,NA,NA,42710252573,18437147349,"Yahoo Finance",TRUE
2024-09-20,63192.9765625,2561.07202148438,0.00400401164740494,0.0383346552803001,NA,NA,NA,NA,NA,NA,35177164222,19112788620,"Yahoo Finance",TRUE
2024-09-21,63394.83984375,2615.85717773438,0.00318930301647846,0.0211659072082879,NA,NA,NA,NA,NA,NA,14408616220,10797825021,"Yahoo Finance",TRUE
2024-09-22,63648.7109375,2582.86254882812,0.00399660478803021,-0.0126935375110016,NA,NA,NA,NA,NA,NA,20183348802,13180663011,"Yahoo Finance",TRUE
2024-09-23,63329.80078125,2648.54638671875,-0.00502306764308003,0.0251126572587497,NA,NA,NA,NA,NA,NA,31400285425,19912841456,"Yahoo Finance",TRUE
2024-09-24,64301.96875,2654.35498046875,0.015234244172186,0.0021907237834089,NA,NA,NA,NA,NA,NA,29938335243,16658812503,"Yahoo Finance",TRUE
2024-09-25,63143.14453125,2579.388671875,-0.0181859645588887,-0.0286492579973796,NA,NA,NA,NA,NA,NA,25078377700,14119729962,"Yahoo Finance",TRUE
2024-09-26,65181.01953125,2632.19995117188,0.0317640306556246,0.020267557896732,NA,NA,NA,NA,NA,NA,36873129847,17336033595,"Yahoo Finance",TRUE
2024-09-27,65790.6640625,2695.90063476562,0.0093096296486781,0.0239123559621248,NA,NA,NA,NA,NA,NA,32058813449,17023020294,"Yahoo Finance",TRUE
2024-09-28,65887.6484375,2677.5390625,0.00147305035576117,-0.00683422342755424,NA,NA,NA,NA,NA,NA,15243637984,10252590559,"Yahoo Finance",TRUE
2024-09-29,65635.3046875,2659.34692382812,-0.00383726267761375,-0.0068175371109076,NA,NA,NA,NA,NA,NA,14788214575,11126215671,"Yahoo Finance",TRUE
2024-09-30,63329.5,2603.06274414062,-0.0357624770495679,-0.0213918450206831,NA,NA,NA,NA,NA,NA,37112957475,17826446789,"Yahoo Finance",TRUE
2024-10-01,60837.0078125,2448.92114257812,-0.0401529704172496,-0.0610411526647523,NA,NA,NA,NA,NA,NA,50220923500,25482371785,"Yahoo Finance",TRUE
2024-10-02,60632.78515625,2365.23168945312,-0.00336252896593869,-0.0347715945183324,NA,NA,NA,NA,NA,NA,40762722398,20148256472,"Yahoo Finance",TRUE
2024-10-03,60759.40234375,2349.79125976562,0.00208608537377586,-0.00654948450848281,NA,NA,NA,NA,NA,NA,36106447279,18051447791,"Yahoo Finance",TRUE
2024-10-04,62067.4765625,2414.7939453125,0.0213002835593876,0.0272874620331791,NA,NA,NA,NA,NA,NA,29585472513,14879264082,"Yahoo Finance",TRUE
2024-10-05,62089.94921875,2415.6318359375,0.000362002616499879,0.00034692206084852,NA,NA,NA,NA,NA,NA,13305410749,8152969183,"Yahoo Finance",TRUE
2024-10-06,62818.953125,2439.95776367188,0.0116727017835174,0.0100198465115318,NA,NA,NA,NA,NA,NA,14776233667,8458690205,"Yahoo Finance",TRUE
2024-10-07,62236.66015625,2421.79663085938,-0.00931261159307084,-0.00747105501970058,NA,NA,NA,NA,NA,NA,34253562610,17414044416,"Yahoo Finance",TRUE
2024-10-08,62131.96875,2439.8408203125,-0.00168356653762025,0.00742312543515578,NA,NA,NA,NA,NA,NA,28134475157,14067361080,"Yahoo Finance",TRUE
2024-10-09,60582.1015625,2368.28344726562,-0.0252611554684634,-0.0297673907275993,NA,NA,NA,NA,NA,NA,27670982363,14954047093,"Yahoo Finance",TRUE
2024-10-10,60274.5,2383.85791015625,-0.00509036697595278,0.00655473710973631,NA,NA,NA,NA,NA,NA,30452813570,15327769940,"Yahoo Finance",TRUE
2024-10-11,62445.08984375,2436.51342773438,0.0353784793604461,0.0218479483789542,NA,NA,NA,NA,NA,NA,30327141594,13489061564,"Yahoo Finance",TRUE
2024-10-12,63193.0234375,2476.52319335938,0.0119062983322582,0.0162875440193115,NA,NA,NA,NA,NA,NA,16744110886,9372169184,"Yahoo Finance",TRUE
2024-10-13,62851.375,2467.67700195312,-0.00542109412935865,-0.00357841531348146,NA,NA,NA,NA,NA,NA,18177529690,9189490605,"Yahoo Finance",TRUE
2024-10-14,66046.125,2628.89990234375,0.0495805492882901,0.0632882475334613,NA,NA,NA,NA,NA,NA,43706958056,21434687898,"Yahoo Finance",TRUE
2024-10-15,67041.109375,2606.02197265625,0.0149526424220383,-0.00874056036929893,NA,NA,NA,NA,NA,NA,48863870879,22003780898,"Yahoo Finance",TRUE
2024-10-16,67612.71875,2611.10205078125,0.00849010854745025,0.00194746366302301,NA,NA,NA,NA,NA,NA,38195189534,17012396419,"Yahoo Finance",TRUE
2024-10-17,67399.8359375,2604.2734375,-0.00315352878722663,-0.00261864834037695,NA,NA,NA,NA,NA,NA,32790898511,15150712321,"Yahoo Finance",TRUE
2024-10-18,68418.7890625,2641.55224609375,0.0150048970496641,0.0142129908216866,NA,NA,NA,NA,NA,NA,36857165014,17043738652,"Yahoo Finance",TRUE
2024-10-19,68362.734375,2648.65698242188,-0.000819623721527662,0.00268599607036357,NA,NA,NA,NA,NA,NA,14443497908,8557834553,"Yahoo Finance",TRUE
2024-10-20,69001.703125,2746.36401367188,0.00930333018193963,0.0362251475388788,NA,NA,NA,NA,NA,NA,18975847518,14559296242,"Yahoo Finance",TRUE
2024-10-21,67367.8515625,2665.71215820312,-0.0239632629213027,-0.0298066117230178,NA,NA,NA,NA,NA,NA,37498611780,17328615363,"Yahoo Finance",TRUE
2024-10-22,67361.40625,2620.19750976562,-9.56779931780005e-05,-0.017221547923449,NA,NA,NA,NA,NA,NA,31808472566,15541911074,"Yahoo Finance",TRUE
2024-10-23,66432.1953125,2509.09887695312,-0.0138904382136982,-0.043326024821444,NA,NA,NA,NA,NA,NA,32263980353,17876984551,"Yahoo Finance",TRUE
2024-10-24,68161.0546875,2534.49853515625,0.0256915479674529,0.0100721254515195,NA,NA,NA,NA,NA,NA,31414428647,16128627601,"Yahoo Finance",TRUE
2024-10-25,66642.4140625,2435.93408203125,-0.0225321334727955,-0.0396655114084368,NA,NA,NA,NA,NA,NA,41469984306,22560233078,"Yahoo Finance",TRUE
2024-10-26,67014.6953125,2479.60327148438,0.00557070573325014,0.017768286644448,NA,NA,NA,NA,NA,NA,19588098156,13597102184,"Yahoo Finance",TRUE
2024-10-27,67929.296875,2505.94067382812,0.0135554840575676,0.0105656063371837,NA,NA,NA,NA,NA,NA,16721307878,9801434566,"Yahoo Finance",TRUE
2024-10-28,69907.7578125,2565.34814453125,0.0287092151025554,0.0234300157328242,NA,NA,NA,NA,NA,NA,38799856657,18971841402,"Yahoo Finance",TRUE
2024-10-29,72720.4921875,2637.95751953125,0.0394465905777626,0.0279107526048668,NA,NA,NA,NA,NA,NA,58541874402,22185845095,"Yahoo Finance",TRUE
2024-10-30,72339.5390625,2657.37255859375,-0.00525236341818669,0.00733292383077178,NA,NA,NA,NA,NA,NA,40646637831,22382690746,"Yahoo Finance",TRUE
2024-10-31,70215.1875,2515.79931640625,-0.0298062208969245,-0.0547473020077582,NA,NA,NA,NA,NA,NA,40627912076,19760409505,"Yahoo Finance",TRUE
2024-11-01,69482.46875,2511.88549804688,-0.0104901612367794,-0.00155690712301748,NA,NA,NA,NA,NA,NA,49989795365,20215438328,"Yahoo Finance",TRUE
2024-11-02,69289.2734375,2491.06860351562,-0.00278436278552974,-0.00832188912630549,NA,NA,NA,NA,NA,NA,18184612091,9639457439,"Yahoo Finance",TRUE
2024-11-03,68741.1171875,2456.42529296875,-0.00794258611024823,-0.0140046162699035,NA,NA,NA,NA,NA,NA,34868307655,15667779706,"Yahoo Finance",TRUE
2024-11-04,67811.5078125,2397.0263671875,-0.0136156113622654,-0.0244782047131737,NA,NA,NA,NA,NA,NA,41184819348,17110200696,"Yahoo Finance",TRUE
2024-11-05,69359.5625,2422.65063476562,0.0225721124909306,0.0106332889134206,NA,NA,NA,NA,NA,NA,46046889204,17894057485,"Yahoo Finance",TRUE
2024-11-06,75639.078125,2724.16918945312,0.0866690312684639,0.117301252640699,NA,NA,NA,NA,NA,NA,118592653963,41887574364,"Yahoo Finance",TRUE
2024-11-07,75904.859375,2895.58544921875,0.00350764968747974,0.0610238212650147,NA,NA,NA,NA,NA,NA,63467654989,35352318438,"Yahoo Finance",TRUE
2024-11-08,76545.4765625,2962.29663085938,0.00840432333931673,0.0227775380045951,NA,NA,NA,NA,NA,NA,55176858003,32303261101,"Yahoo Finance",TRUE
2024-11-09,76778.8671875,3131.14453125,0.00304440638133485,0.0554337463553356,NA,NA,NA,NA,NA,NA,29009480361,29210133088,"Yahoo Finance",TRUE
2024-11-10,80474.1875,3191.33129882812,0.0470070453718439,0.0190395621435044,NA,NA,NA,NA,NA,NA,82570594495,47418730187,"Yahoo Finance",TRUE
2024-11-11,88701.484375,3374.81298828125,0.0973401431249616,0.0559017471170851,NA,NA,NA,NA,NA,NA,117966845037,55417771668,"Yahoo Finance",TRUE
2024-11-12,87955.8125,3246.25732421875,-0.00844206626910626,-0.038837171708261,NA,NA,NA,NA,NA,NA,133673285375,56686078066,"Yahoo Finance",TRUE
2024-11-13,90584.1640625,3192.59594726562,0.0294448504877618,-0.0166683777689425,NA,NA,NA,NA,NA,NA,123559027869,52010205682,"Yahoo Finance",TRUE
2024-11-14,87250.4296875,3058.94873046875,-0.0374969223188124,-0.042763057630081,NA,NA,NA,NA,NA,NA,87616705248,35743352141,"Yahoo Finance",TRUE
2024-11-15,91066.0078125,3103.04052734375,0.0428021182914264,0.0143111412759218,NA,NA,NA,NA,NA,NA,78243109518,32701369872,"Yahoo Finance",TRUE
2024-11-16,90558.4765625,3133.27392578125,-0.00558881224411856,0.00969599449279812,NA,NA,NA,NA,NA,NA,44333192814,26650658846,"Yahoo Finance",TRUE
2024-11-17,89845.8515625,3075.66162109375,-0.00790035044031789,-0.0185584011251567,NA,NA,NA,NA,NA,NA,46350159305,28348163224,"Yahoo Finance",TRUE
2024-11-18,90542.640625,3207.8564453125,0.00772546540607522,0.0420829005896746,NA,NA,NA,NA,NA,NA,75535775084,35445557613,"Yahoo Finance",TRUE
2024-11-19,92343.7890625,3111.38403320312,0.0196975431836517,-0.0305352860860548,NA,NA,NA,NA,NA,NA,74521048295,29823634432,"Yahoo Finance",TRUE
2024-11-20,94339.4921875,3072.18798828125,0.0213814449984326,-0.0126776464344101,NA,NA,NA,NA,NA,NA,71730956426,29785491216,"Yahoo Finance",TRUE
2024-11-21,98504.7265625,3361.05395507812,0.0432046373822121,0.0898645943802059,NA,NA,NA,NA,NA,NA,106024505582,51619069348,"Yahoo Finance",TRUE
2024-11-22,98997.6640625,3331.60083007812,0.00499172209506149,-0.00880168366330381,NA,NA,NA,NA,NA,NA,78473580551,36775716442,"Yahoo Finance",TRUE
2024-11-23,97777.28125,3396.22338867188,-0.0124040025297933,0.0192111279923957,NA,NA,NA,NA,NA,NA,44414644677,38835184688,"Yahoo Finance",TRUE
2024-11-24,98013.8203125,3363.65991210938,0.00241624032647891,-0.00963440550568073,NA,NA,NA,NA,NA,NA,51712020623,27901454185,"Yahoo Finance",TRUE
2024-11-25,93102.296875,3413.5439453125,-0.0514096372932897,0.0147213910492585,NA,NA,NA,NA,NA,NA,80909462490,51544793988,"Yahoo Finance",TRUE
2024-11-26,91985.3203125,3326.51733398438,-0.0120698525342817,-0.0258251207041482,NA,NA,NA,NA,NA,NA,91656519855,39902959158,"Yahoo Finance",TRUE
2024-11-27,95962.53125,3657.24926757812,0.0423288133049571,0.0947853875464588,NA,NA,NA,NA,NA,NA,71133452438,43383987191,"Yahoo Finance",TRUE
2024-11-28,95652.46875,3579.8115234375,-0.00323631000313362,-0.0214011466680937,NA,NA,NA,NA,NA,NA,52260008261,32362724276,"Yahoo Finance",TRUE
2024-11-29,97461.5234375,3593.49438476562,0.0187361629072083,0.0038149433742305,NA,NA,NA,NA,NA,NA,54968682476,27622629486,"Yahoo Finance",TRUE
2024-11-30,96449.0546875,3705.70532226562,-0.0104427304650976,0.0307485156955583,NA,NA,NA,NA,NA,NA,31634227866,30670867436,"Yahoo Finance",TRUE
2024-12-01,97279.7890625,3711.1650390625,0.00857631162029016,0.00147224301276694,NA,NA,NA,NA,NA,NA,36590695296,28018113530,"Yahoo Finance",TRUE
2024-12-02,95865.3046875,3644.19848632812,-0.0146471197983615,-0.0182094067558616,NA,NA,NA,NA,NA,NA,72680784305,47284967570,"Yahoo Finance",TRUE
2024-12-03,96002.1640625,3620.71166992188,0.00142660346856083,-0.00646584685219764,NA,NA,NA,NA,NA,NA,67067810961,36839829742,"Yahoo Finance",TRUE
2024-12-04,98768.53125,3841.3310546875,0.0284083108720061,0.0591483349459114,NA,NA,NA,NA,NA,NA,77199817112,56799745752,"Yahoo Finance",TRUE
2024-12-05,96593.5703125,3811.00830078125,-0.022266865312222,-0.00792513536220163,NA,NA,NA,NA,NA,NA,149218945580,60568296606,"Yahoo Finance",TRUE
2024-12-06,99920.7109375,4005.810546875,0.0338648017678089,0.0498521437821609,NA,NA,NA,NA,NA,NA,94534772658,52853668566,"Yahoo Finance",TRUE
2024-12-07,99923.3359375,4002.69262695312,2.62704848239537e-05,-0.000778652392771306,NA,NA,NA,NA,NA,NA,44177510897,22574636761,"Yahoo Finance",TRUE
2024-12-08,101236.015625,4005.70458984375,0.0130513278197402,0.000752201208582548,NA,NA,NA,NA,NA,NA,44125751925,20943378971,"Yahoo Finance",TRUE
2024-12-09,97432.71875,3718.6904296875,-0.0382925034662129,-0.0743479213224472,NA,NA,NA,NA,NA,NA,110676473908,57029832059,"Yahoo Finance",TRUE
2024-12-10,96675.4296875,3631.83374023438,-0.00780279355398861,-0.0236338879518474,NA,NA,NA,NA,NA,NA,104823780634,58416417599,"Yahoo Finance",TRUE
2024-12-11,101173.03125,3832.82202148438,0.0454729495707635,0.0538636687806129,NA,NA,NA,NA,NA,NA,85391409936,35968053196,"Yahoo Finance",TRUE
2024-12-12,100043,3883.1015625,-0.0112321381496034,0.0130328539813735,NA,NA,NA,NA,NA,NA,72073983533,42971675764,"Yahoo Finance",TRUE
2024-12-13,101459.2578125,3911.20532226562,0.014057223472296,0.00721138697092272,NA,NA,NA,NA,NA,NA,56894751583,34895127659,"Yahoo Finance",TRUE
2024-12-14,101372.96875,3868.4052734375,-0.00085084179341699,-0.0110032449883075,NA,NA,NA,NA,NA,NA,40422968793,28756190559,"Yahoo Finance",TRUE
2024-12-15,104298.6953125,3951.94116210938,0.0284523776965298,0.0213645435758831,NA,NA,NA,NA,NA,NA,51145914137,25069616984,"Yahoo Finance",TRUE
2024-12-16,106029.71875,3987.48095703125,0.0164605674430298,0.00895280078884042,NA,NA,NA,NA,NA,NA,91020417816,46536359669,"Yahoo Finance",TRUE
2024-12-17,106140.6015625,3886.76611328125,0.00104522463303525,-0.0255822138989839,NA,NA,NA,NA,NA,NA,68589364868,35418700472,"Yahoo Finance",TRUE
2024-12-18,100041.5390625,3618.79125976562,-0.0591791546537692,-0.0714374145979111,NA,NA,NA,NA,NA,NA,93865656139,48946681636,"Yahoo Finance",TRUE
2024-12-19,97490.953125,3417.92797851562,-0.0258259051251439,-0.0571055507010421,NA,NA,NA,NA,NA,NA,97221662392,58879190250,"Yahoo Finance",TRUE
2024-12-20,97755.9296875,3472.55346679688,0.00271427355318465,0.0158556794980722,NA,NA,NA,NA,NA,NA,105634083408,66383827229,"Yahoo Finance",TRUE
2024-12-21,97224.7265625,3337.22241210938,-0.00544879117212105,-0.0397513448678826,NA,NA,NA,NA,NA,NA,51765334294,31579389836,"Yahoo Finance",TRUE
2024-12-22,95104.9375,3277.53515625,-0.0220441803820144,-0.0180471847228549,NA,NA,NA,NA,NA,NA,43147981314,24780768375,"Yahoo Finance",TRUE
2024-12-23,94686.2421875,3415.78540039062,-0.00441217544912043,0.041315788910433,NA,NA,NA,NA,NA,NA,65239002919,34496081389,"Yahoo Finance",TRUE
2024-12-24,98676.09375,3492.0498046875,0.0412739940682787,0.0220814483331413,NA,NA,NA,NA,NA,NA,47114953674,23083678195,"Yahoo Finance",TRUE
2024-12-25,99299.1953125,3493.2353515625,0.00629476156273689,0.000339441228199178,NA,NA,NA,NA,NA,NA,33700394629,17651873225,"Yahoo Finance",TRUE
2024-12-26,95795.515625,3331.22583007812,-0.0359215932968038,-0.047487988220146,NA,NA,NA,NA,NA,NA,47054980873,22247726776,"Yahoo Finance",TRUE
2024-12-27,94164.859375,3328.9169921875,-0.017168804864955,-0.000693329871364057,NA,NA,NA,NA,NA,NA,52419934565,24091627403,"Yahoo Finance",TRUE
2024-12-28,95163.9296875,3397.90234375,0.0105539109069124,0.0205112599817223,NA,NA,NA,NA,NA,NA,24107436185,14305648523,"Yahoo Finance",TRUE
2024-12-29,93530.2265625,3349.51342773438,-0.0173163173686017,-0.0143431936693901,NA,NA,NA,NA,NA,NA,29635885267,13440907792,"Yahoo Finance",TRUE
2024-12-30,92643.2109375,3356.392578125,-0.00952898919172895,0.00205166991534789,NA,NA,NA,NA,NA,NA,56188003691,26981583962,"Yahoo Finance",TRUE
2024-12-31,93429.203125,3332.53173828125,0.00844829005287195,-0.00713446286003894,NA,NA,NA,NA,NA,NA,43625106843,20845452085,"Yahoo Finance",TRUE
2025-01-01,94419.7578125,3353.50415039062,0.0105463864569462,0.00627351729570158,NA,NA,NA,NA,NA,NA,24519888919,14195410493,"Yahoo Finance",TRUE
2025-01-02,96886.875,3451.392578125,0.0257937106935469,0.0287719812471199,NA,NA,NA,NA,NA,NA,46009564411,22243574698,"Yahoo Finance",TRUE
2025-01-03,98107.4296875,3605.009765625,0.0125190387534921,0.0435466842109395,NA,NA,NA,NA,NA,NA,35611391163,21877299255,"Yahoo Finance",TRUE
2025-01-04,98236.2265625,3657.70678710938,0.00131195370335746,0.0145119104984097,NA,NA,NA,NA,NA,NA,22342608078,16060610759,"Yahoo Finance",TRUE
2025-01-05,98314.9609375,3634.10375976562,0.000801159028473108,-0.00647386808185502,NA,NA,NA,NA,NA,NA,20525254825,12830306908,"Yahoo Finance",TRUE
2025-01-06,102078.0859375,3688.611328125,0.0375618565168185,0.014887531318589,NA,NA,NA,NA,NA,NA,51823432705,23973574043,"Yahoo Finance",TRUE
2025-01-07,96922.703125,3381.57739257812,-0.0518242829786963,-0.0869077685531821,NA,NA,NA,NA,NA,NA,58685738547,32235312545,"Yahoo Finance",TRUE
2025-01-08,95043.5234375,3326.32934570312,-0.0195788576965654,-0.0164728873996491,NA,NA,NA,NA,NA,NA,63875859171,34337730882,"Yahoo Finance",TRUE
2025-01-09,92484.0390625,3219.4306640625,-0.0272988491790347,-0.0326648659065789,NA,NA,NA,NA,NA,NA,62777261693,28815726276,"Yahoo Finance",TRUE
2025-01-10,94701.453125,3267.48999023438,0.0236932656291593,0.0148175715588579,NA,NA,NA,NA,NA,NA,62058693684,26503845190,"Yahoo Finance",TRUE
2025-01-11,94566.59375,3282.2177734375,-0.001425062497864,0.0044972412685258,NA,NA,NA,NA,NA,NA,18860894100,11772144561,"Yahoo Finance",TRUE
2025-01-12,94488.4375,3265.951171875,-0.000826809568998499,-0.00496830034739482,NA,NA,NA,NA,NA,NA,20885130965,11647743556,"Yahoo Finance",TRUE
2025-01-13,94516.5234375,3135.49975585938,0.000297197889064904,-0.040762470862644,NA,NA,NA,NA,NA,NA,72978998252,39911742769,"Yahoo Finance",TRUE
2025-01-14,96534.046875,3223.6845703125,0.0211210930715602,0.0277364087279768,NA,NA,NA,NA,NA,NA,53769675818,22847737224,"Yahoo Finance",TRUE
2025-01-15,100504.4921875,3450.53759765625,0.0403066614062269,0.0680050624458257,NA,NA,NA,NA,NA,NA,57805923627,25991614661,"Yahoo Finance",TRUE
2025-01-16,99756.90625,3308.34521484375,-0.00746613592099976,-0.0420819150241236,NA,NA,NA,NA,NA,NA,54103781805,26395516475,"Yahoo Finance",TRUE
2025-01-17,104462.0390625,3474.10717773438,0.0460874538869582,0.0488893894473712,NA,NA,NA,NA,NA,NA,71888972663,28200207229,"Yahoo Finance",TRUE
2025-01-18,104408.0703125,3305.78955078125,-0.000516768544455815,-0.0496621781129338,NA,NA,NA,NA,NA,NA,50445655726,32420094038,"Yahoo Finance",TRUE
2025-01-19,101089.609375,3208.96435546875,-0.0322996292772473,-0.0297270862313219,NA,NA,NA,NA,NA,NA,76789928525,57242875399,"Yahoo Finance",TRUE
2025-01-20,102016.6640625,3278.03540039062,0.00912882807456583,0.0212960252599856,NA,NA,NA,NA,NA,NA,126279678351,52383187336,"Yahoo Finance",TRUE
2025-01-21,106146.265625,3327.40625,0.0396818342587633,0.0149488169348562,NA,NA,NA,NA,NA,NA,88733878242,32804001146,"Yahoo Finance",TRUE
2025-01-22,103653.0703125,3240.224609375,-0.0237685469930415,-0.0265504453025702,NA,NA,NA,NA,NA,NA,53878181052,22171220981,"Yahoo Finance",TRUE
2025-01-23,103960.171875,3334.71411132812,0.00295840268421443,0.0287443006707822,NA,NA,NA,NA,NA,NA,104104515428,32419520084,"Yahoo Finance",TRUE
2025-01-24,104819.484375,3309.55493164062,0.00823181116278171,-0.00757323334521587,NA,NA,NA,NA,NA,NA,52388229265,25578325671,"Yahoo Finance",TRUE
2025-01-25,104714.6484375,3317.26953125,-0.00100065745700384,0.0023282955924433,NA,NA,NA,NA,NA,NA,23888996502,13744316078,"Yahoo Finance",TRUE
2025-01-26,102682.5,3236.13427734375,-0.0195973135639242,-0.0247625210124465,NA,NA,NA,NA,NA,NA,22543395879,14471528757,"Yahoo Finance",TRUE
2025-01-27,102087.6875,3178.92041015625,-0.00580957785144776,-0.0178378476986758,NA,NA,NA,NA,NA,NA,89006608428,39412486482,"Yahoo Finance",TRUE
2025-01-28,101332.4765625,3077.11254882812,-0.00742516761539669,-0.0325499723638387,NA,NA,NA,NA,NA,NA,47180685494,20718206194,"Yahoo Finance",TRUE
2025-01-29,103703.2109375,3112.9990234375,0.0231261207465305,0.0115949046291259,NA,NA,NA,NA,NA,NA,47432049818,22727786058,"Yahoo Finance",TRUE
2025-01-30,104735.3046875,3247.78002929688,0.00990318110772748,0.0423851172810217,NA,NA,NA,NA,NA,NA,41915744521,19958405782,"Yahoo Finance",TRUE
2025-01-31,102405.0234375,3298.26513671875,-0.022500491172309,0.0154249190535989,NA,NA,NA,NA,NA,NA,45732764360,30128115902,"Yahoo Finance",TRUE
2025-02-01,100655.90625,3118.32861328125,-0.0172279369718282,-0.0560994566783979,NA,NA,NA,NA,NA,NA,27757944848,19917507079,"Yahoo Finance",TRUE
2025-02-02,97688.9765625,2868.69287109375,-0.0299191082065491,-0.0834406769982783,NA,NA,NA,NA,NA,NA,63091816853,42060930305,"Yahoo Finance",TRUE
2025-02-03,101405.421875,2884.56665039062,0.037337836664646,0.00551820042812334,NA,NA,NA,NA,NA,NA,115400897748,92453553253,"Yahoo Finance",TRUE
2025-02-04,97871.8203125,2735.05126953125,-0.0354678933406181,-0.0532244994273539,NA,NA,NA,NA,NA,NA,73002130211,48795275985,"Yahoo Finance",TRUE
2025-02-05,96615.4453125,2787.77905273438,-0.0129200487537542,0.0190950589664549,NA,NA,NA,NA,NA,NA,49125911241,31960764447,"Yahoo Finance",TRUE
2025-02-06,96593.296875,2688.40087890625,-0.0002292695179964,-0.0362986923409432,NA,NA,NA,NA,NA,NA,45302471947,29500645692,"Yahoo Finance",TRUE
2025-02-07,96529.0859375,2622.21118164062,-0.000664976673661499,-0.0249286237438282,NA,NA,NA,NA,NA,NA,55741290456,29526663418,"Yahoo Finance",TRUE
2025-02-08,96482.453125,2632.30834960938,-0.000483212699446511,0.0038432364127754,NA,NA,NA,NA,NA,NA,22447526395,17059263074,"Yahoo Finance",TRUE
2025-02-09,96500.09375,2628.72119140625,0.000182820937279615,-0.0013636717798482,NA,NA,NA,NA,NA,NA,27732901800,17517088276,"Yahoo Finance",TRUE
2025-02-10,97437.5546875,2661.16674804688,0.00966772822799378,0.0122671647820383,NA,NA,NA,NA,NA,NA,40078962391,19414208113,"Yahoo Finance",TRUE
2025-02-11,95747.4296875,2602.78198242188,-0.0174979243693834,-0.0221837874782942,NA,NA,NA,NA,NA,NA,37488783272,21156550492,"Yahoo Finance",TRUE
2025-02-12,97885.859375,2736.90209960938,0.0220883159193477,0.0502457939539775,NA,NA,NA,NA,NA,NA,49340445530,26919387954,"Yahoo Finance",TRUE
2025-02-13,96623.8671875,2675.90258789062,-0.0129763165895191,-0.0225399207159827,NA,NA,NA,NA,NA,NA,37147280860,19481004625,"Yahoo Finance",TRUE
2025-02-14,97508.96875,2726.09155273438,0.00911857791722959,0.0185821782494582,NA,NA,NA,NA,NA,NA,32697987277,17732289901,"Yahoo Finance",TRUE
2025-02-15,97580.3515625,2693.55981445312,0.000731796241549176,-0.0120052478650745,NA,NA,NA,NA,NA,NA,17047266288,10803019357,"Yahoo Finance",TRUE
2025-02-16,96175.03125,2663.31591796875,-0.0145063836274559,-0.0112917377009376,NA,NA,NA,NA,NA,NA,16536755396,10593602117,"Yahoo Finance",TRUE
2025-02-17,95773.3828125,2743.19970703125,-0.0041849684006614,0.0295530832150881,NA,NA,NA,NA,NA,NA,27336550690,24170425078,"Yahoo Finance",TRUE
2025-02-18,95539.546875,2669.3388671875,-0.00244453999348515,-0.027294188903543,NA,NA,NA,NA,NA,NA,37325720482,23004152928,"Yahoo Finance",TRUE
2025-02-19,96635.609375,2715.77099609375,0.011407035189924,0.0172450630691499,NA,NA,NA,NA,NA,NA,28990872862,15272401903,"Yahoo Finance",TRUE
2025-02-20,98333.9375,2740.38647460938,0.0174219113580332,0.00902307004699399,NA,NA,NA,NA,NA,NA,31668022771,15917259320,"Yahoo Finance",TRUE
2025-02-21,96125.546875,2659.65551757812,-0.022714094704245,-0.0299023498437192,NA,NA,NA,NA,NA,NA,49608706470,31441524621,"Yahoo Finance",TRUE
2025-02-22,96577.7578125,2764.029296875,0.00469334730219551,0.0384928955602373,NA,NA,NA,NA,NA,NA,18353824477,16403164397,"Yahoo Finance",TRUE
2025-02-23,96273.921875,2821.31030273438,-0.00315098307034134,0.0205119180975233,NA,NA,NA,NA,NA,NA,16999478976,20493767269,"Yahoo Finance",TRUE
2025-02-24,91418.171875,2513.8212890625,-0.0517532055364907,-0.115397402045497,NA,NA,NA,NA,NA,NA,44046480529,29127380459,"Yahoo Finance",TRUE
2025-02-25,88736.171875,2493.59252929688,-0.0297766693549981,-0.00807956783392161,NA,NA,NA,NA,NA,NA,92139104128,40044790246,"Yahoo Finance",TRUE
2025-02-26,84347.0234375,2331.45263671875,-0.0507280862209694,-0.0672329309662301,NA,NA,NA,NA,NA,NA,64597492134,28815111323,"Yahoo Finance",TRUE
2025-02-27,84704.2265625,2305.484375,0.0042259806609497,-0.0112007271794718,NA,NA,NA,NA,NA,NA,52659591954,24286213447,"Yahoo Finance",TRUE
2025-02-28,84373.0078125,2237.9052734375,-0.00391796299389746,-0.0297505128114048,NA,NA,NA,NA,NA,NA,83610570576,35737904667,"Yahoo Finance",TRUE
2025-03-01,86031.9140625,2216.64331054688,0.0194707833624168,-0.00954625320976277,NA,NA,NA,NA,NA,NA,29190628396,16135258239,"Yahoo Finance",TRUE
2025-03-02,94248.3515625,2519.69458007812,0.0912150149568642,0.12814366644777,NA,NA,NA,NA,NA,NA,58398341092,34854193845,"Yahoo Finance",TRUE
2025-03-03,86065.671875,2145.57397460938,-0.0908227048294563,-0.160730591981137,NA,NA,NA,NA,NA,NA,70072228536,31473561910,"Yahoo Finance",TRUE
2025-03-04,87222.1953125,2170.01513671875,0.0133482006343737,0.0113270391590872,NA,NA,NA,NA,NA,NA,68095241474,33935738380,"Yahoo Finance",TRUE
2025-03-05,90623.5625,2241.97729492188,0.0382554190530353,0.0326240544707304,NA,NA,NA,NA,NA,NA,50498988027,22105432727,"Yahoo Finance",TRUE
2025-03-06,89961.7265625,2202.47680664062,-0.00732993151532568,-0.0177756491420835,NA,NA,NA,NA,NA,NA,47749810486,18509069102,"Yahoo Finance",TRUE
2025-03-07,86742.671875,2138.98754882812,-0.0364383782693096,-0.029249939244508,NA,NA,NA,NA,NA,NA,65945677657,22425792863,"Yahoo Finance",TRUE
2025-03-08,86154.59375,2201.51025390625,-0.00680265695012139,0.0288109948349966,NA,NA,NA,NA,NA,NA,18206118081,10533204814,"Yahoo Finance",TRUE
2025-03-09,80601.0390625,2015.50915527344,-0.0666317432215333,-0.0882717578959724,NA,NA,NA,NA,NA,NA,30899345977,16103964994,"Yahoo Finance",TRUE
2025-03-10,78532,1861.1513671875,-0.0260053559872766,-0.0796765351661062,NA,NA,NA,NA,NA,NA,54061099422,35005066442,"Yahoo Finance",TRUE
2025-03-11,82862.2109375,1919.84497070312,0.0536729340651245,0.0310491275227029,NA,NA,NA,NA,NA,NA,54702837196,30898385863,"Yahoo Finance",TRUE
2025-03-12,83722.359375,1908.98266601562,0.0103269598158153,-0.00567397379033086,NA,NA,NA,NA,NA,NA,40353484454,22898872951,"Yahoo Finance",TRUE
2025-03-13,81066.703125,1862.96960449219,-0.0322337677609106,-0.0243986884333198,NA,NA,NA,NA,NA,NA,31412940153,17977225564,"Yahoo Finance",TRUE
2025-03-14,83969.1015625,1909.46752929688,0.0351765814759233,0.0246526465886214,NA,NA,NA,NA,NA,NA,29588112414,12122715282,"Yahoo Finance",TRUE
2025-03-15,84343.109375,1937.39465332031,0.00444422215127283,0.0145196855680911,NA,NA,NA,NA,NA,NA,13650491277,6456484591,"Yahoo Finance",TRUE
2025-03-16,82579.6875,1887.43505859375,-0.0211293785421951,-0.0261253127811951,NA,NA,NA,NA,NA,NA,21330270174,9292997638,"Yahoo Finance",TRUE
2025-03-17,84075.6875,1927.0029296875,0.0179536985740842,0.0207471142609936,NA,NA,NA,NA,NA,NA,25092785558,10436892087,"Yahoo Finance",TRUE
2025-03-18,82718.5,1932.54345703125,-0.0162741576821936,0.00287107892717131,NA,NA,NA,NA,NA,NA,24095774594,10170844746,"Yahoo Finance",TRUE
2025-03-19,86854.2265625,2057.7490234375,0.0487878794530605,0.0627756895984284,NA,NA,NA,NA,NA,NA,34931960257,20065206266,"Yahoo Finance",TRUE
2025-03-20,84167.1953125,1982.09985351562,-0.0314259156183105,-0.037455863474503,NA,NA,NA,NA,NA,NA,29028988961,13217865782,"Yahoo Finance",TRUE
2025-03-21,84043.2421875,1964.84753417969,-0.00147378663628928,-0.0087421632555289,NA,NA,NA,NA,NA,NA,19030452299,9708125480,"Yahoo Finance",TRUE
2025-03-22,83832.484375,1980.03784179688,-0.00251088025103741,0.00770130497977917,NA,NA,NA,NA,NA,NA,9863214091,6117036512,"Yahoo Finance",TRUE
2025-03-23,86054.375,2005.29919433594,0.0261587898176749,0.0126773171909873,NA,NA,NA,NA,NA,NA,12594615537,7522339707,"Yahoo Finance",TRUE
2025-03-24,87498.9140625,2077.47900390625,0.0166470186737477,0.0353618675399892,NA,NA,NA,NA,NA,NA,34582604933,14044912402,"Yahoo Finance",TRUE
2025-03-25,87471.703125,2067.76416015625,-0.000311034368589702,-0.00468723360820178,NA,NA,NA,NA,NA,NA,30005840049,11735658914,"Yahoo Finance",TRUE
2025-03-26,86900.8828125,2009.18933105469,-0.00654715703687003,-0.0287365848319983,NA,NA,NA,NA,NA,NA,26704046038,13178523590,"Yahoo Finance",TRUE
2025-03-27,87177.1015625,2002.357421875,0.00317350850323628,-0.003406125470101,NA,NA,NA,NA,NA,NA,24413471941,11593274543,"Yahoo Finance",TRUE
2025-03-28,84353.1484375,1895.5029296875,-0.0329295655003286,-0.054840995788628,NA,NA,NA,NA,NA,NA,34198619509,18160526498,"Yahoo Finance",TRUE
2025-03-29,82597.5859375,1827.3203125,-0.0210316800081269,-0.0366336179802351,NA,NA,NA,NA,NA,NA,16969396135,12194771785,"Yahoo Finance",TRUE
2025-03-30,82334.5234375,1806.21862792969,-0.00318995159971358,-0.0116150794867202,NA,NA,NA,NA,NA,NA,14763760943,9854857162,"Yahoo Finance",TRUE
2025-03-31,82548.9140625,1823.47998046875,0.00260051281161644,0.00951124846910911,NA,NA,NA,NA,NA,NA,29004228247,15765030938,"Yahoo Finance",TRUE
2025-04-01,85169.171875,1905.49145507812,0.0312485205315678,0.0439932043987863,NA,NA,NA,NA,NA,NA,28175650319,15001220420,"Yahoo Finance",TRUE
2025-04-02,82485.7109375,1795.31323242188,-0.0320144583229851,-0.0595604475170211,NA,NA,NA,NA,NA,NA,47584398470,22593742104,"Yahoo Finance",TRUE
2025-04-03,83102.828125,1815.63720703125,0.00745365649204111,0.0112569748989948,NA,NA,NA,NA,NA,NA,36852112080,16450974373,"Yahoo Finance",TRUE
2025-04-04,83843.8046875,1815.33520507812,0.00887686580650637,-0.000166347699483538,NA,NA,NA,NA,NA,NA,45157640207,18061720814,"Yahoo Finance",TRUE
2025-04-05,83504.796875,1805.97326660156,-0.00405152206907289,-0.00517048431887801,NA,NA,NA,NA,NA,NA,14380803631,6374712479,"Yahoo Finance",TRUE
2025-04-06,78214.484375,1576.72802734375,-0.0654492252250964,-0.135747821283579,NA,NA,NA,NA,NA,NA,36294853736,22154445576,"Yahoo Finance",TRUE
2025-04-07,79235.3359375,1555.24096679688,0.0129675075607985,-0.0137213348593797,NA,NA,NA,NA,NA,NA,91262424987,46073959047,"Yahoo Finance",TRUE
2025-04-08,76271.953125,1472.55310058594,-0.0381170762617487,-0.0546327987842083,NA,NA,NA,NA,NA,NA,48314590749,21315312919,"Yahoo Finance",TRUE
2025-04-09,82573.953125,1668.0400390625,0.0793890094423801,0.124651610470703,NA,NA,NA,NA,NA,NA,84213627038,39252195855,"Yahoo Finance",TRUE
2025-04-10,79626.140625,1522.51879882812,-0.0363518545774042,-0.0912832400149295,NA,NA,NA,NA,NA,NA,44718000633,21379604307,"Yahoo Finance",TRUE
2025-04-11,83404.8359375,1567.14978027344,0.046363853795274,0.0288924750311867,NA,NA,NA,NA,NA,NA,41656778779,14871838813,"Yahoo Finance",TRUE
2025-04-12,85287.109375,1643.52856445312,0.0223170294885673,0.0475869513297278,NA,NA,NA,NA,NA,NA,24258059104,12110995013,"Yahoo Finance",TRUE
2025-04-13,83684.9765625,1596.68579101562,-0.0189638521368707,-0.0289153938739926,NA,NA,NA,NA,NA,NA,28796984817,13909890792,"Yahoo Finance",TRUE
2025-04-14,84542.390625,1622.76989746094,0.0101936028754448,0.016204402070608,NA,NA,NA,NA,NA,NA,34090769777,16518325094,"Yahoo Finance",TRUE
2025-04-15,83668.9921875,1588.63244628906,-0.0103846276257755,-0.0212609529619483,NA,NA,NA,NA,NA,NA,28040322885,13175452875,"Yahoo Finance",TRUE
2025-04-16,84033.8671875,1578.10534667969,0.00435145324422415,-0.00664856964829141,NA,NA,NA,NA,NA,NA,29617804112,15339621551,"Yahoo Finance",TRUE
2025-04-17,84895.75,1582.54833984375,0.0102041347801549,0.00281144125946664,NA,NA,NA,NA,NA,NA,21276866029,11312160796,"Yahoo Finance",TRUE
2025-04-18,84450.8046875,1588.92468261719,-0.00525486139588693,0.00402106612281017,NA,NA,NA,NA,NA,NA,12728372364,7123507323,"Yahoo Finance",TRUE
2025-04-19,85063.4140625,1612.9228515625,0.00722785435350382,0.0149904816405124,NA,NA,NA,NA,NA,NA,15259300427,7168138700,"Yahoo Finance",TRUE
2025-04-20,85174.3046875,1587.51428222656,0.00130277404441159,-0.015878520415332,NA,NA,NA,NA,NA,NA,14664050812,7642784469,"Yahoo Finance",TRUE
2025-04-21,87518.90625,1579.73449707031,0.0271550412785437,-0.00491265533270369,NA,NA,NA,NA,NA,NA,41396190190,15403785611,"Yahoo Finance",TRUE
2025-04-22,93441.890625,1757.33166503906,0.0654849109954956,0.106539766109106,NA,NA,NA,NA,NA,NA,55899038456,23747917555,"Yahoo Finance",TRUE
2025-04-23,93699.109375,1796.10424804688,0.00274893168226598,0.0218234535662258,NA,NA,NA,NA,NA,NA,41719568821,22904644756,"Yahoo Finance",TRUE
2025-04-24,93943.796875,1769.83166503906,0.00260801373823938,-0.0147355751997029,NA,NA,NA,NA,NA,NA,31483175315,15207402759,"Yahoo Finance",TRUE
2025-04-25,94720.5,1786.63452148438,0.00823375196990739,0.00944925698092813,NA,NA,NA,NA,NA,NA,40915232364,17459399281,"Yahoo Finance",TRUE
2025-04-26,94646.9296875,1821.88110351562,-0.000777011298330521,0.0195358461335111,NA,NA,NA,NA,NA,NA,17612825123,11926379867,"Yahoo Finance",TRUE
2025-04-27,93754.84375,1792.86499023438,-0.00947010835713868,-0.0160546471436955,NA,NA,NA,NA,NA,NA,18090367764,11321944113,"Yahoo Finance",TRUE
2025-04-28,94978.75,1798.85180664062,0.0129698521864601,0.00333368263108547,NA,NA,NA,NA,NA,NA,32363449569,17043640437,"Yahoo Finance",TRUE
2025-04-29,94284.7890625,1799.17565917969,-0.00733330942544441,0.000180016713609454,NA,NA,NA,NA,NA,NA,25806129921,14734257744,"Yahoo Finance",TRUE
2025-04-30,94207.3125,1793.775390625,-0.000822066985522341,-0.00300603740287553,NA,NA,NA,NA,NA,NA,28344679831,14810431362,"Yahoo Finance",TRUE
2025-05-01,96492.3359375,1839.22155761719,0.0239657788961871,0.0250198601127334,NA,NA,NA,NA,NA,NA,32875889623,15861442721,"Yahoo Finance",TRUE
2025-05-02,96910.0703125,1842.70788574219,0.00431985343632491,0.00189375120873336,NA,NA,NA,NA,NA,NA,26421924677,13570171872,"Yahoo Finance",TRUE
2025-05-03,95891.796875,1833.83972167969,-0.0105629983809017,-0.00482418954320707,NA,NA,NA,NA,NA,NA,15775154889,8344452620,"Yahoo Finance",TRUE
2025-05-04,94315.9765625,1808.59423828125,-0.0165698419005675,-0.0138620976711001,NA,NA,NA,NA,NA,NA,18198688416,8918979887,"Yahoo Finance",TRUE
2025-05-05,94748.0546875,1819.69750976562,0.00457071474008686,0.00612040426486704,NA,NA,NA,NA,NA,NA,25816260327,11389336489,"Yahoo Finance",TRUE
2025-05-06,96802.4765625,1815.08752441406,0.021451265529473,-0.00253659447810684,NA,NA,NA,NA,NA,NA,26551275827,13206516310,"Yahoo Finance",TRUE
2025-05-07,97032.3203125,1811.60668945312,0.00237154382422311,-0.00191956411238348,NA,NA,NA,NA,NA,NA,76983822462,50540755039,"Yahoo Finance",TRUE
2025-05-08,103241.4609375,2206.5146484375,0.0620264035337463,0.19720006321216,NA,NA,NA,NA,NA,NA,69895404397,37777245241,"Yahoo Finance",TRUE
2025-05-09,102970.8515625,2345.50732421875,-0.00262457199628585,0.061087532978334,NA,NA,NA,NA,NA,NA,58198593958,43766026875,"Yahoo Finance",TRUE
2025-05-10,104696.328125,2582.42260742188,0.0166180931818687,0.0962262320282337,NA,NA,NA,NA,NA,NA,42276713994,30265913403,"Yahoo Finance",TRUE
2025-05-11,104106.359375,2510.23779296875,-0.00565098397007624,-0.0283504665872707,NA,NA,NA,NA,NA,NA,46285517406,26496368543,"Yahoo Finance",TRUE
2025-05-12,102812.953125,2496.39770507812,-0.0125017146072697,-0.00552871210607364,NA,NA,NA,NA,NA,NA,63250475404,32121858921,"Yahoo Finance",TRUE
2025-05-13,104169.8125,2680.12963867188,0.013111031807524,0.0710163912068094,NA,NA,NA,NA,NA,NA,52608876410,33528741590,"Yahoo Finance",TRUE
2025-05-14,103539.4140625,2610.06323242188,-0.00607002763940656,-0.0264907179689118,NA,NA,NA,NA,NA,NA,45956071155,26602676588,"Yahoo Finance",TRUE
2025-05-15,103744.640625,2546.85693359375,0.00198014873712182,-0.0245144241590456,NA,NA,NA,NA,NA,NA,50408241840,26637688883,"Yahoo Finance",TRUE
2025-05-16,103489.2890625,2536.29760742188,-0.0024643811186511,-0.00415464108966823,NA,NA,NA,NA,NA,NA,44386499364,21298907763,"Yahoo Finance",TRUE
2025-05-17,103191.0859375,2475.75439453125,-0.00288564728922225,-0.0241602273259875,NA,NA,NA,NA,NA,NA,37898552742,18830706230,"Yahoo Finance",TRUE
2025-05-18,106446.0078125,2498.23364257812,0.0310554149584075,0.00903878373829681,NA,NA,NA,NA,NA,NA,49887082058,25005164865,"Yahoo Finance",TRUE
2025-05-19,105606.1796875,2529.16674804688,-0.00792099837264715,0.0123059607079048,NA,NA,NA,NA,NA,NA,61761126647,27351331811,"Yahoo Finance",TRUE
2025-05-20,106791.0859375,2524.17309570312,0.0111575687100771,-0.0019763776526478,NA,NA,NA,NA,NA,NA,36515726122,23453322578,"Yahoo Finance",TRUE
2025-05-21,109678.078125,2552.34716796875,0.0266750544968755,0.0110998715940296,NA,NA,NA,NA,NA,NA,78086364051,31952904125,"Yahoo Finance",TRUE
2025-05-22,111673.28125,2664.15698242188,0.0180279639423642,0.0428742844419574,NA,NA,NA,NA,NA,NA,70157575642,26596978352,"Yahoo Finance",TRUE
2025-05-23,107287.796875,2526.44189453125,-0.0400625623389939,-0.0530757311965884,NA,NA,NA,NA,NA,NA,67548133399,30536501878,"Yahoo Finance",TRUE
2025-05-24,107791.15625,2530.64624023438,0.00468070247407582,0.00166275396423732,NA,NA,NA,NA,NA,NA,45903627163,11380899856,"Yahoo Finance",TRUE
2025-05-25,109035.390625,2551.76391601562,0.0114768975511854,0.00831015075983643,NA,NA,NA,NA,NA,NA,47518041841,14556431364,"Yahoo Finance",TRUE
2025-05-26,109440.3671875,2564.13842773438,0.00370729485402954,0.00483767477201713,NA,NA,NA,NA,NA,NA,45950461571,14936610009,"Yahoo Finance",TRUE
2025-05-27,108994.640625,2663.06982421875,-0.00408109657520406,0.037857000045733,NA,NA,NA,NA,NA,NA,57450176272,26264200536,"Yahoo Finance",TRUE
2025-05-28,107802.328125,2682.212890625,-0.0109994574937922,0.00716263264987038,NA,NA,NA,NA,NA,NA,49155377493,19087366068,"Yahoo Finance",TRUE
2025-05-29,105641.7578125,2632.65478515625,-0.0202455280092551,-0.0186493981950164,NA,NA,NA,NA,NA,NA,56022752042,27567479811,"Yahoo Finance",TRUE
2025-05-30,103998.5703125,2529.94360351562,-0.0156765748876122,-0.0397957496871886,NA,NA,NA,NA,NA,NA,57655287183,24599403943,"Yahoo Finance",TRUE
2025-05-31,104638.09375,2529.08740234375,0.00613051827031619,-0.00033848425876748,NA,NA,NA,NA,NA,NA,38997843858,13992843765,"Yahoo Finance",TRUE
2025-06-01,105652.1015625,2536.26635742188,0.00964396528382316,0.00283453445712301,NA,NA,NA,NA,NA,NA,37397056873,13287852482,"Yahoo Finance",TRUE
2025-06-02,105881.53125,2607.09741210938,0.00216920377543239,0.0275444382607288,NA,NA,NA,NA,NA,NA,45819706290,16744168824,"Yahoo Finance",TRUE
2025-06-03,105432.46875,2593.2802734375,-0.00425019805592974,-0.00531391065071407,NA,NA,NA,NA,NA,NA,46196508367,18291179016,"Yahoo Finance",TRUE
2025-06-04,104731.984375,2608.64306640625,-0.00666608418802994,0.0059065990133691,NA,NA,NA,NA,NA,NA,44544857105,18621211035,"Yahoo Finance",TRUE
2025-06-05,101575.953125,2416.28564453125,-0.0305977318470383,-0.0765986847759246,NA,NA,NA,NA,NA,NA,57479298400,26194462737,"Yahoo Finance",TRUE
2025-06-06,104390.34375,2477.19482421875,0.0273303530644604,0.0248952972758048,NA,NA,NA,NA,NA,NA,48856653697,19407449565,"Yahoo Finance",TRUE
2025-06-07,105615.625,2526.50537109375,0.0116691459869944,0.0197102709384414,NA,NA,NA,NA,NA,NA,38365033776,11664303387,"Yahoo Finance",TRUE
2025-06-08,105793.6484375,2510.787109375,0.00168415960836654,-0.00624077827324943,NA,NA,NA,NA,NA,NA,36626232328,12097170203,"Yahoo Finance",TRUE
2025-06-09,110294.1015625,2681.51708984375,0.0416599645648681,0.0657864192835449,NA,NA,NA,NA,NA,NA,55903193732,20605172560,"Yahoo Finance",TRUE
2025-06-10,110257.234375,2813.517578125,-0.000334318426926217,0.0480527949894558,NA,NA,NA,NA,NA,NA,54700101509,35555755055,"Yahoo Finance",TRUE
2025-06-11,108686.625,2773.529296875,-0.0143473886097247,-0.0143148840506457,NA,NA,NA,NA,NA,NA,50842662052,30705408054,"Yahoo Finance",TRUE
2025-06-12,105929.0546875,2651.79516601562,-0.0256991668453335,-0.0448837918096281,NA,NA,NA,NA,NA,NA,54843867968,25924959613,"Yahoo Finance",TRUE
2025-06-13,106090.96875,2579.48608398438,0.00152734719439174,-0.027646644951977,NA,NA,NA,NA,NA,NA,69550440846,37986747138,"Yahoo Finance",TRUE
2025-06-14,105472.40625,2533.44409179688,-0.00584755525466463,-0.018010508723397,NA,NA,NA,NA,NA,NA,38007870453,14285000473,"Yahoo Finance",TRUE
2025-06-15,105552.0234375,2546.83715820312,0.000754577954749536,0.00527258109327366,NA,NA,NA,NA,NA,NA,36744307742,13961893828,"Yahoo Finance",TRUE
2025-06-16,106796.7578125,2540.60498046875,0.0117236239769891,-0.00245002525117766,NA,NA,NA,NA,NA,NA,50366626945,22792449577,"Yahoo Finance",TRUE
2025-06-17,104601.1171875,2510.76147460938,-0.0207733363618132,-0.0118161504839023,NA,NA,NA,NA,NA,NA,55964092176,25653232897,"Yahoo Finance",TRUE
2025-06-18,104883.328125,2524.30151367188,0.00269433950386144,0.00537831273711653,NA,NA,NA,NA,NA,NA,47318089133,19873957905,"Yahoo Finance",TRUE
2025-06-19,104684.2890625,2521.65356445312,-0.0018995217392721,-0.00104953350587422,NA,NA,NA,NA,NA,NA,37333806920,12782730709,"Yahoo Finance",TRUE
2025-06-20,103309.6015625,2407.30419921875,-0.013218729770939,-0.0464073308254687,NA,NA,NA,NA,NA,NA,50951862476,22592586688,"Yahoo Finance",TRUE
2025-06-21,102257.40625,2300.49560546875,-0.0102370950736486,-0.0453829515174942,NA,NA,NA,NA,NA,NA,38360555118,16108791762,"Yahoo Finance",TRUE
2025-06-22,100987.140625,2228.21313476562,-0.0125000368718649,-0.0319246009478151,NA,NA,NA,NA,NA,NA,65536997201,28458151601,"Yahoo Finance",TRUE
2025-06-23,105577.7734375,2421.82495117188,0.0444546821160774,0.083321388610206,NA,NA,NA,NA,NA,NA,65237759656,26247439429,"Yahoo Finance",TRUE
2025-06-24,106045.6328125,2448.0087890625,0.00442162939858726,0.0107535869234798,NA,NA,NA,NA,NA,NA,48822986421,19539047009,"Yahoo Finance",TRUE
2025-06-25,107361.2578125,2419.31030273438,0.0123298892885533,-0.0117924542683374,NA,NA,NA,NA,NA,NA,51624120283,17158118625,"Yahoo Finance",TRUE
2025-06-26,106960,2416.14672851562,-0.00374445620028752,-0.00130849044865045,NA,NA,NA,NA,NA,NA,43891990613,18300413888,"Yahoo Finance",TRUE
2025-06-27,107088.4296875,2423.86694335938,0.00120000602760051,0.00319016511713421,NA,NA,NA,NA,NA,NA,45353692675,15309834970,"Yahoo Finance",TRUE
2025-06-28,107327.703125,2437.109375,0.00223186132203779,0.00544847929008885,NA,NA,NA,NA,NA,NA,30037708335,8273074809,"Yahoo Finance",TRUE
2025-06-29,108385.5703125,2500.9599609375,0.00980816480326574,0.0258619879088435,NA,NA,NA,NA,NA,NA,35534874438,12500580479,"Yahoo Finance",TRUE
2025-06-30,107135.3359375,2486.46435546875,-0.0116021078522053,-0.0058128786988183,NA,NA,NA,NA,NA,NA,42064804590,16859727663,"Yahoo Finance",TRUE
2025-07-01,105698.28125,2405.79272460938,-0.0135042249937296,-0.0329822993784488,NA,NA,NA,NA,NA,NA,44110692247,15025451796,"Yahoo Finance",TRUE
2025-07-02,108859.3203125,2571.33544921875,0.0294677772013561,0.0665459295236381,NA,NA,NA,NA,NA,NA,56248657737,22792512025,"Yahoo Finance",TRUE
2025-07-03,109647.9765625,2591.00732421875,0.00721861178924321,0.00762133437584644,NA,NA,NA,NA,NA,NA,50494742270,20873559425,"Yahoo Finance",TRUE
2025-07-04,108034.3359375,2508.51831054688,-0.0148259191473681,-0.032354464051922,NA,NA,NA,NA,NA,NA,42616442656,17222740209,"Yahoo Finance",TRUE
2025-07-05,108231.1796875,2517.28002929688,0.00182039012359247,0.00348670083196456,NA,NA,NA,NA,NA,NA,30615537520,9289382302,"Yahoo Finance",TRUE
2025-07-06,109232.0703125,2571.23657226562,0.00920521230696991,0.0212079745637537,NA,NA,NA,NA,NA,NA,36746020463,13190436110,"Yahoo Finance",TRUE
2025-07-07,108299.8515625,2543.01318359375,-0.00857092098248025,-0.0110372690174021,NA,NA,NA,NA,NA,NA,45415696597,18440266947,"Yahoo Finance",TRUE
2025-07-08,108950.2734375,2615.505859375,0.0059877877476886,0.0281078533818162,NA,NA,NA,NA,NA,NA,44282204127,17537487206,"Yahoo Finance",TRUE
2025-07-09,111326.5546875,2770.77758789062,0.0215762452748827,0.0576704743790151,NA,NA,NA,NA,NA,NA,57927418065,27229452849,"Yahoo Finance",TRUE
2025-07-10,115987.203125,2954.84521484375,0.0410120507184271,0.0643182702671403,NA,NA,NA,NA,NA,NA,95911605728,33929201261,"Yahoo Finance",TRUE
2025-07-11,117516.9921875,2957.88623046875,0.0131030703572979,0.00102863318629076,NA,NA,NA,NA,NA,NA,86928361085,36226558863,"Yahoo Finance",TRUE
2025-07-12,117435.2265625,2942.91162109375,-0.000696019205401299,-0.0050754633178709,NA,NA,NA,NA,NA,NA,45524560304,16317198254,"Yahoo Finance",TRUE
2025-07-13,119116.1171875,2973.35888671875,0.0142118737528847,0.0102928134837734,NA,NA,NA,NA,NA,NA,49021091807,17361753131,"Yahoo Finance",TRUE
2025-07-14,119849.703125,3013.35083007812,0.00613969178492368,0.0133604400861751,NA,NA,NA,NA,NA,NA,181746419401,36349290556,"Yahoo Finance",TRUE
2025-07-15,117777.1875,3139.8896484375,-0.0174438858577926,0.0411349633319169,NA,NA,NA,NA,NA,NA,98321661181,39013656112,"Yahoo Finance",TRUE
2025-07-16,118738.5078125,3371.5068359375,0.00812906395095148,0.071172121263178,NA,NA,NA,NA,NA,NA,72162029070,46771354461,"Yahoo Finance",TRUE
2025-07-17,119289.84375,3476.78442382812,0.0046325315439848,0.0307480737228971,NA,NA,NA,NA,NA,NA,72363841798,47532846793,"Yahoo Finance",TRUE
2025-07-18,118003.2265625,3549.01635742188,-0.0108442256179853,0.02056263219756,NA,NA,NA,NA,NA,NA,77945799785,59198465810,"Yahoo Finance",TRUE
2025-07-19,117939.9765625,3595.27368164062,-0.000536145993420334,0.0129496340107202,NA,NA,NA,NA,NA,NA,47564562765,26031719746,"Yahoo Finance",TRUE
2025-07-20,117300.7890625,3759.47143554688,-0.00543433933607496,0.0446582551804475,NA,NA,NA,NA,NA,NA,57515447231,44600451066,"Yahoo Finance",TRUE
2025-07-21,117439.5390625,3763.37133789062,0.00118215746963379,0.00103681621710372,NA,NA,NA,NA,NA,NA,69820091744,42611467663,"Yahoo Finance",TRUE
2025-07-22,119995.4140625,3749.1455078125,0.0215298859239876,-0.00378723865089015,NA,NA,NA,NA,NA,NA,79217583118,45248868820,"Yahoo Finance",TRUE
2025-07-23,118754.9609375,3629.70361328125,-0.0103913075480229,-0.0323769537244427,NA,NA,NA,NA,NA,NA,66608604537,41283228953,"Yahoo Finance",TRUE
2025-07-24,118368,3708.00561523438,-0.00326380270789173,0.0213431663496255,NA,NA,NA,NA,NA,NA,72627318560,40377960354,"Yahoo Finance",TRUE
2025-07-25,117635.8828125,3727.26684570312,-0.00620430077034229,0.00518105386351486,NA,NA,NA,NA,NA,NA,104857024569,42264509577,"Yahoo Finance",TRUE
2025-07-26,117947.3671875,3741.39599609375,0.00264436929628431,0.00378358684691626,NA,NA,NA,NA,NA,NA,48508954046,24635287361,"Yahoo Finance",TRUE
2025-07-27,119448.4921875,3875.24658203125,0.0126467665567667,0.0351504920838082,NA,NA,NA,NA,NA,NA,54683390892,28897450394,"Yahoo Finance",TRUE
2025-07-28,117924.4765625,3787.42578125,-0.0128408603045234,-0.0229227199194106,NA,NA,NA,NA,NA,NA,64822943193,35831336149,"Yahoo Finance",TRUE
2025-07-29,117922.1484375,3793.45483398438,-1.97427035466546e-05,0.00159059463181066,NA,NA,NA,NA,NA,NA,68463107433,35540435995,"Yahoo Finance",TRUE
2025-07-30,117831.1875,3808.20166015625,-0.000771661971628035,0.00387990293502405,NA,NA,NA,NA,NA,NA,68896148592,34392494235,"Yahoo Finance",TRUE
2025-07-31,115758.203125,3696.70776367188,-0.0177494259673701,-0.0297144425540807,115700.002439158,2302199162425.12,45238249453.3588,3696.66285308512,446264222707.444,31312115686.8963,69370346018,32839839444,"Yahoo Finance",TRUE
2025-08-01,113320.0859375,3488.36596679688,-0.0212871264623775,-0.0580092077304162,113234.605134319,2253609880959.4,65794680822.2525,3483.17895515795,420327732498.145,42431734230.1509,91294530181,46261558200,"Yahoo Finance",TRUE
2025-08-02,112526.9140625,3392.7412109375,-0.00702400418011528,-0.0277952107826014,112554.902322217,2240413983638.11,33543439044.0979,3397.48554841432,410229849339.571,28164675444.896,56870866000,30165065282,"Yahoo Finance",TRUE
2025-08-03,114217.671875,3497.37915039062,0.0149136010719246,0.0303756623862341,114199.109664608,2272802075267.04,24689273719.0855,3497.5731278224,422223994717.472,18338718249.1741,48099615826,19363593865,"Yahoo Finance",TRUE
2025-08-04,115071.8828125,3718.98608398438,0.00745097080932489,0.0614371992457485,115138.686130702,2292395156144.15,32488023582.8273,3715.70901485507,448517239894.43,28536476594.9539,35783028986,30905749658,"Yahoo Finance",TRUE
2025-08-05,114141.4453125,3611.8994140625,-0.00811857336682209,-0.0292172856111392,114128.354088817,2271583255077.36,37316213251.9717,3612.44243223667,436373875222.19,29411744198.3676,61039182286,32778742296,"Yahoo Finance",TRUE
2025-08-06,115028,3683.92065429688,0.0077371493304792,0.0197437927850306,115022.095768309,2289295036528.66,32052509631.0589,3684.04591957267,444737780081.907,23256150904.8779,56379133510,26924415763,"Yahoo Finance",TRUE
2025-08-07,117496.8984375,3914.32592773438,0.021236359971132,0.0606655575551915,117463.474510852,2337732858703.54,38289687095.0049,3911.26094626908,471838906504.679,31981627910.7064,64051649681,38627826066,"Yahoo Finance",TRUE
2025-08-08,116688.7265625,4009.84887695312,-0.00690200419673381,0.0241104162682468,116688.366631861,2323026541073.32,33017415812.9735,4012.97697001236,484483868122.177,37861934037.3479,59713005166,45460293892,"Yahoo Finance",TRUE
2025-08-09,116500.359375,4263.59912109375,-0.00161557499754927,0.0613601136280391,116510.083932138,2318815857401.68,27638785406.2106,4265.56325833352,514414914903.261,37686735734.6687,54004312429,45279715746,"Yahoo Finance",TRUE
2025-08-10,119306.7578125,4254.2177734375,0.0238036152710883,-0.0022027595957308,119266.925168806,2374097296837.89,37157754754.8519,4253.59161895119,513073639261.618,26481154882.3042,64755458694,36173931367,"Yahoo Finance",TRUE
2025-08-11,118731.4453125,4226.966796875,-0.00483379232958647,-0.00642624155093685,118773.79960861,2364060561673,61739781527.9585,4228.82421326116,510225780028.624,43010572110.8826,90528784177,49989853803,"Yahoo Finance",TRUE
2025-08-12,120172.90625,4590.9248046875,0.0120674104129606,0.082596819735965,120202.534855032,2392854421745.62,46941089789.5799,4606.80942770952,556502855391.519,52840297700.5949,72803657984,57237189036,"Yahoo Finance",TRUE
2025-08-13,123344.0625,4756.27587890625,0.0260461153103027,0.0353834973642897,123560.993635773,2458895200752.57,61818118105.5399,4763.65253532216,575091067506.121,58870844448.5935,90904808795,62550014642,"Yahoo Finance",TRUE
2025-08-14,118359.578125,4548.16650390625,-0.0412504432416689,-0.0447407980688723,118405.59579824,2360043737045.27,73822008367.9968,4554.29150153862,551514703070.465,66924319529.1844,104055627395,75681632806,"Yahoo Finance",TRUE
2025-08-15,117398.3515625,4439.98876953125,-0.00815439709790589,-0.0240723385196393,117339.791902133,2335290383260.17,44268714220.021,4430.53246501784,534578587192.134,50038927770.6396,68665353159,55445715824,"Yahoo Finance",TRUE
2025-08-16,117491.3515625,4426.18017578125,0.000791861061784971,-0.00311489776477281,117501.21653395,2339465736068.21,23202714236.5423,4426.82691331133,534150282399.651,21104759591.0615,48036922378,26816931514,"Yahoo Finance",TRUE
2025-08-17,117453.0625,4473.271484375,-0.000325941461444046,0.0105830673428571,117542.836877781,2340648324181.83,20906566026.6454,4487.11801375923,541923097741.914,28100356151.3825,45852169525,31348101438,"Yahoo Finance",TRUE
2025-08-18,116252.3125,4312.5048828125,-0.0102758489477459,-0.0366011020309518,116256.412767409,2313556987528.46,47337926940.9857,4317.27575732823,520793172158.057,43935703176.2201,72787808090,53518423360,"Yahoo Finance",TRUE
2025-08-19,112831.1796875,4073.46411132812,-0.0298702202052201,-0.057025144152556,112778.344835558,2245419916215.74,46156885037.4039,4074.49578610052,491872355111.468,41626342123.3855,71657600353,50440367102,"Yahoo Finance",TRUE
2025-08-20,114274.7421875,4334.50048828125,0.0127128516068691,0.0621126055258525,114252.397551954,2274471285844.18,42166369117.0069,4330.49159876808,523004794309.381,39857177022.8443,67993811526,49577862965,"Yahoo Finance",TRUE
2025-08-21,112419.03125,4223.2099609375,-0.016372327846506,-0.0260108828288228,112414.399873365,2238121481749.57,32048202090.6547,4224.4385925807,509951239220.542,21703206731.8316,57817883700,33618359942,"Yahoo Finance",TRUE
2025-08-22,116874.0859375,4831.3486328125,0.0388639264247779,0.134530155586127,116834.249482023,2326174803320.61,50878158870.8293,4829.22554179833,582817007170.418,61856673933.0488,82528088240,75965521535,"Yahoo Finance",TRUE
2025-08-23,115374.328125,4776.09033203125,-0.0129152973185427,-0.0115033590804892,115359.983467147,2296786080139.7,27306719885.258,4773.88408859878,576242312916.049,27814037595.0946,55377142586,36503623278,"Yahoo Finance",TRUE
2025-08-24,113458.4296875,4779.6474609375,-0.0167453578315033,0.000744501188211899,113399.54847315,2259663171125.39,40682656776.69,4778.10916071381,577227233251.873,41157770217.9802,73961489632,52405003873,"Yahoo Finance",TRUE
2025-08-25,110124.3515625,4372.98779296875,-0.0298263155288314,-0.0889203098693159,110185.354439004,2194453712375.6,52854872363.9366,4381.62617607147,529509245849.714,48217069690.8854,85706860190,63936163545,"Yahoo Finance",TRUE
2025-08-26,111802.65625,4600.4267578125,0.0151251233395282,0.0507025916571386,111842.709992606,2227025695775.59,43023800053.0546,4602.36968533397,555061696726.733,35263906282.1765,69396320317,53829747706,"Yahoo Finance",TRUE
2025-08-27,111222.0625,4503.39306640625,-0.00520655346926979,-0.0213179452224548,111216.084796292,2215255294289.99,36957904262.9958,4500.14514799823,543608856125.465,35898825608.2956,62137056409,43509902322,"Yahoo Finance",TRUE
2025-08-28,112544.8046875,4507.177734375,0.0118226403333175,0.000840050708216467,112525.597406698,2239422945686.89,34222495087.2069,4507.56043103272,543249516158.124,29189873860.2279,58860155962,36045274078,"Yahoo Finance",TRUE
2025-08-29,108410.8359375,4360.15283203125,-0.037423359714662,-0.0331640681503522,108480.306666394,2160278651486.29,51702115726.3896,4364.35852143043,526830870964.312,38006835596.3285,77843379644,46899991962,"Yahoo Finance",TRUE
2025-08-30,108808.0703125,4374.1533203125,0.00365746080463403,0.00320586433036851,108781.957279257,2166165747945.18,27799981330.7922,4373.36035762091,527539496668.252,19199178188.1003,51486264208,25883112278,"Yahoo Finance",TRUE
2025-08-31,108236.7109375,4390.01904296875,-0.00526491069275892,0.00362059058862663,108253.360923856,2155694976689.6,26140904019.2468,4388.93146451936,529740073153.048,22269795530.7239,47986191770,26683044984,"Yahoo Finance",TRUE
2025-09-01,109250.59375,4314.47021484375,0.00932367209897578,-0.0173590254426443,109162.685579923,2174100506466.43,42999610648.393,4303.20222274554,519534784996.718,31725195638.8444,66870372995,37530746508,"Yahoo Finance",TRUE
2025-09-02,111200.5859375,4325.36572265625,0.0176913822811819,0.00252215751944895,111190.182098454,2212595221503.45,50235464642.846,4325.85630622594,521450862214.859,32990260980.3412,74776999491,39884692334,"Yahoo Finance",TRUE
2025-09-03,111723.2109375,4450.38916015625,0.00468883057640568,0.0284948471144055,111711.519777251,2225365905592.23,36406080683.4275,4449.86709772833,537549763927.138,30818352470.8417,61119643565,35260873497,"Yahoo Finance",TRUE
2025-09-04,110723.6015625,4298.744140625,-0.00898746169776921,-0.0346686243531469,110724.736377486,2204051936301.33,38708366685.4315,4298.0946605446,519319443328.149,29893273380.0764,60131132901,34919798552,"Yahoo Finance",TRUE
2025-09-05,110650.984375,4306.98876953125,-0.00065605715124839,0.00191607885458112,110662.181126285,2204045604630.56,56020470627.4066,4306.61351310035,519830732357.038,37950930494.8232,60241647677,44163736676,"Yahoo Finance",TRUE
2025-09-06,110224.6953125,4274.2421875,-0.00385999574418072,-0.00763217798304616,110209.188824778,2195288669199.57,19340758702.0763,4273.11002415784,515852185188.919,14497961323.192,21500719036,18108246446,"Yahoo Finance",TRUE
2025-09-07,111167.6171875,4305.34765625,0.0085181600553792,0.0072510704136306,111131.992386841,2213764479139.36,22147049159.3351,4304.03242107604,519663340480.021,14920604279.6167,24618007520,17426783536,"Yahoo Finance",TRUE
2025-09-08,112071.4296875,4308.072265625,0.00809730601303826,0.000632642896917446,112025.128781188,2231763512226.87,37159847899.8603,4309.685702772,519912892077.154,26393884729.7539,40212813407,32277142378,"Yahoo Finance",TRUE
2025-09-09,111530.546875,4309.04150390625,-0.00483791669270062,0.000224956594809811,111547.439564348,2222026777598.05,45338021458.3837,4309.34274612001,520461727067.364,28408982228.1704,45984480722,30703320925,"Yahoo Finance",TRUE
2025-09-10,113955.359375,4349.14599609375,0.0215082708918217,0.00926401259097176,113975.324894688,2270241314652.71,52205187155.0557,4347.47680367066,524803924739.003,34848418445.626,56377473784,39521365146,"Yahoo Finance",TRUE
2025-09-11,115507.5390625,4461.2333984375,0.0135290138245718,0.0254457714451455,115503.16663193,2299764311655.67,43752917632.9507,4459.31901599882,538261336997.613,33593064568.9605,45685065332,35959212991,"Yahoo Finance",TRUE
2025-09-12,116101.578125,4715.24609375,0.00512968031934946,0.0553758339849288,116160.143445945,2314347371939.95,51192951485.8644,4708.84174415,567724477218.357,39138140052.5874,54785725894,43839753626,"Yahoo Finance",TRUE
2025-09-13,115950.5078125,4668.1796875,-0.00130203814572205,-0.0100319013701586,115970.58488443,2310166037871.29,30063858747.7602,4667.69965263032,563397805739.79,30452117451.6836,34549454947,34843845977,"Yahoo Finance",TRUE
2025-09-14,115407.65625,4609.59765625,-0.00469274607979742,-0.012628630251367,115373.555558868,2297459118244.42,26889399414.6109,4609.78611095078,556354045428.222,23827529566.9039,32798036057,28394160275,"Yahoo Finance",TRUE
2025-09-15,115444.875,4526.8203125,0.000322446109825236,-0.0181208016333336,115397.252727275,2297977599504.55,46947581231.082,4524.24493910251,545926863107.319,33863743706.691,52937859416,40224062009,"Yahoo Finance",TRUE
2025-09-16,116843.1875,4503.564453125,0.0120396147406812,-0.00515059134038154,116762.849686419,2325326932460.96,39964451595.0997,4504.26663552281,543407922913.008,28053763147.06,45781744593,32761501436,"Yahoo Finance",TRUE
2025-09-17,116468.5078125,4592.7333984375,-0.0032118407874524,0.0196061745433909,116455.946482253,2321583680138.89,54740952295.3787,4591.76879433133,554600592896.179,41727122821.7689,60528025996,44120899417,"Yahoo Finance",TRUE
2025-09-18,117137.203125,4589.9189453125,0.00572500677512267,-0.000612993524695682,117145.49508952,2333705338232.1,43642467075.2584,4590.63673721352,554210013387.614,29381752919.131,49457272032,33497259158,"Yahoo Finance",TRUE
2025-09-19,115688.859375,4470.9169921875,-0.0124415833621789,-0.0262688336907217,115655.810464413,2303469041668.8,34296721252.33,4470.47947400939,539242810184.069,28156319659.2673,38828473971,30352619653,"Yahoo Finance",TRUE
2025-09-20,115721.9609375,4482.265625,0.000286084831133238,0.00253510720727057,115715.515367818,2305371926506.3,18774953731.2904,4481.79947236821,540941822331.274,14314030981.4541,22864449614,18056494322,"Yahoo Finance",TRUE
2025-09-21,115306.09375,4451.3291015625,-0.00360014836497768,-0.00692591236754581,115304.47999407,2297332085237.65,18659113982.4955,4452.87113037789,537406899904.397,15910684640.5819,22495852193,19330306133,"Yahoo Finance",TRUE
2025-09-22,112748.5078125,4202.87744140625,-0.0224305333197474,-0.0574333302835388,112696.741017119,2245929069310.85,69152342029.468,4199.95177401764,507148578276.271,52988093949.5823,70684158591,58221334533,"Yahoo Finance",TRUE
2025-09-23,112014.5,4165.50390625,-0.00653141661524437,-0.00893214161372491,112022.165878612,2232693472656.65,46154878824.0435,4166.19054987753,503209949445.434,29902684711.8101,47211853279,32460075911,"Yahoo Finance",TRUE
2025-09-24,113328.6328125,4153.46923828125,0.0116635256971236,-0.00289330814154098,113320.56908541,2257741194218.83,46677543220.3345,4148.65682762035,500734284408.361,29988924904.5822,48044595085,33538388785,"Yahoo Finance",TRUE
2025-09-25,109049.2890625,3868.333984375,-0.0384918796436153,-0.0711200266948424,108963.530135956,2171950311711.44,74481796351.4731,3863.06328759072,466825639887.383,63461265827.1959,75528654284,68963092031,"Yahoo Finance",TRUE
2025-09-26,109712.828125,4035.88793945312,0.00606632543055774,0.0424024174978506,109710.208746677,2185866776171.55,55257214020.5682,4037.09792102609,486889364203.27,43443403793.8523,57738288949,47873508328,"Yahoo Finance",TRUE
2025-09-27,109681.9453125,4018.658203125,-0.000281527332854026,-0.00427827025971084,109654.810210757,2185203231301.06,23294896964.3102,4018.16745310573,485207355886.11,17011629273.3671,26308042910,20382555776,"Yahoo Finance",TRUE
2025-09-28,112122.640625,4141.4765625,0.0220085064418889,0.0301043152619958,112142.573627527,2235798877396.13,31274654338.5121,4141.8396640865,499628731251.123,21656522951.6247,33371048505,24631307054,"Yahoo Finance",TRUE
2025-09-29,114400.3828125,4217.341796875,0.0201111474090787,0.0181526417613096,114309.150411194,2278362523594.31,57833295882.6579,4215.61278947927,508909498092.119,34604598514.675,60000147466,38560429932,"Yahoo Finance",TRUE
2025-09-30,114056.0859375,4145.95751953125,-0.00301411588423939,-0.0170712557922474,114024.227835501,2272137555069.45,57718901820.7062,4144.23046337158,500218841768.296,34013325290.4977,58986330258,37679153330,"Yahoo Finance",TRUE
2025-10-01,118648.9296875,4351.1123046875,0.0394786527677944,0.0482977468135868,118503.244517525,2359569556068.08,69920179085.4708,4343.95198344049,524308225825.147,42741046618.5616,71328680132,46161664723,"Yahoo Finance",TRUE
2025-10-02,120681.2578125,4487.923828125,0.016983874858596,0.0309586810920877,120611.719115911,2399524207991.55,71252850672.7525,4484.00624590948,540553843152.336,41104321433.1196,71415163912,48074066058,"Yahoo Finance",TRUE
2025-10-03,122266.53125,4514.87060546875,0.0130505072164251,0.0059863319139204,122250.151868428,2436956902844.72,83155430408.518,4515.75906815972,545075315730.448,45970576945.0969,83941392228,49603450230,"Yahoo Finance",TRUE
2025-10-04,122425.4296875,4489.197265625,0.00129876322235489,-0.00570262458832183,122380.937084633,2438832157552.79,35161626561.8092,4487.70665167328,541611848322.799,20597928707.8652,36769171735,21832270764,"Yahoo Finance",TRUE
2025-10-05,123513.4765625,4515.4228515625,0.00884816469408456,0.00582493425567954,123506.185200277,2461221856764.19,72011486031.2657,4515.3213919653,545075062109.961,40355486904.3112,73689317763,44880806324,"Yahoo Finance",TRUE
2025-10-06,124752.53125,4687.771484375,0.00998175292871295,0.0374584689713622,124773.508230744,2486073086655.29,69605991064.7238,4689.1317347466,566339901682.953,41164885082.6579,72568881188,44992456374,"Yahoo Finance",TRUE
2025-10-07,121451.3828125,4451.15185546875,-0.0268179837651985,-0.0517943996766874,121518.755935751,2421938444026.28,76087884719.8003,4454.32846286666,537522914209.851,49804861778.9329,76149412513,54879425294,"Yahoo Finance",TRUE
2025-10-08,123354.8671875,4527.64794921875,0.0155512593053881,0.0170396815379714,123352.504875232,2459003621170.12,62576032795.3672,4527.57800454795,546454608029.648,36623453162.8216,65354305286,40456628235,"Yahoo Finance",TRUE
2025-10-09,121705.5859375,4369.1435546875,-0.0134604023670502,-0.0356355811560736,121698.030667783,2423288659157.48,72097306668.9136,4368.64943938532,527213250874.583,42731695438.8799,74653009425,47903074596,"Yahoo Finance",TRUE
2025-10-10,113214.3671875,3843.0087890625,-0.072321821846991,-0.128311408379593,113201.740641389,2265659827789.99,151002213089.876,3835.63284205013,463578765352.864,90784076986.425,153125018868,97736621123,"Yahoo Finance",TRUE
2025-10-11,110807.8828125,3750.61157226562,-0.0214851600334072,-0.0243366859889527,110853.116638839,2211404015103.11,108643865752.177,3749.21818595495,453043143808.867,54140013164.1983,110236934340,62475475938,"Yahoo Finance",TRUE
2025-10-12,115169.765625,4164.427734375,0.0386093463438986,0.1046599548465,115189.571463726,2294724465036.98,93857100744.1245,4159.72930779192,501175375996.802,57642806541.6137,93710414091,61216174681,"Yahoo Finance",TRUE
2025-10-13,115271.078125,4245.4677734375,0.000879292966288858,0.0192731402013546,115222.283021165,2296863527017.99,68935270367.0403,4246.21746155477,512317800004.744,46426992105.1669,71582026739,50253782420,"Yahoo Finance",TRUE
2025-10-14,113118.6640625,4125.412109375,-0.0188491634455925,-0.0286860875711366,113156.569438269,2257545230986.01,91211854988.9152,4128.88844703395,498801738230.506,62876294833.9764,92212917403,67094148347,"Yahoo Finance",TRUE
2025-10-15,110783.1640625,3987.45947265625,-0.0208625782908989,-0.034011615637338,110708.669608794,2207742082237.05,68877328886.4026,3983.15443568942,480502921991.177,44806571765.1694,72574132855,50462889453,"Yahoo Finance",TRUE
2025-10-16,108186.0390625,3894.75439453125,-0.0237224847831801,-0.0235236837305912,108076.728620332,2154964541836.46,84773160808.274,3890.19930124799,469582926617.416,44673230678.7307,87306423067,49147390731,"Yahoo Finance",TRUE
2025-10-17,106467.7890625,3832.55883789062,-0.0160098398053492,-0.0160979367331446,106443.611949846,2123017949517.14,94325236794.7816,3831.24417583567,462727285553.625,52519500424.672,99703051669,57404271888,"Yahoo Finance",TRUE
2025-10-18,107198.265625,3890.34619140625,0.00683758034970694,0.0149654648922315,107156.003376477,2135575517405.92,34412835719.6129,3889.49903020432,469204461222.866,19845543405.3855,37779905278,23815676385,"Yahoo Finance",TRUE
2025-10-19,108666.7109375,3984.64965820312,0.013605430464267,0.0239512443558265,108621.134857428,2165367850075,45373692612.3944,3985.07656440468,480734836101.84,29233928200.2202,47657008953,32870655221,"Yahoo Finance",TRUE
2025-10-20,110588.9296875,3980.76025390625,0.0175344907383401,-0.000976573622425647,110608.571493266,2205571381112.93,60452111148.1401,3978.79015513444,480395580826.995,35767064768.0073,63507793085,40224612563,"Yahoo Finance",TRUE
2025-10-21,108476.890625,3876.76416015625,-0.0192828301734966,-0.0264719932842645,108486.102627166,2162410619417.91,105841401713.002,3877.48719795501,467810730089.432,46069514674.1589,101194375480,49960290350,"Yahoo Finance",TRUE
2025-10-22,107688.5859375,3808.12231445312,-0.00729356227081901,-0.0178645895343941,107618.42667154,2145773248654.64,83996418125.931,3801.79079523829,458856134706.022,41712359613.7061,80807013218,46173305673,"Yahoo Finance",TRUE
2025-10-23,110069.7265625,3856.0263671875,0.0218704444247777,0.0125009778831107,110048.518272916,2193901841033.91,56192643013.5706,3855.84211624012,465361564940.013,32116755772.619,54944076060,36361652714,"Yahoo Finance",TRUE
2025-10-24,111033.921875,3934.5673828125,0.00872171428526336,0.020163720301495,110997.804371297,2213306367536.76,49120903424.3449,3933.23226990102,474759372126.458,30026152396.5702,48160816980,34090708715,"Yahoo Finance",TRUE
2025-10-25,111641.7265625,3953.47094726562,0.00545911689261835,0.00479297890066555,111620.309373135,2224861052775,23214874411.2122,3952.21355793558,477319399731.492,12389144280.8248,24707667305,15245229017,"Yahoo Finance",TRUE
2025-10-26,114472.4453125,4157.9892578125,0.0250392677448037,0.0504376920431628,114476.012275086,2283691326423.21,42483268634.1871,4161.59089624925,502918445052.519,25813518444.0085,41708524143,29120786315,"Yahoo Finance",TRUE
2025-10-27,114119.328125,4120.1220703125,-0.00308950285538323,-0.00914881429466696,114182.794428068,2276235094681.67,63764801510.6589,4123.20622067168,497221249584.586,36948961061.031,61761358733,40271333201,"Yahoo Finance",TRUE
2025-10-28,112956.1640625,3982.26245117188,-0.0102448240868114,-0.034032678783861,112950.348632595,2254003248725.49,66299512352.178,3982.31278931754,481161348044.656,35659878225.7007,64528066504,39684155177,"Yahoo Finance",TRUE
2025-10-29,110055.3046875,3903.35302734375,-0.0260168054657672,-0.0200141784925663,110046.669258373,2194746293754.54,64235327509.0574,3897.35926761696,470349941761.835,33522381291.7697,62192043469,35255876156,"Yahoo Finance",TRUE
2025-10-30,108305.546875,3804.37524414062,-0.0160266389546191,-0.0256841499230145,108240.765287257,2157803742876.07,72648897659.9423,3802.29536453318,458793317252.398,36685058456.4792,69673964814,39981939289,"Yahoo Finance",TRUE
2025-10-31,109556.1640625,3847.08032226562,0.0114809611962858,0.0111627183081318,109573.905556291,2185193896779.34,58800487940.5146,3847.2981773652,464417354244.419,32814597904.0795,60090359560,37800100395,"Yahoo Finance",TRUE
2025-11-01,110064.015625,3874.18798828125,0.00462482517249185,0.00702158668722497,110014.135567761,2194075979770.06,24938475577.8499,3872.21189619576,467387016348.605,12518543682.643,25871668762,17490279524,"Yahoo Finance",TRUE
2025-11-02,110639.625,3911.06323242188,0.00521614123332093,0.00947317404753178,110650.209282315,2201849942058.28,35098774843.7742,3910.09476916273,471549372393.211,15511617607.5022,34284209459,20479611654,"Yahoo Finance",TRUE
2025-11-03,106547.5234375,3602.30810546875,-0.0376871829010099,-0.0822344830552399,106521.086738258,2123664079961.7,75068433317.8629,3600.71550248779,434149656995.1,47914058739.6887,72852006359,53091469560,"Yahoo Finance",TRUE
2025-11-04,101590.5234375,3292.57446289062,-0.0476408575376084,-0.0899050101356718,101635.274022723,2026091188341.18,108965721650.603,3296.74376043131,397489340792.35,68784285690.8713,110967184773,76827517773,"Yahoo Finance",TRUE
2025-11-05,103891.8359375,3425.17114257812,0.0224000613217488,0.0394816688100725,103877.959659552,2073000557933.8,77083907216.6263,3427.69059137068,413918683595.608,44374527842.8568,77584934804,46955882330,"Yahoo Finance",TRUE
2025-11-06,101301.2890625,3312.2578125,-0.02525118249185,-0.0335213636698555,101322.640294586,2019147576692.26,64118217249.5744,3308.91816492195,399007356776.529,33880974985.8221,63932752861,36731850433,"Yahoo Finance",TRUE
2025-11-07,103372.40625,3435.30102539062,0.0202389259687337,0.0364744811598161,103396.084215925,2063021740892.14,93627003785.3102,3434.35122852996,414691375367.594,38972602140.8499,92168030081,42609994022,"Yahoo Finance",TRUE
2025-11-08,102282.1171875,3400.3759765625,-0.0106032122141997,-0.0102185497413458,102290.137146552,2039995976869.15,51095924202.318,3401.45940033971,410599145957.868,20876971421.9016,51446691095,23613870398,"Yahoo Finance",TRUE
2025-11-09,104719.640625,3582.62133789062,0.0235518396996799,0.0522087429098388,104709.678616563,2086419359800.05,59952468437.7181,3576.25470466271,431294295578.235,25994213654.3689,59679243013,28821543888,"Yahoo Finance",TRUE
2025-11-10,105996.59375,3568.4599609375,0.0121202693364619,-0.0039606305321751,105909.072723217,2112747067951.9,67546556819.5264,3564.61059579993,430271977432.513,31866555691.6727,69585887229,35638045619,"Yahoo Finance",TRUE
2025-11-11,102997.46875,3415.2822265625,-0.0287025464768416,-0.0438739864099311,102960.775645006,2053215927640.82,71008299178.7396,3416.78132825932,411969837331.597,36501187500.2374,71130078574,39734688531,"Yahoo Finance",TRUE
2025-11-12,101663.1875,3413.09423828125,-0.0130391466426776,-0.000640851706814161,101521.708594536,2025837265459.76,63332414142.5883,3409.61445554116,411695018306.399,31722707429.9191,64347179408,34898956623,"Yahoo Finance",TRUE
2025-11-13,99697.4921875,3232.75708007812,-0.0195247429765857,-0.054283922809848,99730.4533956204,1996168972712,100463341916.473,3235.72763629685,392354946592.35,47957135381.4306,101546815416,50283416669,"Yahoo Finance",TRUE
2025-11-14,94397.7890625,3103.78564453125,-0.0546228711365906,-0.0407128161836017,94456.3936823534,1891799949910.11,113198323665.389,3106.60128786505,376914348602.968,45035057857.2253,114346441890,47003809463,"Yahoo Finance",TRUE
2025-11-15,95549.1484375,3166.63134765625,0.0121231064987466,0.0200458143866449,95508.310198892,1905234340631.99,39062120798.2374,3170.11298074047,382460593691.136,19159039393.7973,38500716654,19932940649,"Yahoo Finance",TRUE
2025-11-16,94177.078125,3092.84741210938,-0.0144639384619225,-0.0235761973164408,94411.3294718297,1883240679702.74,72645149972.7847,3101.686799467,374435480317.166,30332766567.57,71086235862,30987886524,"Yahoo Finance",TRUE
2025-11-17,92093.875,3024.53881835938,-0.0223683827163441,-0.0223335360686434,92036.7255045672,1835458818945.9,95794596045.0641,3021.30215763013,364584346775.16,39723178401.3899,94186165724,41026793235,"Yahoo Finance",TRUE
2025-11-18,92948.875,3122.97900390625,0.00924117356330711,0.0320287321061965,92819.759215009,1851234710246.6,103837258806.016,3117.22258715832,375944681644.458,40531057646.6595,101333569062,41581494270,"Yahoo Finance",TRUE
2025-11-19,91465.9921875,3023.07080078125,-0.01608237769981,-0.0325142190008236,91363.2783869337,1820062799702.32,82897875507.4523,3017.7483614098,363582387251.946,39173261740.0315,80350354656,40229739844,"Yahoo Finance",TRUE
2025-11-20,86631.8984375,2831.77758789062,-0.0542991431316118,-0.0653684988267083,86649.9725791823,1731258563683.13,99171039191.1295,2832.06835833429,342850824587.947,41625324784.9639,97970645638,43917885207,"Yahoo Finance",TRUE
2025-11-21,85090.6875,2765.69921875,-0.0179504904722894,-0.02361115238579,85051.8019295002,1697723941246.05,135093457122.465,2764.73521867517,333838550169.911,49920072209.1785,129157506112,51476486049,"Yahoo Finance",TRUE
2025-11-22,84648.359375,2767.607421875,-0.00521187239368004,0.000689715327408358,84682.6242914775,1690556523055.81,42644968955.2184,2768.61782949964,334406681065.53,15277324087.1223,40793099246,15408928941,"Yahoo Finance",TRUE
2025-11-23,86805.0078125,2801.67602539062,0.0251585865789998,0.0122346182602886,86783.8476683958,1732233225777.4,60446592409.2922,2799.81493409246,338053142179.3,20170660685.0788,58083435576,20358404499,"Yahoo Finance",TRUE
2025-11-24,88270.5625,2952.71337890625,0.0167423578108394,0.0525067184643921,88229.3574071977,1761564072532.24,77606296173.4354,2953.32764575223,357075035362.908,32699089921.1783,74433896110,32491657389,"Yahoo Finance",TRUE
2025-11-25,87341.890625,2957.93627929688,-0.0105764769567536,0.00176728517237112,87310.3315995044,1742162762885.54,67956444142.1875,2955.04646932127,356667974212.062,23359001752.7805,64837343545,23336017779,"Yahoo Finance",TRUE
2025-11-26,90518.3671875,3027.81201171875,0.0357225879133356,0.023348428095094,90474.226779697,1806439309545,69690430587.9002,3027.47724913255,365169111971.856,21096541004.2691,66496301869,21433162961,"Yahoo Finance",TRUE
2025-11-27,91285.375,3014.54223632812,0.0084378061084962,-0.00439226042671237,91279.0605717642,1821778517479.92,59295194347.6686,3015.61181969209,364039549664.828,16563145331.4376,57040622845,16972780500,"Yahoo Finance",TRUE
2025-11-28,90919.265625,3032.30444335938,-0.00401866677442086,0.00587488291321314,90950.3769591099,1814919896425.41,62833195066.5399,3033.13564541415,366085841851.638,20184482703.1633,60895830289,20659958964,"Yahoo Finance",TRUE
2025-11-29,90851.7578125,2991.68530273438,-0.00074277862694494,-0.0134859978052368,90841.4525819368,1812771321410.94,39253888201.6933,2991.23301170326,361028197396.325,12634811464.6038,37921773455,12775481230,"Yahoo Finance",TRUE
2025-11-30,90394.3125,2992.11254882812,-0.00504779257313359,0.000142800978601088,90406.2844857115,1807818977105.39,40334819409.8435,2992.8341859496,361717332403.25,11969903297.073,38497902869,11530446514,"Yahoo Finance",TRUE
2025-12-01,86321.5703125,2800.18896484375,-0.0461018380540761,-0.0662927736435055,86281.4951977692,1723547230444.79,92988982967.246,2799.03679199016,338070271128.479,37491168510.0945,87962894424,36679598313,"Yahoo Finance",TRUE
2025-12-02,91350.203125,2997.93969726562,0.0566209938703039,0.068238382808925,91344.7327515017,1824843161126.14,83138039128.8135,2995.75114932277,362328288750.468,27518473791.0893,78546798211,26593645111,"Yahoo Finance",TRUE
2025-12-03,93527.8046875,3191.57177734375,0.0235582620118322,0.062588230463378,93619.437508171,1868050658597.66,81429135004.8829,3195.40899190856,385765592436.295,30631265956.3282,77650204986,29949301036,"Yahoo Finance",TRUE
2025-12-04,92141.625,3134.31640625,-0.0149319728659325,-0.0181024175452986,92140.7041979579,1839369557445.91,67878296355.0259,3133.69823561862,378383036980.89,27914236368.1875,64538402681,27434991113,"Yahoo Finance",TRUE
2025-12-05,89387.7578125,3024.43286132812,-0.0303430599756762,-0.0356875080281469,89307.0915451296,1782798987370.17,50193142876.7439,3022.6564205232,365052689720.724,27606937714.5719,63256398633,28000268228,"Yahoo Finance",TRUE
2025-12-06,89272.375,3040.20776367188,-0.0012916460625565,0.00520226634891152,89244.7620814118,1781194798199.84,24818678152.4999,3039.35857313324,366786121380.618,11344831475.8773,37994042405,10962819760,"Yahoo Finance",TRUE
2025-12-07,90405.640625,3061.3017578125,0.0126145722260151,0.00691438015655166,90162.9071400713,1799656690088.55,33912893266.9087,3052.97633043655,368370755428.044,19363787894.9365,47394898960,20383496376,"Yahoo Finance",TRUE
2025-12-08,90640.203125,3125.19799804688,0.00259119597981261,0.0206574040037442,90618.0535204608,1808394676576.64,45466493941.4045,3125.32146218399,377375140776.365,25795397174.943,57394099056,25262165670,"Yahoo Finance",TRUE
2025-12-09,92691.7109375,3321.11499023438,0.022381192698198,0.0608029264224186,92723.2137206963,1852116289106.25,54575121853.6453,3322.46921783663,401258190140.982,34333058805.5693,66861721440,32012553374,"Yahoo Finance",TRUE
2025-12-10,92020.9453125,3325.39013671875,-0.00726283284663509,0.00128643459752098,92005.1371495741,1837321739746.96,52189659395.7565,3326.26021163752,401626272710.599,31463676851.5798,65420694513,30694387989,"Yahoo Finance",TRUE
2025-12-11,92511.3359375,3237.05688476562,0.00531497010814697,-0.0269224534884867,92494.1769164041,1848922166365.78,53232377699.4084,3236.09862085786,390987823733.691,29805046870.5563,64532834621,29066243707,"Yahoo Finance",TRUE
2025-12-12,90270.4140625,3084.17260742188,-0.0245214214521461,-0.0483811252686674,90307.260285678,1803244893514.89,67750393558.6294,3085.3166943581,372579486045.762,25083388430.4161,80275884583,24391003174,"Yahoo Finance",TRUE
2025-12-13,90298.7109375,3116.6953125,0.000313418755633066,0.0104898229476884,90257.4292885891,1801496999571.69,35222775785.4021,3115.22542883528,375945831930.448,10086309656.9176,64237748110,9916869400,"Yahoo Finance",TRUE
2025-12-14,88175.1796875,3060.5947265625,-0.0237976710179169,-0.0181639936011475,88230.7740936791,1761380944797.12,33808538697.0424,3065.49123555636,369527922358.066,17335964454.1118,50465972205,15619543350,"Yahoo Finance",TRUE
2025-12-15,86419.78125,2964.18310546875,-0.020108914713088,-0.0320077701658814,86413.9190195637,1724624039059.3,50630498834.0551,2964.4885576921,357786162656.109,30596317990.0056,45559514323,28765976892,"Yahoo Finance",TRUE
2025-12-16,87843.984375,2964.18090820312,0.0163457369350777,-7.41272168980345e-07,87821.8891910913,1751373602587.66,48317754254.7028,2964.26279150547,357203725063.432,25164041190.9929,41262178223,22709189818,"Yahoo Finance",TRUE
2025-12-17,86143.7578125,2831.40356445312,-0.0195448330408539,-0.0458281928487585,86064.94716216,1718491930388.84,48886793507.6563,2827.80417550243,341276921875.792,26836168118.6155,44243392914,26159825528,"Yahoo Finance",TRUE
2025-12-18,85462.5078125,2827.06909179688,-0.00793972849776914,-0.00153202949536446,85450.3312009302,1704341132953.62,58649139178.5119,2826.59484651077,340860880536.833,30216518962.5593,52667115348,29194181349,"Yahoo Finance",TRUE
2025-12-19,88103.3828125,2977.970703125,0.0304331549684083,0.0520015780613914,88103.8607572102,1759398134896.64,51932451056.5006,2976.79686955777,359446094628.451,28622463845.6973,46733310561,27870687989,"Yahoo Finance",TRUE
2025-12-20,88344,2977.58251953125,0.0027273551221505,-0.000130360213328906,88347.94310568,1762805314679.98,17103607834.7801,2977.16226320744,359186900440.073,9046978663.97416,14688196659,7612418215,"Yahoo Finance",TRUE
2025-12-21,88621.75,3001.61376953125,0.00313902806692745,0.00803833098492479,88577.4203835884,1768920028841.51,22541294542.3231,3001.60083778102,362519624877.117,11543764853.4474,19845522660,11178096676,"Yahoo Finance",TRUE
2025-12-22,88490.015625,3006.07373046875,-0.00148758495888934,0.00148475158097838,88491.120207881,1767081210842.81,41948947368.2102,3005.78678069155,362935746891.545,21151887764.7191,38047472118,20342034264,"Yahoo Finance",TRUE
2025-12-23,87414,2963.3740234375,-0.012234274952954,-0.0143063268401749,87406.4363673797,1745209464473.63,46353794741.51,2965.19366004051,357776430595.614,23108092257.3506,43683011533,21453213168,"Yahoo Finance",TRUE
2025-12-24,87611.9609375,2945.59057617188,0.00226207610406348,-0.00601915975546063,87642.6088811995,1749379166231.29,29100645180.04,2945.98781450199,355561429533.282,14559942619.2786,25550297986,13984770325,"Yahoo Finance",TRUE
2025-12-25,87234.7421875,2903.57958984375,-0.00431485785562735,-0.0143650150568222,87229.7806601094,1741491085115.6,22773603342.3264,2904.25234459999,350482502400.186,11886240841.229,19953216347,11828871179,"Yahoo Finance",TRUE
2025-12-26,87301.4296875,2925.74560546875,0.000764168281323307,0.00760503890799136,87305.9565596139,1743187621561.16,47130449135.7867,2926.69563911276,353065144652.61,19054108852.2361,42455674908,18562196049,"Yahoo Finance",TRUE
2025-12-27,87802.15625,2947.99829101562,0.00571921956587573,0.00757703856426417,87807.003210775,1753375412209.34,15670944599.6607,2948.86212625761,355905880030.65,7543851649.16636,13741199310,7378783299,"Yahoo Finance",TRUE
2025-12-28,87835.8359375,2948.56811523438,0.000383512558910226,0.000193273230983948,87822.9082907679,1753595375313.04,17428479525.1991,2947.85976057205,355840750170.656,9618433974.57229,15156557929,9227601389,"Yahoo Finance",TRUE
2025-12-29,87138.140625,2934.53833007812,-0.0079748888825808,-0.00476952504017536,87156.5626608012,1739794323451.96,53957962807.9888,2934.21560175893,354107974761.157,28073445244.4815,48411625849,25957694515,"Yahoo Finance",TRUE
2025-12-30,88430.1328125,2971.41674804688,0.0147180978087906,0.0124887158133866,88414.6285607336,1765833387995.62,39734225800.0792,2970.055474481,358439004174.807,18029693561.0706,35586356225,18816704381,"Yahoo Finance",TRUE
2025-12-31,87508.828125,2967.03759765625,-0.0104730993492996,-0.00147484544949883,87520.1804874287,1747837206254.36,37245075349.0277,2966.77417981341,358047402285.733,16641494487.0956,33830210616,16451891101,"Yahoo Finance",TRUE
2026-01-01,88731.984375,3000.39428710938,0.0138807336605513,0.0111796958966712,88727.6700424974,1771365149347.4,21163124465.2058,3000.41911688792,362099985541.603,10247591868.3968,18849043990,10268796662,"Yahoo Finance",TRUE
2026-01-02,89944.6953125,3124.42260742188,0.0135745701301939,0.0405057914235645,89926.2792495342,1795890115524.72,50705395175.7333,3121.90067245376,376770956000.157,25946903012.6738,46398906171,25242778003,"Yahoo Finance",TRUE
2026-01-03,90603.1875,3125.91748046875,0.00729440962714811,0.00047833335606029,90593.8544318042,1809211438369,23480735292.7611,3126.04109139629,377099111945.017,12643882377.4107,20774828592,11460707919,"Yahoo Finance",TRUE
2026-01-04,91413.4921875,3140.71044921875,0.00890368994760671,0.00472119819256989,91373.2158810844,1824986876689.23,31050236622.949,3139.05704191268,378922486584.185,14200482273.251,26770491368,13890479323,"Yahoo Finance",TRUE
2026-01-05,93882.5546875,3226.13037109375,0.0266514983813639,0.0268343594600324,93926.7956485658,1876558232963.05,59451605754.8414,3228.29622478421,389933475562.266,29465114559.5191,53376407252,27211995956,"Yahoo Finance",TRUE
2026-01-06,93729.03125,3295.94677734375,-0.00163660971149859,0.0214100727655335,93666.8638731431,1870043996457.19,57439451725.51,3295.10192787964,397608381234.726,28511408890.5117,52430605257,27853981622,"Yahoo Finance",TRUE
2026-01-07,91308.0546875,3166.84399414062,-0.0261689672501522,-0.0399579577460702,91257.1554403591,1822220317807.38,47910812257.0495,3164.79475024921,381974224305.565,22954348981.5896,43461295053,22665982583,"Yahoo Finance",TRUE
2026-01-08,91027.125,3104.38256835938,-0.00308146689275546,-0.0199206616781407,90983.5157814262,1817249307661.46,48319133568.4692,3104.22032247492,374637574706.119,21609631690.5025,42386697030,22760237888,"Yahoo Finance",TRUE
2026-01-09,90513.1015625,3083.04711914062,-0.00566293014950681,-0.00689641251913642,90504.8956034002,1807784901284.32,43664879516.3197,3083.13611737244,372149000810.876,19574607996.9342,38305906684,18879517395,"Yahoo Finance",TRUE
2026-01-10,90386.6484375,3082.39599609375,-0.00139804665950471,-0.000211216951361948,90442.01907847,1806483854865.5,13961660357.4078,3082.96532883036,372186920089.489,5878919562.19773,12385895282,6960662969,"Yahoo Finance",TRUE
2026-01-11,90827.4609375,3118.88525390625,0.00486511090110042,0.0117684321917189,90819.3659890419,1814078415941.01,19870776213.7747,3119.36193603728,376488796661.571,10976584243.8603,17165568977,10497219711,"Yahoo Finance",TRUE
2026-01-12,91192.9921875,3092.3251953125,0.00401638096268009,-0.00855234924019577,91134.9691795151,1820530763450.67,46923085427.6277,3090.28272066479,373050228025.366,21435545247.1705,41346275358,21152711365,"Yahoo Finance",TRUE
2026-01-13,95321.78125,3322.09545898438,0.0442802850314781,0.0716724478508048,95260.4422971001,1902289955573.26,66844465446.7421,3319.93540705651,400762250132.688,35290013880.9996,54980674354,27237310134,"Yahoo Finance",TRUE
2026-01-14,96929.328125,3354.72265625,0.0167237978218786,0.00977335503541354,97007.7807888128,1938292963237.81,68433627980.994,3356.49640636283,405103415124.213,34009585603.4309,60592490863,33926411912,"Yahoo Finance",TRUE
2026-01-15,95551.1875,3317.10131835938,-0.0143200382747555,-0.0112777965317097,95584.8279787851,1909227332523.16,59629891835.2242,3318.20370234917,400452010716.347,29777568895.5804,53086363027,27598686935,"Yahoo Finance",TRUE
2026-01-16,95525.1171875,3295.48217773438,-0.000272878551889733,-0.00653881124278044,95516.0777198712,1907673016263.01,37208122951.6064,3296.06265007614,397812097503.194,24378384071.0006,33248170537,22732887284,"Yahoo Finance",TRUE
2026-01-17,95099.921875,3308.8642578125,-0.00446107205798008,0.00405251254550443,95099.5319255463,1899912876486.17,17839431205.0118,3306.87122269088,399282930965.677,11391111157.2841,16021715122,11206492253,"Yahoo Finance",TRUE
2026-01-18,93634.4296875,3281.15771484375,-0.0155299936581255,-0.00840868401805395,93752.7057718824,1874976961280.7,23132534225.6458,3284.31943164655,396399594662.778,14974443677.8348,20809781232,13557863288,"Yahoo Finance",TRUE
2026-01-19,92553.59375,3186.62109375,-0.0116102857616074,-0.029235184793821,92558.4633437215,1849232162887.2,43338958368.5078,3185.66446369227,384410444146.865,29820379988.8916,39195241508,27956112545,"Yahoo Finance",TRUE
2026-01-20,88310.90625,2935.60571289062,-0.0469242550548223,-0.0820473294090176,88312.8405325556,1764030499464.27,60578606228.983,2935.62341931604,354099948267.156,34750583222.719,53072968031,32985301273,"Yahoo Finance",TRUE
2026-01-21,89376.9609375,2978.90112304688,0.0119993277601491,0.0146406740972171,89354.3437751213,1785123532735.04,62357735672.9521,2976.04914656413,359040539115.967,37121407320.2651,56330422434,35797876195,"Yahoo Finance",TRUE
2026-01-22,89462.453125,2949.63330078125,0.000956077769103558,-0.0098736240513313,89443.3974414691,1787014846080.98,39301750755.6981,2948.27788961502,355853612997.034,22312421297.3637,35549685694,21993593333,"Yahoo Finance",TRUE
2026-01-23,89503.875,2953.25634765625,0.000462901330921639,0.00122755041877376,89412.3984995311,1786292506432.34,43393369570.5864,2950.91284857031,356101993294.335,22825744038.2747,38997586037,22417700837,"Yahoo Finance",TRUE
2026-01-24,89110.734375,2948.74072265625,-0.0044021176235578,-0.00153020268472659,89170.873645315,1781979789713.34,16537403154.8505,2949.19738461634,356007725632.755,9410994743.45091,14558687712,8198666763,"Yahoo Finance",TRUE
2026-01-25,86572.21875,2815.90234375,-0.0289008383617944,-0.0460954469109645,86548.3221346983,1731460015137.4,39912523619.1211,2814.18538354585,339890716407.578,23388699485.2033,36124986722,22414089670,"Yahoo Finance",TRUE
2026-01-26,88267.140625,2926.45703125,0.0193889405513126,0.0385097283715554,88307.8612070438,1764540020523.91,50644433646.5002,2927.83654692129,353726198245.073,31319240379.3776,45329286974,29668620102,"Yahoo Finance",TRUE
2026-01-27,89102.5703125,3022.2109375,0.00942027656458144,0.0321961750433521,89204.2223964453,1782508769730.27,43778458930.6268,3021.09151699893,364796970141.983,28728856609.9404,38744942267,27976005223,"Yahoo Finance",TRUE
2026-01-28,89184.5703125,3006.607421875,0.000919864500541934,-0.00517632130719647,89162.0970157495,1781310220302.33,45893249753.2736,3006.80711295553,362995505292.503,23451982502.8275,39807419296,21751566455,"Yahoo Finance",TRUE
2026-01-29,84561.5859375,2818.23266601562,-0.0532279495040839,-0.0647023664323783,84570.4090613594,1689639802554.1,70962598615.0189,2818.81789022033,340223818598.219,37820864892.2286,64653083162,37487198041,"Yahoo Finance",TRUE
2026-01-30,84128.65625,2702.37524414062,-0.00513284742954845,-0.0419788679682718,84141.7785696728,1680807873673.85,79515463845.849,2702.40799526457,326260413678.24,41803190280.2053,72083816087,41877689970,"Yahoo Finance",TRUE
2026-01-31,78621.1171875,2445.091796875,-0.0677069192719859,-0.100048439379272,78725.8585388455,1573735495563.39,78488542272.8187,2443.92902456328,294721167713.188,48591221287.9409,70479259159,47569532203,"Yahoo Finance",TRUE
2026-02-01,76974.4453125,2267.96484375,-0.0211668421472115,-0.0751997822029002,76937.0640663683,1537520318473.69,58330740751.5329,2269.32885186512,273917533154.593,41592993667.7711,53372509744,40358630560,"Yahoo Finance",TRUE
2026-02-02,78688.765625,2344.35668945312,0.0220269081578213,0.0331281466529907,78767.6581534593,1573216672021.92,84675130404.5555,2344.51226144535,282937489226.072,51461557534.321,75140589684,48844346396,"Yahoo Finance",TRUE
2026-02-03,75633.546875,2227.55883789062,-0.0396004693749781,-0.0511047370755371,75638.956702074,1512165605443.81,73734215653.2407,2226.98563557522,268883359333.493,47572474187.9297,68249110822,47906083919,"Yahoo Finance",TRUE
2026-02-04,73019.703125,2143.50415039062,-0.0351706159417589,-0.0384643510086562,73172.2920324893,1463518712915.32,74109194166.4011,2152.08701167294,259876828100.025,45329629877.1625,67215363944,45219604814,"Yahoo Finance",TRUE
2026-02-05,62702.09765625,1821.68310546875,-0.152334408030447,-0.162681086357363,62853.6903844599,1262033077144.53,142403234254.454,1820.56932155741,222173472032.492,56436780638.7116,125509410908,60381662655,"Yahoo Finance",TRUE
2026-02-06,70555.390625,2063.38696289062,0.118003181433476,0.124587932433777,70523.9541703583,1410203662656.37,128662818793.56,2060.73496456742,248748810142.694,65078857952.9781,114674259489,64998454203,"Yahoo Finance",TRUE
2026-02-07,69281.96875,2090.54931640625,-0.0182134028127496,0.013078072860627,69296.8067735514,1385532837702.34,68978204828.4607,2091.04035368953,252512585445.092,40809475718.4795,62347107663,41145430304,"Yahoo Finance",TRUE
2026-02-08,70264.7265625,2088.76293945312,0.0140852358847461,-0.00085486651992106,70542.3732946388,1411671712614.31,42782981463.7038,2095.13056447706,253245483591.407,19286038988.3233,39721722619,19541713443,"Yahoo Finance",TRUE
2026-02-09,70120.78125,2103.56762695312,-0.00205071542196933,0.00706277752056028,70096.4069227257,1400898153463.93,56115089203.1775,2104.45779219083,253911548161.079,25731465365.1155,52081598792,26750982266,"Yahoo Finance",TRUE
2026-02-10,68793.9609375,2019.49743652344,-0.0191032375898974,-0.0407860866012557,68779.9098126913,1374149240710.29,43014177103.9029,2018.92377885436,243588125385.224,23450565532.7557,40593063077,23267337087,"Yahoo Finance",TRUE
2026-02-11,66991.96875,1940.62133789062,-0.0265432212123748,-0.0398404875978917,66937.5814115796,1337566230010.18,54917156057.4172,1939.4321739711,234040160527.699,23726060466.8892,49671946030,23922680362,"Yahoo Finance",TRUE
2026-02-12,66221.84375,1946.94067382812,-0.0115623682748343,0.00325105630953182,66184.5776547045,1322855090692.98,47600564765.9819,1945.73514130926,234801316580.304,20191974576.3677,44651071271,20106364835,"Yahoo Finance",TRUE
2026-02-13,68857.84375,2048.52734375,0.0390337693571556,0.0508619107271358,68838.8749051039,1376029371467.46,43307347077.1653,2047.36267425312,247095469776.819,20594568667.213,40820775886,20412430639,"Yahoo Finance",TRUE
2026-02-14,69767.625,2086.009765625,0.0131259330678493,0.0181318719779942,69765.596388243,1395185595832.68,38886730356.7722,2085.52368261184,251943149870.576,16091018722.5332,36012397645,16925555543,"Yahoo Finance",TRUE
2026-02-15,68788.1875,1966.04296875,-0.0141380400688789,-0.059230160663418,68716.583374864,1373546624939.82,44139541277.4767,1963.95728530263,237059805728.808,31079407276.9928,40191152750,31030538835,"Yahoo Finance",TRUE
2026-02-16,68843.15625,1997.91772460938,0.000798782478248938,0.0160826230924274,68907.7835360618,1377439978226.68,36789211960.5509,2000.61044320309,241437650925.126,19705943204.5432,33618145426,19219250473,"Yahoo Finance",TRUE
2026-02-17,67494.21875,1992.1943359375,-0.0197888733002856,-0.00286878789883183,67489.4554026796,1349284955301.97,38338996657.3821,1992.00485446717,240295806016.12,21432577907.8223,34866936040,20929890501,"Yahoo Finance",TRUE
2026-02-18,66425.3203125,1953.97412109375,-0.015963632260215,-0.0193714031392416,66456.3537620677,1327723958117.11,36348385076.4419,1954.75349515285,235735616203.125,19828649642.2161,33094301643,20187307041,"Yahoo Finance",TRUE
2026-02-19,66957.5234375,1948.20104980469,0.00798012599470432,-0.00295890125286924,66918.6841746762,1338094580095.82,34180839195.0736,1946.90926135942,235006669215.334,19134139969.1721,31492987019,17380103826,"Yahoo Finance",TRUE
2026-02-20,68005.421875,1969.02233886719,0.0155289956566325,0.0106307366647904,67970.2940313318,1358591334156.97,53528257484.9043,1967.81211485782,237381191118.921,21428203502.982,47507867304,21682976627,"Yahoo Finance",TRUE
2026-02-21,68003.765625,1973.73718261719,-2.43549723446534e-05,0.00239164776431799,67977.9090419904,1359065859647.37,20679811587.418,1973.66433158606,238204433973.604,10481601460.7354,18357635642,11561261802,"Yahoo Finance",TRUE
2026-02-22,67659.390625,1957.80590820312,-0.00507692359830259,-0.00810438102517885,67585.1171893816,1350654423261.94,20354767532.0653,1954.19135631686,235501329876.954,10142077738.7942,17893536012,9488829492,"Yahoo Finance",TRUE
2026-02-23,64616.73828125,1855.50280761719,-0.0460126731356425,-0.0536686969675086,64577.5532006744,1291178509392.75,56724400502.9158,1853.69579038382,223731652427.768,31366211602.7679,50953457309,23731172668,"Yahoo Finance",TRUE
2026-02-24,64080.04296875,1852.96948242188,-0.00834051043874418,-0.00136623676341152,64074.1109852822,1281148417170.28,44864477921.1624,1852.81029336933,223610046968.438,19343806620.9006,40849331086,18475122228,"Yahoo Finance",TRUE
2026-02-25,67960.125,2054.6279296875,0.0587881628108722,0.103305297556053,67947.3918558519,1358175414542.92,54747624390.7818,2053.18867407894,247536737253.781,26646705598.646,53629234355,27717195805,"Yahoo Finance",TRUE
2026-02-26,67453.7734375,2026.79260253906,-0.00747861081240053,-0.0136402306523085,67469.0604032705,1348944333913.38,45543276394.8246,2027.30151822896,244470152452.733,23012726588.1742,42988597523,23327720766,"Yahoo Finance",TRUE
2026-02-27,65881.796875,1930.76184082031,-0.0235803453997576,-0.0485398835848203,65883.9909623532,1317715385672.92,43031961580.2116,1931.320587091,233144085915.66,21664624267.0558,40283655942,21136821039,"Yahoo Finance",TRUE
2026-02-28,66995.859375,1965.05053710938,0.0167686372009843,0.0176033024159379,67008.4543574617,1340289147460.58,46319353202.3381,1965.03662014131,237260462029.167,22174654477.75,42041497112,21675923669,"Yahoo Finance",TRUE
2026-03-01,65738.1015625,1939.06665039062,-0.0189521272552451,-0.013311214361674,65713.4989891121,1314048555375.68,43467491553.819,1938.41148770778,233982481666.264,22612368031.3902,40733141929,23649071468,"Yahoo Finance",TRUE
2026-03-02,68775.8515625,2027.26892089844,0.0451739987422588,0.0444827788226521,68864.0369191853,1377737947309.9,60995565405.3643,2029.4439943985,245115922455.219,25981401238.0178,56698092052,26235436166,"Yahoo Finance",TRUE
2026-03-03,68293.6484375,1982.76892089844,-0.00703592140125409,-0.0221952153909646,68321.6178484252,1367228918356.83,52704039830.2049,1982.45827865335,239664309988.172,23812766657.9557,47947999049,24100196312,"Yahoo Finance",TRUE
2026-03-04,72710.578125,2126.50537109375,0.0626701105436229,0.0699856488077346,72669.7701652216,1453089991035.75,81081561357.6971,2125.8345858016,256536391246.674,34189044586.8603,75073101274,33610946768,"Yahoo Finance",TRUE
2026-03-05,70841.125,2071.60546875,-0.0260471840906877,-0.0261560660671298,70874.9868714015,1417652016603.27,55313274475.7252,2074.52224818516,250411621366.985,22447894281.2346,51172841727,22383576284,"Yahoo Finance",TRUE
2026-03-06,68136.4921875,1978.75122070312,-0.0389267622298544,-0.0458579463127649,68148.2833996653,1364073902597.76,46427994894.4799,1980.778284132,239165082328.513,19315502583.718,43776962871,19733648079,"Yahoo Finance",TRUE
2026-03-07,67272.59375,1969.45544433594,-0.012760002816373,-0.00470886877635301,67271.1907777184,1345067153653.06,24588849466.2189,1969.6937981965,237705413185.155,9708504242.94552,23258701211,10236899078,"Yahoo Finance",TRUE
2026-03-08,65969.78125,1936.60473632812,-0.0195561512724627,-0.016820776457914,66036.1578236267,1321622467264.54,35845854760.9539,1938.6249253515,234130530358.192,16256963053.6916,33195080116,16314032554,"Yahoo Finance",TRUE
2026-03-09,68402.3828125,1992.93823242188,0.0362108831336734,0.0286737446035898,68459.3153709534,1369955697970.06,52419546997.0118,1992.35522873449,240568829023.638,23948772987.5572,49499875378,24015826480,"Yahoo Finance",TRUE
2026-03-10,69926.921875,2037.12048339844,0.0220430630536832,0.0219272344781238,69883.0088757988,1397516391202.65,57031319359.5185,2035.20894867825,245646280321.605,24001624664.9055,54003996096,23552353781,"Yahoo Finance",TRUE
2026-03-11,70204.8828125,2051.5732421875,0.00396714083102445,0.00706965106937218,70226.818790692,1405229147518.97,48188681300.7388,2051.73116841138,247646084116.332,19128555868.0948,45236859848,19031715359,"Yahoo Finance",TRUE
2026-03-12,70493.4609375,2073.13623046875,0.00410208851035776,0.0104556138377321,70544.4253546193,1411413242207.76,43093376170.4917,2076.51622836847,250636874415.38,20100511777.3683,40871848129,20624954899,"Yahoo Finance",TRUE
2026-03-13,70968.265625,2092.5634765625,0.00671286123854387,0.00932731032254352,70965.2822860046,1419133420991.55,62328257621.5837,2093.00633968562,252501564143.836,28482320998.7998,61167226505,29345212033,"Yahoo Finance",TRUE
2026-03-14,71214.625,2097.08666992188,0.00346539053271044,0.00215922330437213,71217.1010283798,1424666372555.85,23763781398.0259,2096.55636906234,253100179300.288,9282981861.04578,22283546496,10073411269,"Yahoo Finance",TRUE
2026-03-15,72789.9140625,2177.47631835938,0.0218791978790236,0.0376174725748983,72681.9132538886,1453818980888.1,29137209887.5333,2175.05991540828,262512054941.104,14747913813.6074,27991268669,15333885132,"Yahoo Finance",TRUE
2026-03-16,74861.0859375,2351.17602539062,0.0280568061089266,0.076749085240551,74858.1487010034,1496606935787.31,56424669615.7877,2351.17292955898,283735615158.544,37734375007.8124,55572438409,38938369545,"Yahoo Finance",TRUE
2026-03-17,73922.4765625,2318.05346679688,-0.0126172785632779,-0.0141878287469073,73926.2789915241,1479034380091.92,47796151709.5938,2318.11960316519,279844075617.117,24944176216.6958,49500721728,26737564550,"Yahoo Finance",TRUE
2026-03-18,71245.578125,2203.67163085938,-0.0368841742334176,-0.0506029181915633,71255.8635026564,1425248408811.23,46235388353.2678,2203.38005837918,266107991165.402,24417846816.5587,46229011155,25617966362,"Yahoo Finance",TRUE
2026-03-19,69912.7890625,2137.423828125,-0.0188841610476285,-0.0305236071486403,69871.4514796119,1397132369157.64,46069506172.9934,2137.45003843143,258058898457.496,24108916783.7107,44631433398,24090913749,"Yahoo Finance",TRUE
2026-03-20,70522.5859375,2146.4970703125,0.00868443164744903,0.00423595858543102,70552.6253000937,1411553294477.22,39288514955.5623,2146.9719878749,259208652759.624,16150931145.1053,38299078407,17970488517,"Yahoo Finance",TRUE
2026-03-21,68711.5234375,2076.68994140625,-0.0260161056310171,-0.0330619920061084,68733.5477945874,1381324607061.98,22788052215.9982,2078.04921297182,251826217028.408,8184480973.48728,21109354718,8654913047,"Yahoo Finance",TRUE
2026-03-22,67845.2109375,2053.04833984375,-0.0126881200860858,-0.0114495680945259,67848.8760582183,1357220326650.5,30380203636.6111,2053.14495668182,247825857616.281,15324406138.5414,30108051508,16438149794,"Yahoo Finance",TRUE
2026-03-23,70914.859375,2152.14599609375,0.0442511930346985,0.0471397983356825,70892.8282399437,1417921177640.15,52502731112.0361,2151.4982749669,259554597861.158,28068766677.7102,51508669357,28509077302,"Yahoo Finance",TRUE
2026-03-24,70517.859375,2155.70434570312,-0.00561399153169617,0.00165203065860453,70524.5117594282,1410852097506.25,40395077210.9571,2155.6817607237,260196677160.785,17313748265.9587,40181522399,18389631713,"Yahoo Finance",TRUE
2026-03-25,71309.8828125,2168.021484375,0.0111689244808133,0.00569748058739084,71309.2640385627,1426722276575.15,36566429238.8004,2168.25957674885,261686587476.222,16105449679.6316,35409791747,17086301657,"Yahoo Finance",TRUE
2026-03-26,68791.625,2059.57836914062,-0.0359529188074159,-0.051313706617151,68791.1109380036,1375963897395.84,52234708975.604,2059.33261958392,248549670710.295,17644048977.135,38962070215,18628112246,"Yahoo Finance",TRUE
2026-03-27,66338.375,1991.27197265625,-0.0363134696852079,-0.0337276698924533,66321.016242762,1326110397917.71,48874426380.1285,1991.90010043629,240350263112.528,18794766454.1761,46483453594,19453998121,"Yahoo Finance",TRUE
2026-03-28,66319.6953125,1992.69458007812,-0.000281621579139468,0.000714166378411818,66321.0653999474,1326978316239.48,23637115348.5244,1992.76811199399,240522260218.701,7979293174.0146,20924883455,8641221084,"Yahoo Finance",TRUE
2026-03-29,65954.921875,1982.55969238281,-0.00551540983370025,-0.00509899943974101,65970.4289951336,1320068534523.28,25095464001.8946,1983.18416763264,239326397494.904,10326299594.5555,21645889785,9451184647,"Yahoo Finance",TRUE
2026-03-30,66691.4453125,2023.51489257812,0.0111051817312102,0.0204472613935485,66699.2743689358,1334537611576.05,37098483334.6191,2023.82401658508,244309802342.49,17467477810.8495,37694994180,17840662425,"Yahoo Finance",TRUE
2026-03-31,68233.3125,2104.70825195312,0.022856210162578,0.0393408147638521,68231.8304799325,1364706648348.35,56210727882.1614,2104.87658570931,254040532514.372,21496491501.1208,42997691338,21278561395,"Yahoo Finance",TRUE
2026-04-01,68078.5546875,2138.73706054688,-0.00227064425402013,0.0160386363168277,68089.0553821667,1362124061745.44,46822039842.985,2139.05788871463,258116059272.452,18985751706.4849,36465393617,19542997434,"Yahoo Finance",TRUE
2026-04-02,66888.5703125,2056.8525390625,-0.0176341492288756,-0.0390385754759661,66891.6645686824,1338643103490.5,47198627198.5622,2056.89029600084,248300421924.877,18107142808.1322,39323384518,18847170816,"Yahoo Finance",TRUE
2026-04-03,66931.1015625,2053.38525390625,0.00063565021250156,-0.00168714617175603,66939.6912171531,1339404819037.87,26755680223.7606,2053.60881451682,247829585497.52,10901803576.7337,22815543346,9609678843,"Yahoo Finance",TRUE
2026-04-04,67290.515625,2065.3515625,0.00535554449552933,0.00581068555550068,67304.2495563544,1346790078680.91,21516550336.8563,2064.99405791425,249240961118.027,6614766426.3389,15878814963,6926913517,"Yahoo Finance",TRUE
2026-04-05,68981.8984375,2108.99560546875,0.0248248287948485,0.020911357684259,68985.5264269454,1380583534920.16,26416194024.7661,2109.00555586925,254592970362.671,10308136462.2038,22972648674,9928800793,"Yahoo Finance",TRUE
2026-04-06,68859.828125,2107.76147460938,-0.00177116679333267,-0.000585345976150009,68864.2345275733,1378430433268.24,45398732027.772,2107.82832022253,254578699899.677,17715610730.534,39542143229,19097527675,"Yahoo Finance",TRUE
2026-04-07,71940.703125,2241.806640625,0.0437692500886513,0.061655604970329,71975.6217104587,1439691204997.3,54821363017.7235,2241.81599030726,270468163882.672,21326991149.98,44650511480,22588914083,"Yahoo Finance",TRUE
2026-04-08,71123.359375,2190.33544921875,-0.0114263865929018,-0.0232273715270308,71117.0771341181,1423286125223.94,42583999503.6708,2190.47856818673,264371759670.039,21125273662.9044,42444631703,21469476310,"Yahoo Finance",TRUE
2026-04-09,71767.828125,2189.14404296875,0.00902047398791339,-0.000544085789882409,71770.7468500515,1436399827130.55,39293023566.9644,2188.97442655259,264230455241.255,17278828176.6332,38799581473,17218638798,"Yahoo Finance",TRUE
2026-04-10,72979.046875,2245.14868164062,0.0167360714535274,0.0252611274355674,72972.7082355704,1460609915845.46,38358391003.6679,2245.0457222393,270956686144.315,16110889862.8638,37722595732,17131968712,"Yahoo Finance",TRUE
2026-04-11,73054.2734375,2285.39013671875,0.00103026581869337,0.0177650010386667,73053.8880848382,1462802384989.17,23868132454.7388,2285.47013876,275866964719.991,11696324641.239,23287073965,12620960384,"Yahoo Finance",TRUE
2026-04-12,70753.40625,2192.201171875,-0.0320019564160106,-0.0416306075771207,70756.7510550002,1415861769817.88,30101377740.8736,2192.1608453363,264544626755.819,14967971355.9425,29882740487,15307071617,"Yahoo Finance",TRUE
2026-04-13,74484.640625,2370.71484375,0.0513922577822328,0.078285391138686,74514.63006655,1491650187280.67,53329034805.4737,2371.86329583494,286322430134.987,23820082860.1986,52278211554,23709131572,"Yahoo Finance",TRUE
2026-04-14,74181.609375,2323.30859375,-0.00407667065899631,-0.0201992437703371,74181.1080722893,1484804385765.13,57684799834.5256,2323.21782731988,280391279509.066,24070653200.6863,53540826530,25185167270,"Yahoo Finance",TRUE
2026-04-15,74805.078125,2359.43701171875,0.00836950468372777,0.015430748489015,74833.5063913241,1497468161198.85,33592871494.5551,2359.68341016154,284827964173.456,17326838284.4832,38090174312,17004367348,"Yahoo Finance",TRUE
2026-04-16,75152.1328125,2348.64501953125,0.00462872448707152,-0.00458446179034144,75149.1930221427,1503597305333.89,44500754086.9762,2348.70470805274,283412286692.55,20472335141.6269,41312783855,20602833116,"Yahoo Finance",TRUE
2026-04-17,77126.875,2421.07177734375,0.0259372965784035,0.0303717508925754,77128.4433485815,1543927908120.29,64762179077.3521,2421.00695362286,292201557219.643,25049986905.6158,54137194839,26467618336,"Yahoo Finance",TRUE
2026-04-18,75726.2109375,2351.1005859375,-0.0183274450765047,-0.029326772361463,75728.4568176176,1515912560791.07,66292316931.1639,2350.93600423575,283736558086.4,13349871162.9413,26014416776,14400085617,"Yahoo Finance",TRUE
2026-04-19,73856.3515625,2264.9169921875,-0.0250023364949232,-0.0373454427406088,73856.0550148763,1478753744436.92,62221359441.7264,2264.814399022,273471912491.041,16902057633.7581,30931515195,17083701612,"Yahoo Finance",TRUE
2026-04-20,75872.5234375,2315.21240234375,0.0269325972722587,0.0219633235792402,75874.5462935297,1518784350281.42,48152404105.5549,2315.02414729664,279392380110.185,23156669964.6911,39674447916,19084768822,"Yahoo Finance",TRUE
2026-04-21,76352.7734375,2327.97045898438,0.00630974750194646,0.00549540654713621,76350.2520287882,1528459815743.43,41231756234.2761,2327.51163272971,280906616299.543,17130568289.7479,36453522626,16107716719,"Yahoo Finance",TRUE
2026-04-22,78203.1015625,2376.08813476562,0.023944952373343,0.0204586542200396,78194.7833488486,1566077005143.77,49815267208.0001,2377.93439715127,287037182366.732,20905574032.854,48336654537,22465555335,"Yahoo Finance",TRUE
2026-04-23,78268.953125,2331.51391601562,0.000841703862318965,-0.0189376886242059,78260.6199804509,1566737928291.19,41704798844.8277,2330.82758164921,281372763547.725,19629913368.4366,40354900916,19909161913,"Yahoo Finance",TRUE
2026-04-24,77455.3125,2315.69018554688,-0.0104498554007009,-0.00681002653506635,77444.7956369207,1550504073873.63,33584952477.9091,2315.51243544671,279460269416.083,13635648616.6994,32784213526,13371168064,"Yahoo Finance",TRUE
2026-04-25,77612.015625,2318.8291015625,0.00202109858004285,0.00135458126339838,77619.1421987265,1553988530840.65,17276677148.503,2319.15032399384,279895755954.163,6121295053.32091,16702933134,6545621782,"Yahoo Finance",TRUE
2026-04-26,78657.5390625,2369.72900390625,0.0133812250281391,0.0217132435927283,78645.1256017085,1575064891879.29,22944408006.9236,2369.7430288377,286067495300.577,11012462134.5136,21482934750,10622966933,"Yahoo Finance",TRUE
2026-04-27,77366.625,2303.06396484375,-0.016547994707933,-0.0285352092391058,77361.299110388,1549702864531.72,39453767786.2528,2299.77045869666,277513443377.7,12150745861.19,38135631927,17879618684,"Yahoo Finance",TRUE
2026-04-28,76350.671875,2289.41967773438,-0.0132186544907373,-0.005942025412355,76345.2252100253,1528431321586.34,32683167166.9246,2288.04492694901,276138338870.717,12066840793.7551,32056900880,12761522276,"Yahoo Finance",TRUE
2026-04-29,75776.1328125,2253.41577148438,-0.00755345904174121,-0.0158511839185902,75774.8855230121,1517194764796.42,42528290001.6707,2253.45835796387,272009746069.519,19379367781.6325,41460907886,21884731493,"Yahoo Finance",TRUE
2026-04-30,76304.3203125,2256.25122070312,0.00694618687513504,0.00125749843494205,76286.5771095087,1528163519735.74,31717874196.5131,2255.98029178502,272335661344.345,11369388536.7409,29497862305,12309496389,"Yahoo Finance",TRUE
2026-05-01,78179,2295.09375,0.0242715098940351,0.0170690082206217,78172.0742214792,1564746221568.42,39070393404.504,2294.66368904496,276769010103.085,12312967150.1306,39164328894,13243880777,"Yahoo Finance",TRUE
2026-05-02,78657.25,2316.23193359375,0.0060987365147831,0.00916800638403625,78655.345553319,1574625317385.1,18618912381.9308,2316.32933452885,279471189560.566,6497751064.09707,16761531851,6905015549,"Yahoo Finance",TRUE
2026-05-03,78538.2265625,2321.6357421875,-0.00151433696246528,0.00233029979157262,78562.5505175486,1573067635502.93,21884574779.7554,2324.13333026114,280472981497.309,9355399348.19334,20544392639,9861070993,"Yahoo Finance",TRUE
2026-05-04,79827.90625,2346.39697265625,0.0162876768649074,0.0106089499454063,79823.8855595558,1598023587523.13,55780483402.1788,2345.99566639616,283101054323.237,23880953186.7437,54325085296,25497505008,"Yahoo Finance",TRUE
2026-05-05,80927.0546875,2361.1826171875,0.0136750438065238,0.00628165402969749,80925.0936549508,1620550900862.8,41115413343.9415,2361.08570666527,284952981344.092,16430576394.727,39700107376,17739612383,"Yahoo Finance",TRUE
2026-05-06,81427.53125,2350.80200195312,0.00616524805727359,-0.00440605514106363,81424.9951565033,1630523861201.56,41133090710.8339,2350.47811939291,283646020806.412,21825138299.9719,41751540000,22745786496,"Yahoo Finance",TRUE
2026-05-07,80009.9921875,2291.10766601562,-0.0175619083509027,-0.0257211497884926,80022.0412500642,1602537556660.9,38385751841.6719,2291.18488889002,276516619989.309,22081476649.4253,36931193154,23409823896,"Yahoo Finance",TRUE
2026-05-08,80186.765625,2306.97216796875,0.00220695489302081,0.00690051738017683,80189.0650356785,1605561829780.81,34583448281.1373,2306.8311830289,278346024281.218,18394366323.2607,33789351540,20013463010,"Yahoo Finance",TRUE
2026-05-09,80664.3671875,2326.72729492188,0.00593844703118762,0.00852677080329389,80678.0339429646,1615753832504.22,18921531897.8849,2326.45730187923,280783646742.266,11017131520.7075,18102086996,12217205123,"Yahoo Finance",TRUE
2026-05-10,82138.9296875,2369.0439453125,0.0181151469567915,0.0180237894016022,82145.6560675913,1644787760960.26,28066045740.0968,2368.83766572627,285963726467.433,17501460235.1666,26965971077,19587186882,"Yahoo Finance",TRUE
2026-05-11,81728.296875,2339.36083984375,-0.00501178521948908,-0.0126087284649135,81725.2077170191,1636812805155.44,33905980449.0992,2339.60340198663,282369663646.824,15115287938.0742,32409774919,15525623296,"Yahoo Finance",TRUE
2026-05-12,80477.4921875,2274.6435546875,-0.0154227477056672,-0.0280543858235065,80480.8860012083,1611919136783.8,33067066161.6167,2274.6431648581,274512686207.315,14692651356.3251,32186688600,16145394773,"Yahoo Finance",TRUE
2026-05-13,79277.1171875,2257.57641601562,-0.0150280182312361,-0.00753150529227575,79277.8045183824,1587717799781.69,44896912205.7427,2257.61710920973,272478138096.278,13975758933.8342,34075428359,15193768365,"Yahoo Finance",TRUE
2026-05-14,81051.25,2280.93481445312,0.0221321436988227,0.0102935096988892,81051.9828878728,1623427124965.4,44287881795.3691,2281.49649608556,275345080771.552,16314146159.7818,43731663431,17563432027,"Yahoo Finance",TRUE
2026-05-15,79065.6796875,2223.32885742188,-0.0248027751369673,-0.0255798071719919,79068.8202404494,1583853006822.62,38052335521.8063,2223.58889074347,268396651061.307,16912505585.2089,38183347368,18146855938,"Yahoo Finance",TRUE
2026-05-16,78131.4375,2179.751953125,-0.0118863908425748,-0.0197944707467759,78135.0099486386,1565271173826.08,26082683404.3054,2179.87673804766,263107467414.07,11230210593.1074,25895799905,11451672017,"Yahoo Finance",TRUE
2026-05-17,77429.3515625,2127.64526367188,-0.00902657679785435,-0.0241952291758469,77425.7151916849,1547173050294.11,22985134432.4523,2128.00022758113,256819394719.644,9287604931.97313,20900166465,10143205921,"Yahoo Finance",TRUE
2026-05-18,76954.171875,2128.51611328125,-0.00615585364912086,0.000409218328160321,76952.2148594993,1541450290438.45,43600665899.5308,2128.49150087539,256878631052.221,17747081554.3689,41520471808,19890789125,"Yahoo Finance",TRUE
2026-05-19,76750.90625,2109.9638671875,-0.0026448799997123,-0.00875425372369332,76808.8105527178,1538679326205.18,28896388946.3338,2111.74759881383,254883636590.256,10684756632.3289,26031898332,12030742868,"Yahoo Finance",TRUE
2026-05-20,77457.7734375,2126.9833984375,0.00916773478361499,0.00803390824800676,77459.9443455744,1551690153641.53,28637186323.3125,2127.29380852535,256733858594.532,11880070016.2345,26668360936,12076799234,"Yahoo Finance",TRUE
2026-05-21,77539.171875,2131.41064453125,0.00105032321532583,0.00207930390855271,77546.3376529742,1554827670331.53,29075253047.0522,2131.6942727488,257402121517.97,13232124105.7855,27141485404,14344389472,"Yahoo Finance",TRUE
2026-05-22,75488.2421875,2064.63696289062,-0.0268063407026222,-0.0318296288802973,75482.5237995573,1512164902010.44,30314018356.6888,2064.3781409811,249169080012.441,13157867768.6801,27859040109,13229489284,"Yahoo Finance",TRUE
2026-05-23,76673.3671875,2115.95141601562,0.0155775030224188,0.0245501473754652,76672.792890568,1536316423811,33021471675.8389,2115.70814757957,255408951155.479,15881194900.7954,29973220002,16650709488,"Yahoo Finance",TRUE
2026-05-24,76981.125,2097.99389648438,0.00400584740039456,-0.00852295267419922,76988.1612610722,1542380599548.26,23346751407.5956,2098.13864392966,253223759462.882,10016986051.913,20572738918,10602558120,"Yahoo Finance",TRUE
2026-05-25,77279.9296875,2111.37036132812,0.0038740181286947,0.00635559626176896,77274.4015218218,1547932919218.89,21579710482.7155,2111.20883648614,254705706468.914,9520275612.66775,19808387601,10167436482,"Yahoo Finance",TRUE
2026-05-26,75825.734375,2070.85815429688,-0.0189965414050324,-0.0193741083637811,75824.0633254291,1519006468647.74,39159693387.2736,2070.83394642886,249887411816.003,14289357242.4958,35999475458,15924080901,"Yahoo Finance",TRUE
2026-05-27,74344.703125,2022.1982421875,-0.0197253107241089,-0.0237779302438845,74352.6992800239,1489192939341.79,36456563334.1027,2022.5062490754,244028506668.311,13266188767.022,33802172927,14534289020,"Yahoo Finance",TRUE
2026-05-28,73536.5546875,2007.552734375,-0.0109298026618863,-0.00726872324357775,73539.8418960617,1473190543991.8,39482623576.1436,2007.56241088518,242251731321.98,16829611058.6855,40148145327,18109844096,"Yahoo Finance",TRUE
2026-05-29,73372.5234375,2011.978515625,-0.00223309982280995,0.00220213888797982,73382.7183142556,1470438487484.58,35500171846.4204,2012.23010294731,242817771057.257,13389782791.0465,34457929250,14941194039,"Yahoo Finance",TRUE
2026-05-30,73754.8359375,2019.45825195312,0.00519703965490237,0.00371070927907269,73751.0678732802,1477685075481.03,18041892698.4912,2019.17562677826,243678354050.895,6649283564.1159,19563589191,7478416074,"Yahoo Finance",TRUE
2026-05-31,73579.6875,2004.34155273438,-0.00237756251447685,-0.00751367914443257,73593.3711970286,1474566905230.02,16753747818.538,2003.97193048546,241848544615.514,7997871254.16589,17445435650,9253505209,"Yahoo Finance",TRUE
2026-06-01,71319.7734375,2003.22119140625,-0.0311953863032937,-0.000559123551565399,71360.3252132578,1430970894389.78,51807946724.1984,2003.36515167627,241630774740.143,17853069879.4274,43378836121,19458810001,"Yahoo Finance",TRUE
2026-06-02,66703.65625,1857.71630859375,-0.0669138485252585,-0.0754085383512759,66649.8556192803,1335527869867.5,66210108956.0754,1856.05379603567,223998330354.829,23020084375.7521,54990073882,25205401403,"Yahoo Finance",TRUE
2026-06-03,64014.3671875,1811.73229980469,-0.0411522222901919,-0.025064483001584,64021.889158675,1282892747601.91,47109696433.6755,1811.35035448061,218603067989.727,22903130202.658,47411556213,24083350214,"Yahoo Finance",TRUE
2026-06-04,63801.57421875,1769.58056640625,-0.00332968114943633,-0.0235409089196175,63796.2543917893,1277535354121.54,65428213201.189,1769.17909483292,213353942238.629,26321504052.2382,63800151780,27112623897,"Yahoo Finance",TRUE
2026-06-05,60922.66796875,1580.86083984375,-0.0461725426252126,-0.112773016358158,60921.7944151649,1221126222047.21,74296044994.8137,1580.61975865255,190674884167.277,39419487821.7673,71465606706,39924177669,"Yahoo Finance",TRUE
2026-06-06,60867.4140625,1568.76770019531,-0.000907363048277432,-0.00767912718680108,60861.8801289763,1219858358359.38,31865516854.6098,1568.76614325767,189332154992.471,17844096160.9549,30898464957,18426248218,"Yahoo Finance",TRUE
2026-06-07,63239.51953125,1686.39624023438,0.0382314561194157,0.07230344307255,63254.5721505067,1266954887605.99,37684637505.9084,1687.04426369892,203483035194.428,16509959473.1932,36006496194,15172606860,"Yahoo Finance",TRUE
2026-06-08,63090.58984375,1690.14855957031,-0.00235778718518453,0.00222258024286592,63078.4404948006,1263134225700.35,34027346085.7091,1690.09511277191,203763555387.617,16654264816.1309,34133252457,17427269148,"Yahoo Finance",TRUE
2026-06-09,61643.78125,1637.70666503906,-0.0231992749169727,-0.0315195419215524,61658.3119914666,1235553329907.98,40990944564.4456,1637.83507542679,197708727281.667,14127918160.2089,40144449754,15196855528,"Yahoo Finance",TRUE
2026-06-10,61449.2890625,1620.1376953125,-0.00316008608540663,-0.0107857454824707,61492.5143897145,1231789348363.88,27715292454.9528,1621.29770670343,195685388741.059,13051388908.793,27493506779,12655731412,"Yahoo Finance",TRUE
2026-06-11,63561.0546875,1672.28063964844,0.0337886685240658,0.0316772045187941,63552.3008701147,1273718877820.85,30075017169.0008,1671.88909163853,201775713182.114,11763657711.1671,29316677897,12379882531,"Yahoo Finance",TRUE
2026-06-12,63543.19921875,1665.12780761719,-0.000280957848675101,-0.00428646543946787,63537.7390037071,1273276135244.39,28141339067.4297,1665.04734487417,200946776683.389,9602343868.34393,26881868307,9989137815,"Yahoo Finance",TRUE
2026-06-13,64421.32421875,1680.21459960938,0.013724722455704,0.00901964130205357,64377.5766894217,1290225515375.48,17522802429.2048,1678.73017522145,202495430937.612,6125140041.83792,16956245530,6101094488,"Yahoo Finance",TRUE
2026-06-14,65710.3984375,1724.61328125,0.0198124847553167,0.0260813174474448,65713.6235604093,1317085172262.4,22887575559.5122,1724.63198356541,208127792180.323,7779768456.967,21572226975,7804982667,"Yahoo Finance",TRUE
2026-06-15,66289.5,1794.96118164062,0.00877432914288434,0.0399805553119013,66300.9585365298,1328696238979.85,33915183708.4153,1794.04883721859,216492207073.002,18208174941.632,32927321950,17921331594,"Yahoo Finance",TRUE
2026-06-16,65600.640625,1790.39819335938,-0.0104460520817167,-0.00254534637538395,65598.9439666077,1314781494836,25567698997.8856,1790.79334200496,216145734674.062,14039133598.7999,25063963967,14698492893,"Yahoo Finance",TRUE
2026-06-17,64418.4453125,1747.88549804688,-0.0181854515308633,-0.024031278966083,64422.5736647759,1291258235600.58,32345181752.594,1747.94354197841,210946070957.992,13878521093.6982,31288885189,14185457929,"Yahoo Finance",TRUE
2026-06-18,62896.47265625,1709.53344726562,-0.0239099264595435,-0.0221862751067947,62900.227093172,1260907043905.39,31279738052.0831,1709.59786739436,206342941222.575,11895492397.1714,30432454936,12942260783,"Yahoo Finance",TRUE
2026-06-19,63540.8359375,1710.982421875,0.0101927013006602,0.000847225828781717,63513.6586786293,1268758066936,23172898934.0259,1706.22046375849,205852278574.819,7581230604.63064,22361931660,7855725190,"Yahoo Finance",TRUE
2026-06-20,64239.67578125,1739.30139160156,0.0109382377964078,0.0164158122645688,64240.2327803884,1287768457406.01,17171401473.1601,1739.16284602985,209883299330.067,7521392229.56866,17486384117,7773536600,"Yahoo Finance",TRUE
2026-06-21,63237.5390625,1704.58056640625,-0.0157229253051465,-0.0201644551603124,63231.8695836373,1267530073395.45,16735692356.8588,1704.6015900816,205715588113.011,9647662989.10624,15739619591,8498711726,"Yahoo Finance",TRUE
2026-06-22,63952.10546875,1726.51086425781,0.0112363538248417,0.0127834521124868,63957.1956138398,1282343470084.96,26433062359.2294,1726.72375354807,208387692400.377,13779585639.6764,26561496819,13584368622,"Yahoo Finance",TRUE
2026-06-23,62668.01953125,1665.43676757812,-0.0202831889602724,-0.0360151185751905,62651.9347425784,1256025968759.27,29785354920.685,1665.00423457328,201004472564.81,9984888164.05578,29608942370,10431438278,"Yahoo Finance",TRUE
2026-06-24,60995.1328125,1619.92492675781,-0.0270571911625357,-0.0277076052385548,60908.995129015,1220207438492.21,43197491543.7184,1617.77137329719,195074555188.516,14568298985.0679,42644106535,14059894232,"Yahoo Finance",TRUE
2026-06-25,59721.67578125,1564.81665039062,-0.0210990381164695,-0.0346111458341083,59712.6180615821,1197252258228.06,40411370315.0141,1564.84284345308,188875162280.233,15270571475.1482,40625024718,15976182558,"Yahoo Finance",TRUE
2026-06-26,60016.4296875,1576.61608886719,0.00492331994858475,0.00751217354974365,59981.8316342295,1202615550275.96,39391565257.5736,1575.93385759091,190217731827.511,14646731079.3825,41502864671,15272225856,"Yahoo Finance",TRUE
2026-06-27,59940.09765625,1571.58825683594,-0.00127266174243346,-0.00319409781179925,59943.1107741247,1201807514775.01,15714909474.5055,1571.67731171826,189697545589.656,5267573831.7477,15099836554,6111411513,"Yahoo Finance",TRUE
2026-06-28,59532.33984375,1570.36120605469,-0.00682599944047269,-0.000781076117312374,59612.2940376012,1195265179758.71,16805740158.9655,1571.78891186734,189746579231.047,5705470558.38378,16282230874,6231562560,"Yahoo Finance",TRUE
2026-06-29,60138.37890625,1610.20581054688,0.010128530183577,0.0250563430147936,60159.6301670546,1206445488078.94,31395384175.9438,1609.66929347929,194291035441.655,11121899673.7778,30829983083,11882501822,"Yahoo Finance",TRUE
2026-06-30,58558.859375,1569.58386230469,-0.0266158302862625,-0.0255514750944688,58550.7477881605,1174078264197.41,32002232960.1523,1569.94416850948,189420707302.209,9749978399.68112,32747419391,9639804637,"Yahoo Finance",TRUE
2026-07-01,60003.7578125,1608.96069335938,0.024374798891813,0.0247779101060912,59979.90070834,1203067263000.63,38794170476.288,1608.42819271204,194160823055.45,11297892393.877,37904450118,11666600557,"Yahoo Finance",TRUE
2026-07-02,61485.30078125,1698.16943359375,0.02439094408839,0.0539624286481777,61487.2990103128,1232917246447.86,39471243076.7271,1698.4014396046,204952373218.676,12803278084.302,40109297349,13538465176,"Yahoo Finance",TRUE
2026-07-03,62544.19921875,1756.51867675781,0.0170753597454709,0.0337829584823899,62537.4408487914,1253971325074.85,26040911211.5623,1756.07575815877,211949387513.843,9019752244.33488,26131813598,10177742550,"Yahoo Finance",TRUE
2026-07-04,63088.3046875,1779.03295898438,0.00866191238397107,0.0127361095972152,63094.2401775066,1265163108868.51,19052046395.4961,1778.96169980113,214694734863.173,7600774007.77804,18608397613,8083146790,"Yahoo Finance",TRUE
2026-07-05,63547.8828125,1783.00598144531,0.0072582750905088,0.00223075838021636,63546.4301316612,1274101034947.3,18562833785.6679,1783.45239562913,215157394830.34,10810201484.2828,18267466154,11323496681,"Yahoo Finance",TRUE
2026-07-06,63995.015625,1797.57373046875,0.00701151768983976,0.00813713452937392,64072.2992389251,1284575087506.86,36720711337.7507,1799.59559438926,217168395854.668,16186887249.3872,36552222303,16997487730,"Yahoo Finance",TRUE
2026-07-07,63297.39453125,1768.51147460938,-0.0109610318081774,-0.0162996101421937,63351.3677128175,1270681327780.71,31531207355.6771,1770.14269238195,213666875760.874,9864416653.4481,31026493556,9901110376,"Yahoo Finance",TRUE
2026-07-08,62257.57421875,1742.67761230469,-0.0165639655193477,-0.0147154299263921,62248.9303173398,1248098206880.46,28148516404.8057,1742.52772533938,210315732457.394,9714367328.16784,27349235354,10110272581,"Yahoo Finance",TRUE
2026-07-09,63193.1484375,1744.48461914062,0.0149156823369854,0.00103637678877178,63220.6856582479,1267792123928.4,26365450469.6468,1745.53830768569,210620469911.25,7534158762.12959,26546256117,7763668656,"Yahoo Finance",TRUE
2026-07-10,64127.140625,1795.69323730469,0.014671800523157,0.0289319871755298,64082.04036871,1285228295184.29,28149819569.9785,1795.63052209554,216665658259.774,8403055140.80168,27450201269,9431692646,"Yahoo Finance",TRUE
2026-07-11,63802.02734375,1788.099609375,-0.00508271860635645,-0.00423776686814126,63892.792516153,1281664653549.99,14697468251.8752,1790.67649593781,216163410017.045,6808391589.65059,13954689047,6901680020,"Yahoo Finance",TRUE
