"date","btc_close","eth_close","spx_close","ndx_close","vix_close","btc_ret","eth_ret","spx_ret","ndx_ret","dvix","days_since_prev","is_multiday","covid","tighten","etf","price_source","in_sample"
2019-11-04,9412.6123046875,186.355194091797,3078.27001953125,8433.2001953125,12.8299999237061,0.0162272073362182,0.012882371431977,0.00369724580531283,0.00556492708903988,0.529999732971191,3,1,0,0,0,"Yahoo Finance",FALSE
2019-11-05,9342.52734375,189.304168701172,3074.6201171875,8434.6796875,13.1000003814697,-0.00747371530956542,0.0157005813249667,-0.00118640271182002,0.000175421238658657,0.270000457763672,1,0,0,0,0,"Yahoo Finance",FALSE
2019-11-06,9360.8798828125,191.593841552734,3076.78002929688,8410.6298828125,12.6199998855591,0.00196248145916122,0.0120226431733403,0.000702250592288678,-0.00285537299593841,-0.480000495910645,1,0,0,0,0,"Yahoo Finance",FALSE
2019-11-07,9267.5615234375,187.976547241211,3085.17993164062,8434.51953125,12.7299995422363,-0.0100189960017421,-0.0190605164798603,0.00272637524428099,0.00283638498732763,0.109999656677246,1,0,0,0,0,"Yahoo Finance",FALSE
2019-11-08,8804.880859375,184.211471557617,3093.080078125,8475.3095703125,12.0699996948242,-0.051214083806272,-0.0202328067205393,0.00255740314511677,0.004824427016203,-0.659999847412109,1,0,0,0,0,"Yahoo Finance",FALSE
2019-11-11,8757.7880859375,185.489639282227,3087.01000976562,8464.2802734375,12.6899995803833,-0.00536283937822368,0.00691462795097664,-0.00196439541333859,-0.00130219191081693,0.619999885559082,3,1,0,0,0,"Yahoo Finance",FALSE
2019-11-12,8815.662109375,186.843414306641,3091.84008789062,8486.08984375,12.6800003051758,0.00658655324044766,0.0072718818650408,0.00156342330126336,0.0025733458558328,-0.00999927520751953,1,0,0,0,0,"Yahoo Finance",FALSE
2019-11-13,8808.2626953125,188.258743286133,3094.0400390625,8482.099609375,13,-0.000839701097149259,0.00754640125382711,0.00071128157011735,-0.000470319412636755,0.319999694824219,1,0,0,0,0,"Yahoo Finance",FALSE
2019-11-14,8708.0947265625,185.999633789062,3096.6298828125,8479.01953125,13.0500001907349,-0.011437202181483,-0.012072605845268,0.000836692614456069,-0.000363192797989242,0.0500001907348633,1,0,0,0,0,"Yahoo Finance",FALSE
2019-11-15,8491.9921875,180.521179199219,3120.4599609375,8540.830078125,12.0500001907349,-0.0251293975638376,-0.0298965976619217,0.0076660287779724,0.00726338011635974,-1,1,0,0,0,0,"Yahoo Finance",FALSE
2019-11-18,8309.2861328125,180.559600830078,3122.03002929688,8549.9404296875,12.460000038147,-0.0217499232750935,0.000212814600661915,0.00050302632281074,0.00106611371573173,0.409999847412109,3,1,0,0,0,"Yahoo Finance",FALSE
2019-11-19,8206.1455078125,177.455551147461,3120.17993164062,8570.66015625,12.8599996566772,-0.0124903748385563,-0.0173407602885067,-0.000592770099693496,0.00242044507424133,0.399999618530273,1,0,0,0,0,"Yahoo Finance",FALSE
2019-11-20,8027.26806640625,175.698348999023,3108.4599609375,8526.73046875,12.7799997329712,-0.0220390715609398,-0.00995156304106271,-0.00376325642094066,-0.00513877060357082,-0.0799999237060547,1,0,0,0,0,"Yahoo Finance",FALSE
2019-11-21,7642.75,161.46272277832,3103.5400390625,8506.2099609375,13.1300001144409,-0.0490867681256866,-0.0844943011345434,-0.00158400608618869,-0.00240950971739373,0.350000381469727,1,0,0,0,0,"Yahoo Finance",FALSE
2019-11-22,7296.57763671875,150.268173217773,3110.2900390625,8519.8798828125,12.3400001525879,-0.0463520647192883,-0.0718527780123184,0.00217257394237613,0.00160576209073682,-0.789999961853027,1,0,0,0,0,"Yahoo Finance",FALSE
2019-11-25,7146.1337890625,146.476531982422,3133.63989257812,8632.490234375,11.8699998855591,-0.0208339396805801,-0.0255562949186974,0.00747925188746734,0.0131307765383024,-0.470000267028809,3,1,0,0,0,"Yahoo Finance",FALSE
2019-11-26,7218.37109375,148.965072631836,3140.52001953125,8647.9296875,11.539999961853,0.0100578355100449,0.0168466422209637,0.00219316364493949,0.00178693079255332,-0.329999923706055,1,0,0,0,0,"Yahoo Finance",FALSE
2019-11-27,7531.66357421875,153.010559082031,3153.6298828125,8705.1796875,11.75,0.0424866264353021,0.0267950660193232,0.00416573562529976,0.00659826506834449,0.210000038146973,1,0,0,0,0,"Yahoo Finance",FALSE
2019-11-29,7761.24365234375,155.304153442383,3140.97998046875,8665.4697265625,12.6199998855591,0.03002664222916,0.0148785418165094,-0.00401928622998859,-0.0045720835376386,0.869999885559082,2,1,0,0,0,"Yahoo Finance",FALSE
2019-12-02,7321.98828125,149.059158325195,3113.8701171875,8567.990234375,14.9099998474121,-0.0582606716195109,-0.0410422115484703,-0.008668483693965,-0.0113129379759904,2.28999996185303,3,1,0,0,0,"Yahoo Finance",FALSE
2019-12-03,7320.1455078125,147.956420898438,3093.19995117188,8520.6396484375,15.960000038147,-0.000251708319808586,-0.00742548587192449,-0.00666022525804344,-0.00554177923512711,1.05000019073486,1,0,0,0,0,"Yahoo Finance",FALSE
2019-12-04,7252.03466796875,146.747741699219,3112.76000976562,8566.669921875,14.8000001907349,-0.00934813254089484,-0.00820270718718241,0.00630365760877005,0.00538766908755761,-1.15999984741211,1,0,0,0,0,"Yahoo Finance",FALSE
2019-12-05,7448.3076171875,149.248992919922,3117.42993164062,8570.7001953125,14.5200004577637,0.0267047677560743,0.0169009348166469,0.00149912692663001,0.000470349124077174,-0.279999732971191,1,0,0,0,0,"Yahoo Finance",FALSE
2019-12-06,7546.99658203125,149.194442749023,3145.90991210938,8656.5302734375,13.6199998855591,0.0131628393042842,-0.000365564559217546,0.00909424603042552,0.00996454867981811,-0.90000057220459,1,0,0,0,0,"Yahoo Finance",FALSE
2019-12-09,7400.8994140625,148.225173950195,3135.9599609375,8621.830078125,15.8599996566772,-0.0195481451462598,-0.00651787693773542,-0.0031678336844756,-0.00401661283344978,2.23999977111816,3,1,0,0,0,"Yahoo Finance",FALSE
2019-12-10,7278.11962890625,146.267044067383,3132.52001953125,8616.1796875,15.6800003051758,-0.0167289991526953,-0.0132985431944679,-0.00109753616898267,-0.000655573457050806,-0.179999351501465,1,0,0,0,0,"Yahoo Finance",FALSE
2019-12-11,7217.42724609375,143.608001708984,3141.6298828125,8654.0498046875,14.9899997711182,-0.00837398381717058,-0.0183466426842003,0.00290393752935003,0.0043856021603581,-0.690000534057617,1,0,0,0,0,"Yahoo Finance",FALSE
2019-12-12,7243.13427734375,145.60400390625,3168.57006835938,8717.3203125,13.9399995803833,0.00355547165846382,0.0138032574714861,0.00853866737555542,0.00728449018891908,-1.05000019073486,1,0,0,0,0,"Yahoo Finance",FALSE
2019-12-13,7269.6845703125,144.944747924805,3168.80004882812,8734.8798828125,12.6300001144409,0.00365887879775428,-0.00453801373201301,7.25791502151907e-05,0.00201230515825124,-1.30999946594238,1,0,0,0,0,"Yahoo Finance",FALSE
2019-12-16,6932.48046875,133.614028930664,3191.44995117188,8814.23046875,12.1400003433228,-0.0474952215936781,-0.0813973584528362,0.00712236094254237,0.0090433218701591,-0.489999771118164,3,1,0,0,0,"Yahoo Finance",FALSE
2019-12-17,6640.51513671875,122.603889465332,3192.52001953125,8823.3603515625,12.289999961853,-0.0430281398477508,-0.0859965147172828,0.000335236028460528,0.00103527559074834,0.149999618530273,1,0,0,0,0,"Yahoo Finance",FALSE
2019-12-18,7276.802734375,133.092193603516,3191.13989257812,8827.740234375,12.5799999237061,0.0915020395898463,0.0820833252303821,-0.000432393640522832,0.000496273065929032,0.289999961853027,1,0,0,0,0,"Yahoo Finance",FALSE
2019-12-19,7202.84423828125,129.321136474609,3205.3701171875,8887.2197265625,12.5,-0.0102155997884914,-0.0287433321694275,0.00444937882186558,0.00671519617676886,-0.0799999237060547,1,0,0,0,0,"Yahoo Finance",FALSE
2019-12-20,7218.81640625,129.066055297852,3221.21997070312,8924.9599609375,12.5100002288818,0.00221502570235721,-0.00197441102148499,0.00493259580433403,0.00423758254324369,0.0100002288818359,1,0,0,0,0,"Yahoo Finance",FALSE
2019-12-23,7355.62841796875,128.61408996582,3224.01000976562,8945.650390625,12.6099996566772,0.0187747845098709,-0.00350795980071261,0.000865768714298554,0.00231558279493527,0.0999994277954102,3,1,0,0,0,"Yahoo Finance",FALSE
2019-12-24,7322.5322265625,129.063888549805,3223.3798828125,8952.8798828125,12.6700000762939,-0.00450959058098199,0.00349117175966107,-0.000195467302468444,0.000807830863228887,0.0600004196166992,1,0,0,0,0,"Yahoo Finance",FALSE
2019-12-26,7238.966796875,126.361221313477,3239.90991210938,9022.3896484375,12.6499996185303,-0.0114777121428684,-0.0211629006008911,0.00511506241005399,0.00773397160772227,-0.0200004577636719,2,1,0,0,0,"Yahoo Finance",FALSE
2019-12-27,7290.08837890625,127.21460723877,3240.02001953125,9006.6201171875,13.4300003051758,0.00703718065386205,0.00673083985957046,3.39841396570506e-05,-0.00174935123742692,0.780000686645508,1,0,0,0,0,"Yahoo Finance",FALSE
2019-12-30,7292.9951171875,132.633483886719,3221.2900390625,8945.990234375,14.8199996948242,0.000398645227605243,0.0417140827782827,-0.00579759607934882,-0.00675446212373032,1.38999938964844,3,1,0,0,0,"Yahoo Finance",FALSE
2019-12-31,7193.59912109375,129.610855102539,3230.78002929688,8972.599609375,13.7799997329712,-0.0137226948232403,-0.0230530249559733,0.00294169064419059,0.00297003221708181,-1.03999996185303,1,0,0,0,0,"Yahoo Finance",FALSE
2020-01-02,6985.47021484375,127.410179138184,3257.85009765625,9092.1904296875,12.4700002670288,-0.0293593114134794,-0.0171248999277402,0.00834389536231583,0.0132404049152299,-1.30999946594238,2,1,0,0,0,"Yahoo Finance",TRUE
2020-01-03,7344.88427734375,134.17170715332,3234.85009765625,9020.76953125,14.0200004577637,0.0501717459600322,0.0517087373393084,-0.00708490936495387,-0.00788620620189384,1.55000019073486,1,0,0,0,0,"Yahoo Finance",TRUE
2020-01-06,7769.21923828125,144.304153442383,3246.28002929688,9071.4697265625,13.8500003814697,0.0561656209922461,0.0728028724206471,0.00352714519427266,0.00560464929813875,-0.170000076293945,3,1,0,0,0,"Yahoo Finance",TRUE
2020-01-07,8163.6923828125,143.543991088867,3237.17993164062,9068.580078125,13.789999961853,0.0495268893264047,-0.00528170241917536,-0.0028071750845946,-0.000318593222516483,-0.0600004196166992,1,0,0,0,0,"Yahoo Finance",TRUE
2020-01-08,8079.86279296875,141.25813293457,3253.05004882812,9129.240234375,13.4499998092651,-0.0103216732028049,-0.0160525996640857,0.00489047348564142,0.00666677435897967,-0.340000152587891,1,0,0,0,0,"Yahoo Finance",TRUE
2020-01-09,7879.0712890625,138.979202270508,3274.69995117188,9203.4296875,12.539999961853,-0.0251648511144182,-0.0162646486840963,0.00663321411690632,0.00809373194891982,-0.909999847412109,1,0,0,0,0,"Yahoo Finance",TRUE
2020-01-10,8166.55419921875,143.963775634766,3265.35009765625,9178.8603515625,12.5600004196167,0.035837017057327,0.0352374118553209,-0.00285926248750634,-0.00267315448900263,0.0200004577636719,1,0,0,0,0,"Yahoo Finance",TRUE
2020-01-13,8144.1943359375,144.226593017578,3288.1298828125,9273.9296875,12.3199996948242,-0.00274173527227894,0.00182391560759232,0.00695199404593438,0.0103041520447231,-0.24000072479248,3,1,0,0,0,"Yahoo Finance",TRUE
2020-01-14,8827.7646484375,165.955352783203,3283.14990234375,9251.330078125,12.3900003433228,0.0805965063783667,0.140333167597574,-0.00151568083689568,-0.00243987084360953,0.0700006484985352,1,0,0,0,0,"Yahoo Finance",TRUE
2020-01-15,8807.0107421875,166.230682373047,3289.2900390625,9258.7001953125,12.4200000762939,-0.00235374881413541,0.00165768348908912,0.00186845024368765,0.000796337711834738,0.0299997329711914,1,0,0,0,0,"Yahoo Finance",TRUE
2020-01-16,8723.7861328125,164.391006469727,3316.81005859375,9357.1298828125,12.3199996948242,-0.0094947463248598,-0.0111287005785892,0.00833174742223264,0.0105749358864884,-0.100000381469727,1,0,0,0,0,"Yahoo Finance",TRUE
2020-01-17,8929.0380859375,170.77995300293,3329.6201171875,9388.9404296875,12.1000003814697,0.0232553387156411,0.03812812733499,0.0038547232474837,0.00339383954908001,-0.219999313354492,1,0,0,0,0,"Yahoo Finance",TRUE
2020-01-21,8745.89453125,169.697158813477,3320.7900390625,9370.8095703125,12.8500003814697,-0.0207242781123789,-0.00636047359600944,-0.00265550036958473,-0.0019329537995123,0.75,4,1,0,0,0,"Yahoo Finance",TRUE
2020-01-22,8680.8759765625,168.294158935547,3321.75,9383.76953125,12.9099998474121,-0.00746195129476668,-0.00830203536353302,0.000289034296681479,0.00138205852876716,0.0599994659423828,1,0,0,0,0,"Yahoo Finance",TRUE
2020-01-23,8406.515625,162.928558349609,3325.5400390625,9402.48046875,12.9799995422363,-0.0321153677231969,-0.0324015819342467,0.00114032619335802,0.00199198282649071,0.0699996948242188,1,0,0,0,0,"Yahoo Finance",TRUE
2020-01-24,8445.4345703125,163.051177978516,3295.46997070312,9314.91015625,14.5600004196167,0.0046189330082953,0.000752314460221726,-0.00908328942619363,-0.00935717517479162,1.58000087738037,1,0,0,0,0,"Yahoo Finance",TRUE
2020-01-27,8909.8193359375,170.930892944336,3243.6298828125,9139.3095703125,18.2299995422363,0.0535279569027249,0.0471952131345867,-0.0158557523568437,-0.0190315156856098,3.66999912261963,3,1,0,0,0,"Yahoo Finance",TRUE
2020-01-28,9358.58984375,176.370315551758,3276.23999023438,9269.6796875,16.2800006866455,0.0491406566935488,0.0313265102373874,0.0100033835003526,0.0141639820533275,-1.94999885559082,1,0,0,0,0,"Yahoo Finance",TRUE
2020-01-29,9316.6298828125,175.050338745117,3273.39990234375,9275.16015625,16.3899993896484,-0.00449365867281415,-0.00751226769482294,-0.000867250143585352,0.000591050551605576,0.10999870300293,1,0,0,0,0,"Yahoo Finance",TRUE
2020-01-30,9508.9931640625,184.690475463867,3283.65991210938,9298.9296875,15.4899997711182,0.0204370369180804,0.0536077357410134,0.00312945693021049,0.00255943030592753,-0.899999618530273,1,0,0,0,0,"Yahoo Finance",TRUE
2020-01-31,9350.529296875,180.160171508789,3225.52001953125,9150.9404296875,18.8400001525879,-0.0168050486759412,-0.0248350213420316,-0.0178644435713622,-0.0160426529637316,3.35000038146973,1,0,0,0,0,"Yahoo Finance",TRUE
2020-02-03,9293.521484375,189.86506652832,3248.919921875,9273.400390625,17.9699993133545,-0.00611540816259826,0.0524673467679282,0.00722842576123206,0.0132934757902952,-0.870000839233398,3,1,0,0,0,"Yahoo Finance",TRUE
2020-02-04,9180.962890625,189.250595092773,3297.59008789062,9467.9697265625,16.0499992370605,-0.012185453649078,-0.00324160690693898,0.0148693159175064,0.0207643652015186,-1.92000007629395,1,0,0,0,0,"Yahoo Finance",TRUE
2020-02-05,9613.423828125,204.230239868164,3334.68994140625,9508.6796875,15.1499996185303,0.0460283479927526,0.0761759474362567,0.0111877786589734,0.00429053859833139,-0.899999618530273,1,0,0,0,0,"Yahoo Finance",TRUE
2020-02-06,9729.8017578125,212.339080810547,3345.78002929688,9572.150390625,14.960000038147,0.0120330844939431,0.0389364504907377,0.00332015505700234,0.00665284864108528,-0.189999580383301,1,0,0,0,0,"Yahoo Finance",TRUE
2020-02-07,9795.943359375,222.726058959961,3327.7099609375,9520.509765625,15.4700002670288,0.00677483539277191,0.047758146438774,-0.00541549100945993,-0.00540948725901558,0.510000228881836,1,0,0,0,0,"Yahoo Finance",TRUE
2020-02-10,9856.611328125,223.522705078125,3352.09008789062,9628.3896484375,15.039999961853,0.00617407379675505,0.00357041645225209,0.00729969012057374,0.011267595263293,-0.430000305175781,3,1,0,0,0,"Yahoo Finance",TRUE
2020-02-11,10208.236328125,235.851196289062,3357.75,9638.9404296875,15.1800003051758,0.0350524467462705,0.0536880843524603,0.00168704868600322,0.00109519920630596,0.140000343322754,1,0,0,0,0,"Yahoo Finance",TRUE
2020-02-12,10326.0546875,265.406127929688,3379.44995117188,9725.9599609375,13.7399997711182,0.0114754049400521,0.118060129079838,0.00644185310520307,0.00898740662053932,-1.44000053405762,1,0,0,0,0,"Yahoo Finance",TRUE
2020-02-13,10214.3798828125,268.099243164062,3373.93994140625,9711.9697265625,14.1499996185303,-0.0108737626421842,0.0100960112339994,-0.00163177635998935,-0.00143947807360867,0.409999847412109,1,0,0,0,0,"Yahoo Finance",TRUE
2020-02-14,10312.1162109375,284.217498779297,3380.15991210938,9731.1796875,13.6800003051758,0.00952301516070087,0.0583825635503921,0.00184183609848532,0.00197601394496871,-0.469999313354492,1,0,0,0,0,"Yahoo Finance",TRUE
2020-02-18,10141.99609375,281.944580078125,3370.2900390625,9732.740234375,14.8299999237061,-0.0166347028422145,-0.00802925874799421,-0.00292421398614806,0.000160352784495998,1.14999961853027,4,1,0,0,0,"Yahoo Finance",TRUE
2020-02-19,9633.38671875,259.763977050781,3386.14990234375,9817.1796875,14.3800001144409,-0.0514499840432894,-0.0819370889196813,0.00469474828428496,0.00863839632568997,-0.449999809265137,1,0,0,0,0,"Yahoo Finance",TRUE
2020-02-20,9608.4755859375,257.949462890625,3373.22998046875,9750.9697265625,15.5600004196167,-0.0025892656683304,-0.00700975269362036,-0.00382281742799684,-0.00676714105208909,1.18000030517578,1,0,1,0,0,"Yahoo Finance",TRUE
2020-02-21,9686.44140625,265.600616455078,3337.75,9576.58984375,17.0799999237061,0.00808153200971162,0.0292300531244134,-0.0105738092328203,-0.0180451767925156,1.51999950408936,1,0,1,0,0,"Yahoo Finance",TRUE
2020-02-24,9650.1748046875,265.216430664062,3225.88989257812,9221.2802734375,25.0300006866455,-0.00375108485283882,-0.00144752645071833,-0.0340880794204406,-0.0378076761871391,7.95000076293945,3,1,1,0,0,"Yahoo Finance",TRUE
2020-02-25,9341.705078125,247.817596435547,3128.2099609375,8965.6103515625,27.8500003814697,-0.0324872375384526,-0.0678532348296832,-0.0307479043753531,-0.0281176998772708,2.81999969482422,1,0,1,0,0,"Yahoo Finance",TRUE
2020-02-26,8820.5224609375,225.680267333984,3116.38989257812,8980.7802734375,27.5599994659424,-0.0574076879254886,-0.0935737260456442,-0.00378569732352929,0.00169058233547226,-0.290000915527344,1,0,1,0,0,"Yahoo Finance",TRUE
2020-02-27,8784.494140625,226.753387451172,2978.76000976562,8566.48046875,39.1599998474121,-0.00409296638844836,0.00474377676480398,-0.0451681363522622,-0.0472298008457024,11.6000003814697,1,0,1,0,0,"Yahoo Finance",TRUE
2020-02-28,8672.455078125,226.760498046875,2954.21997070312,8567.3701171875,40.1100006103516,-0.0128362177683368,3.13577860833192e-05,-0.00827246310965268,0.000103846877131275,0.950000762939453,1,0,1,0,0,"Yahoo Finance",TRUE
2020-03-02,8869.669921875,230.569778442383,3090.22998046875,8952.169921875,33.4199981689453,0.0224856627211754,0.0166591572405324,0.0450108687694133,0.0439351375635582,-6.69000244140625,3,1,1,0,0,"Yahoo Finance",TRUE
2020-03-03,8787.7861328125,224.479629516602,3003.3701171875,8684.08984375,36.8199996948242,-0.00927476481175482,-0.0267685771098316,-0.028510484922915,-0.0304033544148972,3.40000152587891,1,0,1,0,0,"Yahoo Finance",TRUE
2020-03-04,8755.24609375,224.517974853516,3130.1201171875,9018.08984375,31.9899997711182,-0.003709743670397,0.000170804194205232,0.041336349360634,0.0377399448054518,-4.82999992370605,1,0,1,0,0,"Yahoo Finance",TRUE
2020-03-05,9078.7626953125,229.268188476562,3023.93994140625,8738.58984375,39.6199989318848,0.0362848420114208,0.0209366768967252,-0.0345107824399822,-0.0314837111215009,7.6299991607666,1,0,1,0,0,"Yahoo Finance",TRUE
2020-03-06,9122.5458984375,243.525299072266,2972.3701171875,8575.6201171875,41.939998626709,0.0048110043680758,0.0603283877164715,-0.0172009436523854,-0.0188255242307847,2.31999969482422,1,0,1,0,0,"Yahoo Finance",TRUE
2020-03-09,7923.64453125,201.986328125,2746.56005859375,7950.68017578125,54.4599990844727,-0.140897652591422,-0.187020822191902,-0.0790104129403719,-0.0756658256019236,12.5200004577637,3,1,1,0,0,"Yahoo Finance",TRUE
2020-03-10,7909.7294921875,200.767242431641,2882.22998046875,8344.25,47.2999992370605,-0.00175768508018415,-0.00605377335216328,0.0482150524258591,0.0483151971902007,-7.15999984741211,1,0,1,0,0,"Yahoo Finance",TRUE
2020-03-11,7911.43017578125,194.868530273438,2741.3798828125,7952.0498046875,53.9000015258789,0.00021498848832735,-0.0298211117487215,-0.0501028928086056,-0.0481429463991319,6.60000228881836,1,0,1,0,0,"Yahoo Finance",TRUE
2020-03-12,4970.7880859375,112.347122192383,2480.63989257812,7201.7998046875,75.4700012207031,-0.464730175339774,-0.550731743822011,-0.0999448524024729,-0.099098764842326,21.5699996948242,1,0,1,0,0,"Yahoo Finance",TRUE
2020-03-13,5563.70703125,133.201812744141,2711.02001953125,7874.8798828125,57.8300018310547,0.112686222197546,0.170271983565693,0.0888084069492354,0.0893469639619173,-17.6399993896484,1,0,1,0,0,"Yahoo Finance",TRUE
2020-03-16,5014.47998046875,110.60587310791,2386.1298828125,6904.58984375,82.6900024414062,-0.103934895124846,-0.185892177284067,-0.127652197472817,-0.13149154641355,24.8600006103516,3,1,1,0,0,"Yahoo Finance",TRUE
2020-03-17,5225.62939453125,113.942749023438,2529.18994140625,7334.77978515625,75.9100036621094,0.0412455256701918,0.0297229307804061,0.0582263126356919,0.0604410034650478,-6.77999877929688,1,0,1,0,0,"Yahoo Finance",TRUE
2020-03-18,5238.4384765625,114.842269897461,2398.10009765625,6989.83984375,76.4499969482422,0.0024482043860683,0.00786350009620485,-0.0532222723320803,-0.0481697448834399,0.539993286132812,1,0,1,0,0,"Yahoo Finance",TRUE
2020-03-19,6191.19287109375,136.593856811523,2409.38989257812,7150.580078125,72,0.167104324249614,0.173452353231748,0.00469676097040139,0.0227358394355264,-4.44999694824219,1,0,1,0,0,"Yahoo Finance",TRUE
2020-03-20,6198.7783203125,132.737167358398,2304.919921875,6879.52001953125,66.0400009155273,0.00122445000868687,-0.0286409863121442,-0.0443276240533672,-0.038644598314189,-5.95999908447266,1,0,1,0,0,"Yahoo Finance",TRUE
2020-03-23,6416.31494140625,134.911605834961,2237.39990234375,6860.669921875,61.5900001525879,0.0344917287128048,0.0162488046729328,-0.0297315010095769,-0.00274379168884131,-4.45000076293945,3,1,1,0,0,"Yahoo Finance",TRUE
2020-03-24,6734.8037109375,138.761444091797,2447.330078125,7417.85986328125,61.6699981689453,0.0484447085736406,0.0281364367771291,0.0896832325179631,0.0780854942269524,0.0799980163574219,1,0,1,0,0,"Yahoo Finance",TRUE
2020-03-25,6681.06298828125,136.195892333984,2475.56005859375,7384.2998046875,63.9500007629395,-0.00801155993972102,-0.0186619949805253,0.0114689904208225,-0.00453448913544285,2.28000259399414,1,0,1,0,0,"Yahoo Finance",TRUE
2020-03-26,6716.4404296875,138.361557006836,2630.07006835938,7797.5400390625,61,0.00528121136141735,0.0157760031218288,0.0605438310742468,0.0544522060343251,-2.95000076293945,1,0,1,0,0,"Yahoo Finance",TRUE
2020-03-27,6469.79833984375,133.937942504883,2541.46997070312,7502.3798828125,65.5400009155273,-0.0374133766993126,-0.0324936602629,-0.0342678455416268,-0.0385880164295855,4.54000091552734,1,0,1,0,0,"Yahoo Finance",TRUE
2020-03-30,6429.841796875,132.904541015625,2626.64990234375,7774.14990234375,57.0800018310547,-0.00619500549366769,-0.00774544324372872,0.0329665905699752,0.0355838268524238,-8.45999908447266,3,1,1,0,0,"Yahoo Finance",TRUE
2020-03-31,6438.64453125,133.593566894531,2584.59008789062,7700.10009765625,53.5400009155273,0.00136810740961479,0.00517097415534629,-0.0161423107884158,-0.00957078629764574,-3.54000091552734,1,0,1,0,0,"Yahoo Finance",TRUE
2020-04-01,6606.7763671875,135.634552001953,2470.5,7360.580078125,57.060001373291,0.0257778031656759,0.0151620433660113,-0.0451463627327868,-0.045094583873075,3.52000045776367,1,0,1,0,0,"Yahoo Finance",TRUE
2020-04-02,6793.62451171875,142.029144287109,2526.89990234375,7487.31005859375,50.9099998474121,0.0278887559659609,0.0460681266784597,0.0225726570569602,0.0170708507216144,-6.15000152587891,1,0,1,0,0,"Yahoo Finance",TRUE
2020-04-03,6733.38720703125,142.09130859375,2488.64990234375,7373.080078125,46.7999992370605,-0.00890628382934722,0.000437591218810596,-0.015252860825945,-0.0153740553745632,-4.11000061035156,1,0,1,0,0,"Yahoo Finance",TRUE
2020-04-06,7271.78125,169.135879516602,2663.67993164062,7913.240234375,45.2400016784668,0.0769229585383311,0.174232543460343,0.067968244144831,0.0707017956774401,-1.55999755859375,3,1,1,0,0,"Yahoo Finance",TRUE
2020-04-07,7176.41455078125,165.101943969727,2659.40991210938,7887.259765625,46.7000007629395,-0.0132013831407587,-0.0241392873243749,-0.0016043390483631,-0.00328856582565962,1.45999908447266,1,0,1,0,0,"Yahoo Finance",TRUE
2020-04-08,7334.0986328125,172.641738891602,2749.97998046875,8090.89990234375,43.3499984741211,0.0217346261162099,0.0446554484600465,0.0334893711912851,0.0254911914712288,-3.35000228881836,1,0,1,0,0,"Yahoo Finance",TRUE
2020-04-09,7302.08935546875,170.807144165039,2789.82006835938,8153.580078125,41.6699981689453,-0.00437399798396143,-0.0106834656715762,0.0143834703036996,0.00771714292228687,-1.68000030517578,1,0,1,0,0,"Yahoo Finance",TRUE
2020-04-13,6845.03759765625,156.279556274414,2761.6298828125,8192.419921875,41.1699981689453,-0.064636568837555,-0.0888886772596464,-0.010156059444677,0.00475222278787868,-0.5,4,1,1,0,0,"Yahoo Finance",TRUE
2020-04-14,6842.427734375,157.596389770508,2846.06005859375,8515.740234375,37.7599983215332,-0.00038135085635993,0.00839083872962387,0.0301145595723069,0.0387069163441947,-3.40999984741211,1,0,1,0,0,"Yahoo Finance",TRUE
2020-04-15,6642.10986328125,153.286895751953,2783.36010742188,8393.1796875,40.8400001525879,-0.0297129370766829,-0.027725968459908,-0.0222767326723687,-0.0144968092405335,3.08000183105469,1,0,1,0,0,"Yahoo Finance",TRUE
2020-04-16,7116.80419921875,172.157379150391,2799.55004882812,8532.3603515625,40.1100006103516,0.0690291127264349,0.116097752367108,0.00579983783954141,0.0164466009336426,-0.729999542236328,1,0,1,0,0,"Yahoo Finance",TRUE
2020-04-17,7096.1845703125,171.638580322266,2874.56005859375,8650.1396484375,38.1500015258789,-0.00290152109548281,-0.00301806468418064,0.0264409320213206,0.0137094301262906,-1.95999908447266,1,0,1,0,0,"Yahoo Finance",TRUE
2020-04-20,6881.95849609375,172.297164916992,2823.15991210938,8560.73046875,43.8300018310547,-0.0306539785757352,0.00382970022032225,-0.0180428456153479,-0.010389943494344,5.68000030517578,3,1,1,0,0,"Yahoo Finance",TRUE
2020-04-21,6880.3232421875,172.737701416016,2736.56005859375,8263.23046875,45.4099998474121,-0.000237642848045283,0.00255357809540513,-0.0311551152363307,-0.0353699126615066,1.57999801635742,1,0,1,0,0,"Yahoo Finance",TRUE
2020-04-22,7117.20751953125,182.599578857422,2799.31005859375,8495.3798828125,41.9799995422363,0.0338498124617335,0.0555213946388013,0.0226713005821368,0.027706863538933,-3.43000030517578,1,0,1,0,0,"Yahoo Finance",TRUE
2020-04-23,7429.724609375,185.028671264648,2797.80004882812,8494.75,41.3800010681152,0.042973347176261,0.0132151310876996,-0.000539567660196028,-7.41469096627867e-05,-0.599998474121094,1,0,1,0,0,"Yahoo Finance",TRUE
2020-04-24,7550.90087890625,189.236938476562,2836.73999023438,8634.51953125,35.9300003051758,0.0161780844964259,0.0224890797597537,0.0138220905668396,0.0163197424263792,-5.45000076293945,1,0,1,0,0,"Yahoo Finance",TRUE
2020-04-27,7795.60107421875,197.224716186523,2878.47998046875,8730.16015625,33.2900009155273,0.0318927319117055,0.0413438973072795,0.014606868181736,0.0110156471459391,-2.63999938964844,3,1,1,0,0,"Yahoo Finance",TRUE
2020-04-28,7807.05859375,198.415390014648,2863.38989257812,8607.73046875,33.5699996948242,0.00146866262990208,0.00601899253453642,-0.00525617019048408,-0.0141230239738821,0.279998779296875,1,0,1,0,0,"Yahoo Finance",TRUE
2020-04-29,8801.0380859375,216.968231201172,2939.51000976562,8914.7099609375,31.2299995422363,0.119841406444289,0.0893881803476599,0.0262367040450737,0.0350420257460904,-2.34000015258789,1,0,1,0,0,"Yahoo Finance",TRUE
2020-04-30,8658.5537109375,207.60205078125,2912.42993164062,8889.5498046875,34.1500015258789,-0.016321978185923,-0.0441279130629946,-0.00925514331905486,-0.00282630935849504,2.92000198364258,1,0,1,0,0,"Yahoo Finance",TRUE
2020-05-01,8864.7666015625,214.219100952148,2830.7099609375,8604.9501953125,37.189998626709,0.0235369104465697,0.0313762977186638,-0.0284602110147762,-0.032538765831891,3.03999710083008,1,0,0,0,0,"Yahoo Finance",TRUE
2020-05-04,8912.654296875,208.174011230469,2842.73999023438,8710.7099609375,35.9700012207031,0.00538748690425273,-0.0286250050769254,0.00424082257884972,0.0122156567881415,-1.21999740600586,3,1,0,0,0,"Yahoo Finance",TRUE
2020-05-05,9003.0703125,206.774398803711,2868.43994140625,8809.1201171875,33.6100006103516,0.0100935669896458,-0.00674598432354934,0.00899993519777986,0.0112342632122466,-2.36000061035156,1,0,0,0,0,"Yahoo Finance",TRUE
2020-05-06,9268.76171875,204.055786132812,2848.419921875,8854.3896484375,34.1199989318848,0.0290841262398249,-0.0132349201877204,-0.00700388039904265,0.00512577975349515,0.509998321533203,1,0,0,0,0,"Yahoo Finance",TRUE
2020-05-07,9951.5185546875,212.289413452148,2881.18994140625,8979.66015625,31.4400005340576,0.0710753668546626,0.0395570835886501,0.0114389557548904,0.0140486955594472,-2.67999839782715,1,0,0,0,0,"Yahoo Finance",TRUE
2020-05-08,9842.666015625,212.991577148438,2929.80004882812,9121.3203125,27.9799995422363,-0.0109985471722904,0.00330211953903614,0.016730795065226,0.0156525276329749,-3.46000099182129,1,0,0,0,0,"Yahoo Finance",TRUE
2020-05-11,8601.7958984375,185.912841796875,2930.18994140625,9192.33984375,27.5699996948242,-0.134755604056558,-0.135974649623984,0.000133069366791361,0.00775594683498504,-0.409999847412109,3,1,0,0,0,"Yahoo Finance",TRUE
2020-05-12,8804.4775390625,189.3125,2870.1201171875,9002.5498046875,33.0400009155273,0.0232893964825251,0.0181211173879445,-0.020713365772048,-0.0208626627073532,5.47000122070312,1,0,0,0,0,"Yahoo Finance",TRUE
2020-05-13,9269.9873046875,199.193283081055,2820,8863.169921875,35.2799987792969,0.0515216067309936,0.050876536321911,-0.0176169966242803,-0.015603369220992,2.23999786376953,1,0,0,0,0,"Yahoo Finance",TRUE
2020-05-14,9733.7216796875,202.949096679688,2852.5,8943.7197265625,32.6100006103516,0.048814308336528,0.0186795672155853,0.011458917804072,0.00904709982416563,-2.66999816894531,1,0,0,0,0,"Yahoo Finance",TRUE
2020-05-15,9328.197265625,195.622665405273,2863.69995117188,9014.5595703125,31.8899993896484,-0.0425545413366315,-0.0367675651322967,0.0039186752037228,0.00788942080905031,-0.720001220703125,1,0,0,0,0,"Yahoo Finance",TRUE
2020-05-18,9726.5751953125,214.525054931641,2953.90991210938,9234.830078125,29.2999992370605,0.0418200731276244,0.0922389105622168,0.0310152087700732,0.0241412134568026,-2.59000015258789,3,1,0,0,0,"Yahoo Finance",TRUE
2020-05-19,9729.0380859375,213.451110839844,2922.93994140625,9185.099609375,30.5300006866455,0.000253180468027026,-0.00501872034873063,-0.0105397477115989,-0.00539965031604694,1.23000144958496,1,0,0,0,0,"Yahoo Finance",TRUE
2020-05-20,9522.9814453125,210.096740722656,2971.61010742188,9375.7802734375,27.9899997711182,-0.0214070538650404,-0.0158397226566835,0.0165139906134151,0.0205472341638036,-2.54000091552734,1,0,0,0,0,"Yahoo Finance",TRUE
2020-05-21,9081.76171875,199.883605957031,2948.51000976562,9284.8798828125,29.5300006866455,-0.0474397811200529,-0.0498328678266615,-0.00780396830995311,-0.00974253953104132,1.54000091552734,1,0,0,0,0,"Yahoo Finance",TRUE
2020-05-22,9182.5771484375,207.169189453125,2955.44995117188,9324.58984375,28.1599998474121,0.0110397046754223,0.0358005728551021,0.00235094568681227,0.00426772194933456,-1.3700008392334,1,0,0,0,0,"Yahoo Finance",TRUE
2020-05-26,8835.052734375,201.902313232422,2991.77001953125,9340.2197265625,28.0100002288818,-0.0385808258006755,-0.0257518172071487,0.0122142850214599,0.00167479731384645,-0.149999618530273,4,1,0,0,0,"Yahoo Finance",TRUE
2020-05-27,9181.017578125,208.863433837891,3036.1298828125,9412.3603515625,27.6200008392334,0.0384109712226941,0.0338966292048859,0.0147184474903153,0.00769397923664172,-0.389999389648438,1,0,0,0,0,"Yahoo Finance",TRUE
2020-05-28,9525.7509765625,219.840423583984,3029.72998046875,9368.990234375,28.5900001525879,0.0368607148089737,0.0512213240395365,-0.00211013932491966,-0.00461843189381916,0.969999313354492,1,0,0,0,0,"Yahoo Finance",TRUE
2020-05-29,9439.1240234375,220.67512512207,3044.31005859375,9489.8701171875,27.5100002288818,-0.00913557886418559,0.00378966208799714,0.00480079355230778,0.0128196016118185,-1.07999992370605,1,0,0,0,0,"Yahoo Finance",TRUE
2020-06-01,10167.2685546875,246.991760253906,3055.72998046875,9552.0498046875,28.2299995422363,0.0743104135689059,0.112663378872448,0.00374421647836343,0.00653084444866003,0.719999313354492,3,1,0,0,0,"Yahoo Finance",TRUE
2020-06-02,9529.8037109375,237.219055175781,3080.82006835938,9608.3798828125,26.8400001525879,-0.0647494748028361,-0.0403709790852895,0.00817730728240029,0.00587985147866377,-1.38999938964844,1,0,0,0,0,"Yahoo Finance",TRUE
2020-06-03,9656.7177734375,244.179321289062,3122.8701171875,9682.91015625,25.6599998474121,0.0132296949908959,0.0289188809948042,0.0135566708125623,0.00772686990889504,-1.18000030517578,1,0,0,0,0,"Yahoo Finance",TRUE
2020-06-04,9800.63671875,244.426391601562,3112.35009765625,9615.8095703125,25.8099994659424,0.0147935393856518,0.00101132805875981,-0.00337438908360888,-0.00695391790610422,0.149999618530273,1,0,0,0,0,"Yahoo Finance",TRUE
2020-06-05,9665.533203125,241.221984863281,3193.92993164062,9814.080078125,24.5200004577637,-0.0138810752726641,-0.0131965981868589,0.025874012821637,0.0204095230384418,-1.28999900817871,1,0,0,0,0,"Yahoo Finance",TRUE
2020-06-08,9771.4892578125,246.309906005859,3232.38989257812,9924.75,25.8099994659424,0.0109026065544136,0.0208729150292983,0.0119696564058049,0.0112135401240092,1.28999900817871,3,1,0,0,0,"Yahoo Finance",TRUE
2020-06-09,9795.7001953125,244.91145324707,3207.17993164062,9953.75,27.5699996948242,0.00247464766602334,-0.00569379368594181,-0.00782974341972142,0.00291772725038619,1.76000022888184,1,0,0,0,0,"Yahoo Finance",TRUE
2020-06-10,9870.0947265625,247.444946289062,3190.13989257812,10020.349609375,27.5699996948242,0.00756591700730525,0.0102913881289677,-0.00532725573518178,0.00666862161370751,0,1,0,0,0,0,"Yahoo Finance",TRUE
2020-06-11,9321.78125,231.702667236328,3002.10009765625,9492.73046875,40.7900009155273,-0.0571557191412833,-0.0657331750632926,-0.0607526929962887,-0.0540916943380552,13.2200012207031,1,0,0,0,0,"Yahoo Finance",TRUE
2020-06-12,9480.84375,237.493209838867,3041.31005859375,9588.8095703125,36.0900001525879,0.016919583790143,0.0246840899477867,0.0129762866052108,0.0100704569280836,-4.70000076293945,1,0,0,0,0,"Yahoo Finance",TRUE
2020-06-15,9450.7021484375,229.928909301758,3066.59008789062,9726.01953125,34.4000015258789,-0.00318427530354448,-0.0323688617611708,0.0082778608181755,0.0142079713345851,-1.68999862670898,3,1,0,0,0,"Yahoo Finance",TRUE
2020-06-16,9538.0244140625,234.416168212891,3124.73999023438,9895.8701171875,33.6699981689453,0.00919733936802558,0.019327861188823,0.0187848528667107,0.0173127900972663,-0.730003356933594,1,0,0,0,0,"Yahoo Finance",TRUE
2020-06-17,9480.2548828125,233.028274536133,3113.48999023438,9910.5302734375,33.4700012207031,-0.006075177257296,-0.00593823619762723,-0.00360679623262961,0.00148034560930554,-0.199996948242188,1,0,0,0,0,"Yahoo Finance",TRUE
2020-06-18,9411.8408203125,232.101165771484,3115.34008789062,9943.0498046875,32.939998626709,-0.00724264397501173,-0.00398646016397297,0.000594043403802758,0.00327593917114477,-0.530002593994141,1,0,0,0,0,"Yahoo Finance",TRUE
2020-06-19,9288.0185546875,227.138290405273,3097.73999023438,9946.1201171875,35.1199989318848,-0.0132433162041465,-0.0216142951570673,-0.00566551356567402,0.000308742148259711,2.18000030517578,1,0,0,0,0,"Yahoo Finance",TRUE
2020-06-22,9648.7177734375,242.533187866211,3117.86010742188,10056.48046875,31.7700004577637,0.0380997912045871,0.0655795173708631,0.00647409329665827,0.0110347123035943,-3.34999847412109,3,1,0,0,0,"Yahoo Finance",TRUE
2020-06-23,9629.658203125,244.142150878906,3131.2900390625,10131.3701171875,31.3700008392334,-0.00197730104916083,0.00661208303169936,0.00429816919148429,0.00741931308149724,-0.399999618530273,1,0,0,0,0,"Yahoo Finance",TRUE
2020-06-24,9313.6103515625,235.7724609375,3050.330078125,9909.169921875,33.8400001525879,-0.0333709232737807,-0.0348834498599047,-0.0261952655956623,-0.0221759793727223,2.46999931335449,1,0,0,0,0,"Yahoo Finance",TRUE
2020-06-25,9264.8134765625,232.944488525391,3083.76000976562,10017,32.2200012207031,-0.00525308149532222,-0.0120670128571838,0.0108998277282168,0.010823066463443,-1.61999893188477,1,0,0,0,0,"Yahoo Finance",TRUE
2020-06-26,9162.91796875,229.668045043945,3009.05004882812,9757.2197265625,34.7299995422363,-0.0110590439869025,-0.014165194538049,-0.0245252042748305,-0.0262761538678173,2.5099983215332,1,0,0,0,0,"Yahoo Finance",TRUE
2020-06-29,9190.8544921875,228.194869995117,3053.23999023438,9874.150390625,31.7800006866455,0.00304422919829861,-0.00643502709682497,0.0145788881135331,0.011912774931627,-2.94999885559082,3,1,0,0,0,"Yahoo Finance",TRUE
2020-06-30,9137.9931640625,226.315002441406,3100.2900390625,10058.76953125,30.4300003051758,-0.00576811763396634,-0.0082721119487541,0.0152923494357555,0.0185245735002937,-1.35000038146973,1,0,0,0,0,"Yahoo Finance",TRUE
2020-07-01,9228.3251953125,231.113418579102,3115.86010742188,10154.6298828125,28.6200008392334,0.00983678469207661,0.0209807346211166,0.0050095639758716,0.00948490338096519,-1.80999946594238,1,0,0,0,0,"Yahoo Finance",TRUE
2020-07-02,9123.41015625,229.392196655273,3130.01000976562,10207.6298828125,27.6800003051758,-0.0114339249180109,-0.00747539175310141,0.00453097047681617,0.0052057208089451,-0.940000534057617,1,0,0,0,0,"Yahoo Finance",TRUE
2020-07-06,9375.474609375,241.510223388672,3179.71997070312,10433.650390625,27.9400005340576,0.0272535407382861,0.051478617276266,0.015756930832163,0.0219007289104187,0.260000228881836,4,1,0,0,0,"Yahoo Finance",TRUE
2020-07-07,9252.27734375,239.075531005859,3145.32006835938,10343.8896484375,29.4300003051758,-0.0132274750284935,-0.0101322737509788,-0.0108774778696432,-0.00864022405257181,1.48999977111816,1,0,0,0,0,"Yahoo Finance",TRUE
2020-07-08,9428.3330078125,246.670013427734,3169.93994140625,10492.5,28.0799999237061,0.0188495850546211,0.031271934070352,0.00779698626343084,0.0142647429841212,-1.35000038146973,1,0,0,0,0,"Yahoo Finance",TRUE
2020-07-09,9277.9677734375,243.015960693359,3152.05004882812,10547.75,29.2600002288818,-0.0160767727161915,-0.0149243423390715,-0.00565959147619566,0.00525185080897472,1.18000030517578,1,0,0,0,0,"Yahoo Finance",TRUE
2020-07-10,9278.8076171875,240.984985351562,3185.0400390625,10617.4404296875,27.2900009155273,9.05161304061153e-05,-0.00839249294522482,0.0104118097744443,0.00658540557691012,-1.96999931335449,1,0,0,0,0,"Yahoo Finance",TRUE
2020-07-13,9243.6142578125,239.604583740234,3155.21997070312,10390.83984375,32.189998626709,-0.00380008639947427,-0.00574463324342389,-0.00940664521605861,-0.0215733388373422,4.89999771118164,3,1,0,0,0,"Yahoo Finance",TRUE
2020-07-14,9243.2138671875,240.211486816406,3197.52001953125,10488.580078125,29.5200004577637,-4.33163139028636e-05,0.00252973352529295,0.0133173005829033,0.00936241990348385,-2.66999816894531,1,0,0,0,0,"Yahoo Finance",TRUE
2020-07-15,9192.8369140625,238.423522949219,3226.56005859375,10550.490234375,27.7600002288818,-0.0054650618081169,-0.00747112997328347,0.00904105693635415,0.00588527287811935,-1.76000022888184,1,0,0,0,0,"Yahoo Finance",TRUE
2020-07-16,9132.2275390625,233.640884399414,3215.57006835938,10473.830078125,28,-0.00661493946327596,-0.0202633459394548,-0.0034119152141141,-0.00729255403752305,0.239999771118164,1,0,0,0,0,"Yahoo Finance",TRUE
2020-07-17,9151.392578125,232.773086547852,3224.72998046875,10503.1904296875,25.6800003051758,0.0020964170070048,-0.00372115291128505,0.00284456258758325,0.00279928893847625,-2.31999969482422,1,0,0,0,0,"Yahoo Finance",TRUE
2020-07-20,9164.2314453125,236.153167724609,3251.84008789062,10767.08984375,24.4599990844727,0.00140195816139865,0.0144165087263062,0.00837179725514048,0.0248151837044617,-1.22000122070312,3,1,0,0,0,"Yahoo Finance",TRUE
2020-07-21,9374.8876953125,245.016723632812,3257.30004882812,10680.3603515625,24.8400001525879,0.0227265724190087,0.0368458576527111,0.00167762933456039,-0.00808767141532307,0.380001068115234,1,0,0,0,0,"Yahoo Finance",TRUE
2020-07-22,9525.36328125,262.190643310547,3276.02001953125,10706.1298828125,24.3199996948242,0.0159234674311861,0.0677454174374938,0.00573063059447243,0.00240988992949376,-0.520000457763672,1,0,0,0,0,"Yahoo Finance",TRUE
2020-07-23,9581.072265625,274.689056396484,3235.65991210938,10461.419921875,26.0799999237061,0.0058314531883763,0.0465678685473332,-0.0123963784122463,-0.0231222664622646,1.76000022888184,1,0,0,0,0,"Yahoo Finance",TRUE
2020-07-24,9536.892578125,279.215423583984,3215.6298828125,10363.1796875,25.8400001525879,-0.00462180640093379,0.0163438574996819,-0.00620964002427549,-0.00943508782908076,-0.239999771118164,1,0,0,0,0,"Yahoo Finance",TRUE
2020-07-27,10990.873046875,321.514099121094,3239.40991210938,10536.26953125,24.7399997711182,0.141897498539661,0.141057785477612,0.00736792882148229,0.0165644366631437,-1.10000038146973,3,1,0,0,0,"Yahoo Finance",TRUE
2020-07-28,10912.8232421875,316.657257080078,3218.43994140625,10402.08984375,25.4400005340576,-0.00712666337212298,-0.015221415901995,-0.00649443541864692,-0.0128168135724351,0.700000762939453,1,0,0,0,0,"Yahoo Finance",TRUE
2020-07-29,11100.4677734375,318.190887451172,3258.43994140625,10542.9404296875,24.1000003814697,0.0170487071772527,0.00483149668985927,0.0123517833517433,0.0134497498800634,-1.34000015258789,1,0,0,0,0,"Yahoo Finance",TRUE
2020-07-30,11111.2138671875,334.586639404297,3246.21997070312,10587.8095703125,24.7600002288818,0.000967607474507304,0.0502443800117005,-0.00375730176345535,0.00424681642262925,0.659999847412109,1,0,0,0,0,"Yahoo Finance",TRUE
2020-07-31,11323.466796875,345.554656982422,3271.1201171875,10745.26953125,24.4599990844727,0.0189224233737271,0.0322549697586778,0.00764123624217561,0.0147623153440239,-0.30000114440918,1,0,0,0,0,"Yahoo Finance",TRUE
2020-08-03,11246.3486328125,386.295166015625,3294.61010742188,10902.7998046875,24.2800006866455,-0.0068337700344383,0.111450928582648,0.0071553626643599,0.01455400494544,-0.179998397827148,3,1,0,0,0,"Yahoo Finance",TRUE
2020-08-04,11205.892578125,389.87548828125,3306.51000976562,10941.169921875,23.7600002288818,-0.00360374700155397,0.00922567128788554,0.00360542302613354,0.00351311205163896,-0.520000457763672,1,0,0,0,0,"Yahoo Finance",TRUE
2020-08-05,11747.0224609375,401.590576171875,3327.77001953125,10998.400390625,22.9899997711182,0.0471600379035362,0.0296056750629123,0.00640916043551698,0.0052171120714064,-0.770000457763672,1,0,0,0,0,"Yahoo Finance",TRUE
2020-08-06,11779.7734375,394.961944580078,3349.15991210938,11108.0703125,22.6499996185303,0.00278414433138607,-0.0166436849701048,0.00640712602066529,0.00992205613198394,-0.340000152587891,1,0,0,0,0,"Yahoo Finance",TRUE
2020-08-07,11601.47265625,379.512847900391,3351.28002929688,11010.98046875,22.2099990844727,-0.0152519020491884,-0.039900966351996,0.000632829269957114,-0.00877889998639603,-0.440000534057617,1,0,0,0,0,"Yahoo Finance",TRUE
2020-08-10,11878.111328125,395.887573242188,3360.46997070312,10968.3603515625,22.1299991607666,0.0235652790024705,0.0422418139188725,0.00273846527339217,-0.0038782028046036,-0.0799999237060547,3,1,0,0,0,"Yahoo Finance",TRUE
2020-08-11,11410.525390625,380.384063720703,3333.68994140625,10782.8203125,24.0300006866455,-0.040161112862787,-0.0399488286765033,-0.00800105540137785,-0.017060640731593,1.90000152587891,1,0,0,0,0,"Yahoo Finance",TRUE
2020-08-12,11584.9345703125,391.024169921875,3380.35009765625,11012.240234375,22.2800006866455,0.0151693007557725,0.0275879374168451,0.0138995022936133,0.0210532469328069,-1.75,1,0,0,0,0,"Yahoo Finance",TRUE
2020-08-13,11784.1376953125,428.741790771484,3373.42993164062,11042.5,22.1299991607666,0.0170488539554157,0.0920854776763536,-0.00204927267615673,0.00274406175643982,-0.150001525878906,1,0,0,0,0,"Yahoo Finance",TRUE
2020-08-14,11768.87109375,437.397827148438,3372.85009765625,11019.2998046875,22.0499992370605,-0.00129636122817622,0.0199882891688281,-0.000171897396278098,-0.00210320137703768,-0.0799999237060547,1,0,0,0,0,"Yahoo Finance",TRUE
2020-08-17,12254.40234375,429.53125,3381.98999023438,11129.73046875,21.3500003814697,0.0404272446288605,-0.0181486427773878,0.00270617750742375,0.00997168523851499,-0.69999885559082,3,1,0,0,0,"Yahoo Finance",TRUE
2020-08-18,11991.2333984375,423.669311523438,3389.78002929688,11210.83984375,21.5100002288818,-0.0217094147549997,-0.0137412725201749,0.00230074041981609,0.00726120508474892,0.159999847412109,1,0,0,0,0,"Yahoo Finance",TRUE
2020-08-19,11758.283203125,406.463775634766,3374.85009765625,11146.4599609375,22.5400009155273,-0.0196178869913659,-0.0414584130919682,-0.00441412334518176,-0.00575919823259241,1.03000068664551,1,0,0,0,0,"Yahoo Finance",TRUE
2020-08-20,11878.3720703125,416.439788818359,3385.51000976562,11264.9501953125,22.7199993133545,0.0101613277417592,0.0242470743071408,0.0031536547683455,0.0105741974838409,0.179998397827148,1,0,0,0,0,"Yahoo Finance",TRUE
2020-08-21,11592.4892578125,389.126342773438,3397.15991210938,11311.7998046875,22.5400009155273,-0.0243618627931248,-0.0678378069879155,0.00343519998297381,0.00415025870617391,-0.179998397827148,1,0,0,0,0,"Yahoo Finance",TRUE
2020-08-24,11774.595703125,408.144195556641,3431.28002929688,11379.7197265625,22.3700008392334,0.0155868934886563,0.0477164529411143,0.00999361536490184,0.00598638840538257,-0.170000076293945,3,1,0,0,0,"Yahoo Finance",TRUE
2020-08-25,11366.134765625,384.001037597656,3443.6201171875,11466.4697265625,22.0300006866455,-0.0353060044085325,-0.0609752777865102,0.00358989974554014,0.00759430075709133,-0.340000152587891,1,0,0,0,0,"Yahoo Finance",TRUE
2020-08-26,11488.36328125,386.466125488281,3478.72998046875,11665.0595703125,23.2700004577637,0.0106963347639653,0.00639896525165806,0.0101440013448428,0.01717091166201,1.23999977111816,1,0,0,0,0,"Yahoo Finance",TRUE
2020-08-27,11323.3974609375,382.632629394531,3484.55004882812,11625.33984375,24.4699993133545,-0.0144634776739618,-0.00996888323289902,0.00167164603180936,-0.00341082729959119,1.19999885559082,1,0,0,0,0,"Yahoo Finance",TRUE
2020-08-28,11542.5,395.874664306641,3508.01000976562,11695.6298828125,22.9599990844727,0.0191647185956025,0.0340223202002061,0.00671000284956946,0.00602807282325735,-1.51000022888184,1,0,0,0,0,"Yahoo Finance",TRUE
2020-08-31,11680.8203125,435.079742431641,3500.31005859375,11775.4599609375,26.4099998474121,0.011912331769496,0.094431673342906,-0.00219737517550911,0.00680244389921825,3.45000076293945,3,1,0,0,0,"Yahoo Finance",TRUE
2020-09-01,11970.478515625,477.051910400391,3526.64990234375,11939.669921875,26.1200008392334,0.0244952878450402,0.0920959815791544,0.00749683142070623,0.0138487612086848,-0.289999008178711,1,0,0,0,0,"Yahoo Finance",TRUE
2020-09-02,11414.0341796875,440.040496826172,3580.84008789062,12056.4404296875,26.5699996948242,-0.0475998283628147,-0.0807585508839841,0.0152490501438702,0.00973252980000261,0.44999885559082,1,0,0,0,0,"Yahoo Finance",TRUE
2020-09-03,10245.296875,385.671936035156,3455.06005859375,11458.099609375,33.5999984741211,-0.108024907829682,-0.131879659473613,-0.0357575941421864,-0.0509021232649314,7.02999877929688,1,0,0,0,0,"Yahoo Finance",TRUE
2020-09-04,10511.8134765625,388.241149902344,3426.9599609375,11313.1298828125,30.75,0.0256809589055749,0.00663956548161249,-0.00816628075427417,-0.0127328816587422,-2.84999847412109,1,0,0,0,0,"Yahoo Finance",TRUE
2020-09-08,10131.5166015625,337.602111816406,3331.84008789062,10847.6904296875,31.4599990844727,-0.0368486967961683,-0.13975864884376,-0.0281488290864669,-0.0420117940200555,0.709999084472656,4,1,0,0,0,"Yahoo Finance",TRUE
2020-09-09,10242.34765625,351.110015869141,3398.9599609375,11141.5595703125,28.8099994659424,0.0108798357097584,0.0392315917972432,0.019944760662181,0.0267300283309595,-2.64999961853027,1,0,0,0,0,"Yahoo Finance",TRUE
2020-09-10,10363.138671875,368.101898193359,3339.18994140625,10919.58984375,29.7099990844727,0.0117242949135239,0.0472601872246914,-0.0177412459253965,-0.0201238125202714,0.899999618530273,1,0,0,0,0,"Yahoo Finance",TRUE
2020-09-11,10400.9150390625,374.695587158203,3340.96997070312,10853.5498046875,26.8700008392334,0.00363863524842145,0.0177541316260452,0.000532930158087197,-0.00606621209854019,-2.83999824523926,1,0,0,0,0,"Yahoo Finance",TRUE
2020-09-14,10680.837890625,377.268859863281,3383.5400390625,11056.650390625,25.8500003814697,0.0265574978308951,0.00684416067846794,0.0126613350250242,0.0185398948162714,-1.02000045776367,3,1,0,0,0,"Yahoo Finance",TRUE
2020-09-15,10796.951171875,364.839202880859,3401.19995117188,11190.3203125,25.5900001525879,0.0108125107428236,-0.0335013729452616,0.00520578593049947,0.0120170545695046,-0.260000228881836,1,0,0,0,0,"Yahoo Finance",TRUE
2020-09-16,10974.9052734375,365.812286376953,3385.48999023438,11050.4697265625,26.0400009155273,0.0163475324262432,0.00266360661880416,-0.00462964689215184,-0.0125762105509946,0.450000762939453,1,0,0,0,0,"Yahoo Finance",TRUE
2020-09-17,10948.990234375,389.019226074219,3357.01000976562,10910.2802734375,26.4599990844727,-0.00236409183058228,0.0615084436698439,-0.0084479495285521,-0.0127674471454693,0.419998168945312,1,0,0,0,0,"Yahoo Finance",TRUE
2020-09-18,10944.5859375,384.364532470703,3319.46997070312,10793.2802734375,25.8299999237061,-0.000402336913788659,-0.0120373611589981,-0.0112455769478288,-0.0107817455245627,-0.629999160766602,1,0,0,0,0,"Yahoo Finance",TRUE
2020-09-21,10462.259765625,341.786071777344,3281.06005859375,10778.7998046875,27.7800006866455,-0.0450704249753056,-0.117406385369653,-0.0116385640272991,-0.0013425196710255,1.95000076293945,3,1,0,0,0,"Yahoo Finance",TRUE
2020-09-22,10538.4599609375,344.503173828125,3315.57006835938,10963.6396484375,26.8600006103516,0.00725694459207382,0.00791828304127851,0.0104630163983774,0.0170030871930056,-0.920000076293945,1,0,0,0,0,"Yahoo Finance",TRUE
2020-09-23,10246.1865234375,321.116302490234,3236.919921875,10632.990234375,28.5799999237061,-0.0281258288104684,-0.070299932700868,-0.0240073389143749,-0.0306228568609956,1.71999931335449,1,0,0,0,0,"Yahoo Finance",TRUE
2020-09-24,10760.06640625,349.355590820312,3246.59008789062,10672.26953125,28.5100002288818,0.0489361364351204,0.0842869177993189,0.00298300555462916,0.00368729053866446,-0.0699996948242188,1,0,0,0,0,"Yahoo Finance",TRUE
2020-09-25,10692.716796875,352.183258056641,3298.4599609375,10913.5595703125,26.3799991607666,-0.00627888978373115,0.00806137123838813,0.0158504392241881,0.0223572686069051,-2.13000106811523,1,0,0,0,0,"Yahoo Finance",TRUE
2020-09-28,10709.65234375,355.159423828125,3351.60009765625,11117.5302734375,26.1900005340576,0.00158258651632792,0.00841511027272901,0.0159821918538547,0.0185171530546615,-0.189998626708984,3,1,0,0,0,"Yahoo Finance",TRUE
2020-09-29,10844.640625,359.757385253906,3335.46997070312,11085.25,26.2700004577637,0.0125255833075162,0.0128631045324772,-0.00482428270444402,-0.00290777062912362,0.0799999237060547,1,0,0,0,0,"Yahoo Finance",TRUE
2020-09-30,10784.4912109375,359.937866210938,3363,11167.509765625,26.3700008392334,-0.00556190323104033,0.000501548288521114,0.00821984256837993,0.00739325289856829,0.100000381469727,1,0,0,0,0,"Yahoo Finance",TRUE
2020-10-01,10619.4521484375,353.205902099609,3380.80004882812,11326.509765625,26.7000007629395,-0.0154216754012211,-0.0188802437441318,0.00527894956429442,0.0141373264096494,0.329999923706055,1,0,0,0,0,"Yahoo Finance",TRUE
2020-10-02,10575.974609375,346.238922119141,3348.419921875,11075.01953125,27.6299991607666,-0.00410254537827548,-0.0199221158414877,-0.00962381286637104,-0.0224538956480647,0.929998397827148,1,0,0,0,0,"Yahoo Finance",TRUE
2020-10-05,10793.33984375,353.956787109375,3408.60009765625,11332.490234375,27.9599990844727,0.0203443804411503,0.0220457722600926,0.0178131090029012,0.0229817626226776,0.329999923706055,3,1,0,0,0,"Yahoo Finance",TRUE
2020-10-06,10604.40625,340.815856933594,3360.96997070312,11154.599609375,29.4799995422363,-0.0176596640622524,-0.0378325129363324,-0.0140720643875234,-0.0158219082334359,1.52000045776367,1,0,0,0,0,"Yahoo Finance",TRUE
2020-10-07,10668.96875,341.808654785156,3419.43994140625,11364.599609375,28.0599994659424,0.00606981245062244,0.00290876912422267,0.0172471637702412,0.0186512926736242,-1.42000007629395,1,0,0,0,0,"Yahoo Finance",TRUE
2020-10-08,10915.685546875,350.766143798828,3446.830078125,11420.98046875,26.3600006103516,0.0228613846473138,0.0258686528766754,0.00797821289486933,0.00494882941315211,-1.69999885559082,1,0,0,0,0,"Yahoo Finance",TRUE
2020-10-09,11064.4580078125,365.590484619141,3477.13989257812,11579.9404296875,25,0.0135371939231899,0.0413940680537417,0.0087550951807529,0.0138222719407892,-1.36000061035156,1,0,0,0,0,"Yahoo Finance",TRUE
2020-10-12,11555.36328125,387.731262207031,3534.21997070312,11876.259765625,25.0699996948242,0.0434116928153578,0.0587986639828761,0.0162825301583247,0.0252671019298809,0.0699996948242188,3,1,0,0,0,"Yahoo Finance",TRUE
2020-10-13,11425.8994140625,381.190765380859,3511.92993164062,11863.900390625,26.0699996948242,-0.0112670255308664,-0.0170125301135675,-0.006326891629163,-0.00104122095514647,1,1,0,0,0,0,"Yahoo Finance",TRUE
2020-10-14,11429.5068359375,379.484039306641,3488.669921875,11768.73046875,26.3999996185303,0.000315673400464789,-0.00448740756944854,-0.00664517208405968,-0.00805415502902207,0.329999923706055,1,0,0,0,0,"Yahoo Finance",TRUE
2020-10-15,11495.349609375,377.441833496094,3483.34008789062,11713.8701171875,26.9699993133545,0.00574424137763607,-0.00539606542530713,-0.00152892351421308,-0.00467243405766027,0.569999694824219,1,0,0,0,0,"Yahoo Finance",TRUE
2020-10-16,11322.123046875,366.22900390625,3483.81005859375,11671.5595703125,27.4099998474121,-0.0151839682907955,-0.0301576418933687,0.000134910456630166,-0.00361854313628029,0.440000534057617,1,0,0,0,0,"Yahoo Finance",TRUE
2020-10-19,11742.037109375,379.935607910156,3426.919921875,11478.8798828125,29.1800003051758,0.0364167145328764,0.0367429540240831,-0.0164646635149417,-0.0166462616947776,1.77000045776367,3,1,0,0,0,"Yahoo Finance",TRUE
2020-10-20,11916.3349609375,369.136901855469,3443.1201171875,11516.490234375,29.3500003814697,0.0147348266052489,-0.0288342025210904,0.00471619532000034,0.00327112674486685,0.170000076293945,1,0,0,0,0,"Yahoo Finance",TRUE
2020-10-21,12823.689453125,392.189971923828,3435.56005859375,11484.6904296875,28.6499996185303,0.073384054305869,0.0605787616811142,-0.00219811401156988,-0.00276506022995449,-0.700000762939453,1,0,0,0,0,"Yahoo Finance",TRUE
2020-10-22,12965.8916015625,413.772979736328,3453.48999023438,11506.009765625,28.1100006103516,0.0110279875667967,0.0535711206435145,0.00520535400349154,0.00185460572032703,-0.539999008178711,1,0,0,0,0,"Yahoo Finance",TRUE
2020-10-23,12931.5390625,409.766693115234,3465.38989257812,11548.2802734375,27.5499992370605,-0.00265297045537771,-0.00972950874658274,0.0034398383203893,0.00366704462460099,-0.560001373291016,1,0,0,0,0,"Yahoo Finance",TRUE
2020-10-26,13075.248046875,393.888305664062,3400.96997070312,11358.9404296875,32.4599990844727,0.0110517647953667,-0.0395205756053274,-0.0187644729853211,-0.0165313948989567,4.90999984741211,3,1,0,0,0,"Yahoo Finance",TRUE
2020-10-27,13654.21875,403.997039794922,3390.67993164062,11431.349609375,33.3499984741211,0.0433275589626536,0.0253401697487226,-0.00303020535044674,0.00635440998874692,0.889999389648438,1,0,0,0,0,"Yahoo Finance",TRUE
2020-10-28,13271.28515625,388.650756835938,3271.03002929688,11004.8701171875,40.2799987792969,-0.028445849418457,-0.0387264076739005,-0.0359255421085773,-0.0380216341521038,6.93000030517578,1,0,0,0,0,"Yahoo Finance",TRUE
2020-10-29,13437.8828125,386.730102539062,3310.11010742188,11185.58984375,37.5900001525879,0.0124751034586481,-0.00495410275322339,0.0118765249399981,0.0162884160547492,-2.68999862670898,1,0,0,0,0,"Yahoo Finance",TRUE
2020-10-30,13546.5224609375,382.819976806641,3269.9599609375,10911.58984375,38.0200004577637,0.00805207558330778,-0.0101621960344751,-0.0122037134452615,-0.0248008160379474,0.430000305175781,1,0,0,0,0,"Yahoo Finance",TRUE
2020-11-02,13550.4892578125,383.15673828125,3310.23999023438,10957.6103515625,37.1300010681152,0.000292784823988868,0.000879299565309744,0.0122429508905917,0.00420871136873302,-0.889999389648438,3,1,0,0,0,"Yahoo Finance",TRUE
2020-11-03,13950.30078125,387.602172851562,3369.15991210938,11160.5703125,35.5499992370605,0.0290784151533732,0.0115353421153577,0.0176427376840778,0.018352834787521,-1.58000183105469,1,0,0,0,0,"Yahoo Finance",TRUE
2020-11-04,14133.70703125,402.141998291016,3443.43994140625,11590.7802734375,29.5699996948242,0.0130614446957189,0.0368257699146994,0.0218075256550918,0.0378229191560919,-5.97999954223633,1,0,0,0,0,"Yahoo Finance",TRUE
2020-11-05,15579.8486328125,414.067352294922,3510.44995117188,11890.9296875,27.5799999237061,0.0974158108042449,0.0292233914681965,0.0192732657767021,0.0255659202782947,-1.98999977111816,1,0,0,0,0,"Yahoo Finance",TRUE
2020-11-06,15565.880859375,454.719299316406,3509.43994140625,11895.23046875,24.8600006103516,-0.000896930308048383,0.0936516566993744,-0.000287756585374055,0.000361620477505653,-2.71999931335449,1,0,0,0,0,"Yahoo Finance",TRUE
2020-11-09,15332.3154296875,444.163055419922,3550.5,11713.7802734375,25.75,-0.0151186740097522,-0.0234885670431817,0.0116319747463436,-0.0153715689413563,0.889999389648438,3,1,0,0,0,"Yahoo Finance",TRUE
2020-11-10,15290.90234375,449.679626464844,3545.53002929688,11553.8603515625,24.7999992370605,-0.00270468710961502,0.0123436510724808,-0.00140077522086735,-0.0137463391905293,-0.950000762939453,1,0,0,0,0,"Yahoo Finance",TRUE
2020-11-11,15701.33984375,462.960540771484,3572.65991210938,11786.4296875,23.4500007629395,0.0264880155918146,0.0291064373141321,0.0076227283629926,0.0199292325026281,-1.34999847412109,1,0,0,0,0,"Yahoo Finance",TRUE
2020-11-12,16276.34375,461.005279541016,3537.01000976562,11709.58984375,25.3500003814697,0.0359667008912634,-0.00423233004108425,-0.0100286515470707,-0.00654069235734589,1.89999961853027,1,0,0,0,0,"Yahoo Finance",TRUE
2020-11-13,16317.80859375,474.626434326172,3585.14990234375,11829.2900390625,23.1000003814697,0.00254431320571591,0.0291185452695517,0.0135185467062939,0.0101705117418884,-2.25,1,0,0,0,0,"Yahoo Finance",TRUE
2020-11-16,16716.111328125,459.940307617188,3626.90991210938,11924.1298828125,22.4500007629395,0.0241159413612682,-0.0314313255540446,0.0115807349228323,0.0079854057251616,-0.649999618530273,3,1,0,0,0,"Yahoo Finance",TRUE
2020-11-17,17645.40625,480.360076904297,3609.53002929688,11899.33984375,22.7099990844727,0.0541024758441377,0.0434392678764759,-0.00480344378464714,-0.00208114504683898,0.259998321533203,1,0,0,0,0,"Yahoo Finance",TRUE
2020-11-18,17804.005859375,479.484069824219,3567.7900390625,11801.599609375,23.8400001525879,0.00894799987636219,-0.00182531159102162,-0.0116312106474812,-0.00824784086284325,1.13000106811523,1,0,0,0,0,"Yahoo Finance",TRUE
2020-11-19,17817.08984375,471.630432128906,3581.8701171875,11904.7099609375,23.1100006103516,0.000734620016881848,-0.0165149751819609,0.00393867569073336,0.00869903444735165,-0.729999542236328,1,0,0,0,0,"Yahoo Finance",TRUE
2020-11-20,18621.314453125,509.744567871094,3557.5400390625,11854.9697265625,23.7000007629395,0.0441487626981942,0.0777140568241812,-0.00681573737291963,-0.00418695097692456,0.590000152587891,1,0,0,0,0,"Yahoo Finance",TRUE
2020-11-23,18364.12109375,608.454040527344,3577.59008789062,11880.6298828125,22.6599998474121,-0.0139080425242781,0.177011627509079,0.00562010818184966,0.00216216709659811,-1.04000091552734,3,1,0,0,0,"Yahoo Finance",TRUE
2020-11-24,19107.46484375,603.897766113281,3635.40991210938,12036.7900390625,21.6399993896484,0.0396802677655614,-0.00751645824332492,0.016032458814033,0.0130584633154154,-1.02000045776367,1,0,0,0,0,"Yahoo Finance",TRUE
2020-11-25,18732.12109375,570.686645507812,3629.64990234375,12094.400390625,21.25,-0.0198393323746373,-0.0565646451343396,-0.00158567475551052,0.0047747715706361,-0.389999389648438,1,0,0,0,0,"Yahoo Finance",TRUE
2020-11-27,17108.40234375,517.493713378906,3638.35009765625,12205.849609375,20.8400001525879,-0.0906700478798133,-0.0978429000666434,0.00239411102590203,0.00917274515173716,-0.409999847412109,2,1,0,0,0,"Yahoo Finance",TRUE
2020-11-30,19625.8359375,614.842529296875,3621.6298828125,12198.740234375,20.5699996948242,0.137277150342831,0.172368808090707,-0.00460614063697307,-0.000582626075392056,-0.270000457763672,3,1,0,0,0,"Yahoo Finance",TRUE
2020-12-01,18802.998046875,587.324157714844,3662.44995117188,12355.1103515625,20.7700004577637,-0.0428305306024281,-0.0457892898963177,0.0112081406615943,0.0127370842036658,0.200000762939453,1,0,0,0,0,"Yahoo Finance",TRUE
2020-12-02,19201.091796875,598.352355957031,3669.01000976562,12349.3701171875,21.1700000762939,0.0209508141373078,0.0186029092346978,0.0017895645286039,-0.000464712017366864,0.399999618530273,1,0,0,0,0,"Yahoo Finance",TRUE
2020-12-03,19445.3984375,616.708740234375,3666.71997070312,12377.1796875,21.2800006866455,0.0126433160461819,0.0302170500492327,-0.000624352080293988,0.00224937019177851,0.110000610351562,1,0,0,0,0,"Yahoo Finance",TRUE
2020-12-04,18699.765625,569.354187011719,3699.1201171875,12464.23046875,20.7900009155273,-0.0390994675242329,-0.0798941412336394,0.00879746371518664,0.00700855040260784,-0.489999771118164,1,0,0,0,0,"Yahoo Finance",TRUE
2020-12-07,19191.630859375,591.843383789062,3691.9599609375,12519.9501953125,21.2999992370605,0.025963300904456,0.0387393322226153,-0.00193751343896409,0.00446040794304636,0.509998321533203,3,1,0,0,0,"Yahoo Finance",TRUE
2020-12-08,18321.14453125,554.827758789062,3702.25,12582.76953125,20.6800003051758,-0.0464184595562447,-0.0645843244175524,0.00278327117017163,0.00500499290569678,-0.619998931884766,1,0,0,0,0,"Yahoo Finance",TRUE
2020-12-09,18553.916015625,573.479125976562,3672.82006835938,12338.9501953125,22.2700004577637,0.0126250410295796,0.0330638172519055,-0.007980964948473,-0.0195674390146632,1.59000015258789,1,0,0,0,0,"Yahoo Finance",TRUE
2020-12-10,18264.9921875,559.678527832031,3668.10009765625,12405.8095703125,22.5200004577637,-0.015694640220806,-0.0243589768549661,-0.00128593452777181,0.00540393508268799,0.25,1,0,0,0,0,"Yahoo Finance",TRUE
2020-12-11,18058.904296875,545.79736328125,3663.4599609375,12377.8701171875,23.3099994659424,-0.0113473565301518,-0.0251147841145549,-0.00126579808423166,-0.00225466640250183,0.789999008178711,1,0,0,0,0,"Yahoo Finance",TRUE
2020-12-14,19246.64453125,586.011169433594,3647.48999023438,12440.0400390625,24.7199993133545,0.0636978594887232,0.0710910725244682,-0.00436878824514686,0.00501009565493327,1.40999984741211,3,1,0,0,0,"Yahoo Finance",TRUE
2020-12-15,19417.076171875,589.355590820312,3694.6201171875,12595.0595703125,22.8899993896484,0.00881615847720241,0.00569087118310474,0.012838482022218,0.0123843335928164,-1.82999992370605,1,0,0,0,0,"Yahoo Finance",TRUE
2020-12-16,21310.59765625,636.181823730469,3701.169921875,12658.1904296875,22.5,0.0930515975767783,0.0764546878057102,0.00177122562032395,0.00499983098323398,-0.389999389648438,1,0,0,0,0,"Yahoo Finance",TRUE
2020-12-17,22805.162109375,642.868957519531,3722.47998046875,12764.75,21.9300003051758,0.0677824271107497,0.0104564960468707,0.00574114280898286,0.00838299524340869,-0.569999694824219,1,0,0,0,0,"Yahoo Finance",TRUE
2020-12-18,23137.9609375,654.811950683594,3709.40991210938,12755.6396484375,21.5699996948242,0.014487680725324,0.0184071913237558,-0.00351729695214864,-0.000713966524413578,-0.360000610351562,1,0,0,0,0,"Yahoo Finance",TRUE
2020-12-21,22803.08203125,609.81787109375,3694.919921875,12742.51953125,25.1599998474121,-0.0145788957311037,-0.0711877556132778,-0.00391392848690941,-0.00102910317979799,3.59000015258789,3,1,0,0,0,"Yahoo Finance",TRUE
2020-12-22,23783.029296875,634.854187011719,3687.26000976562,12807.919921875,24.2299995422363,0.0420765679457773,0.0402350051628222,-0.00207524469177045,0.00511932748371891,-0.930000305175781,1,0,0,0,0,"Yahoo Finance",TRUE
2020-12-23,23241.345703125,583.714599609375,3690.01000976562,12771.1103515625,23.3099994659424,-0.0230394366630087,-0.0839831816944434,0.000745533271818033,-0.00287810720956649,-0.920000076293945,1,0,0,0,0,"Yahoo Finance",TRUE
2020-12-24,23735.94921875,611.607177734375,3703.06005859375,12804.73046875,21.5300006866455,0.021057908650393,0.0466780459039775,0.00353034997948676,0.00262905425387139,-1.77999877929688,1,0,0,0,0,"Yahoo Finance",TRUE
2020-12-28,27084.80859375,730.397338867188,3735.36010742188,12899.419921875,21.7000007629395,0.131982258644879,0.177498475902318,0.00868470753841244,0.00736767253677506,0.170000076293945,4,1,0,0,0,"Yahoo Finance",TRUE
2020-12-29,27362.4375,731.520141601562,3727.0400390625,12850.2197265625,23.0799999237061,0.0101981764862753,0.00153606885497659,-0.00222986482727983,-0.00382143252163303,1.3799991607666,1,0,0,0,0,"Yahoo Finance",TRUE
2020-12-30,28840.953125,751.618957519531,3732.0400390625,12870,22.7700004577637,0.0526251818893506,0.0271047353670459,0.00134064809508061,0.00153811106961221,-0.309999465942383,1,0,0,0,0,"Yahoo Finance",TRUE
2020-12-31,29001.720703125,737.803405761719,3756.07006835938,12888.2802734375,22.75,0.00555880222905358,-0.0185520888489332,0.00641820471170362,0.00141937088287136,-0.0200004577636719,1,0,0,0,0,"Yahoo Finance",TRUE
2021-01-04,31971.9140625,1040.23303222656,3700.64990234375,12698.4501953125,26.9699993133545,0.0975026690446104,0.343522635228052,-0.0148647627120262,-0.0148384383380122,4.21999931335449,4,1,0,0,0,"Yahoo Finance",TRUE
2021-01-05,33992.4296875,1100.00610351562,3726.86010742188,12818.9599609375,25.3400001525879,0.0612800117132046,0.0558709709374092,0.00705763138336124,0.00944536775678806,-1.6299991607666,1,0,0,0,0,"Yahoo Finance",TRUE
2021-01-06,36824.36328125,1207.11218261719,3748.13989257812,12740.7900390625,25.0699996948242,0.0800218282308798,0.0929151527017416,0.00569360338247549,-0.00611666120307675,-0.270000457763672,1,0,0,0,0,"Yahoo Finance",TRUE
2021-01-07,39371.04296875,1225.67810058594,3803.7900390625,13067.48046875,22.3700008392334,0.0668709242585273,0.0152633612010593,0.0147382601077517,0.0253180762540186,-2.69999885559082,1,0,0,0,0,"Yahoo Finance",TRUE
2021-01-08,40797.609375,1224.19714355469,3824.67993164062,13201.98046875,21.5599994659424,0.0355928898794495,-0.00120900622607945,0.00547683739351612,0.0102401168888626,-0.810001373291016,1,0,0,0,0,"Yahoo Finance",TRUE
2021-01-11,35566.65625,1090.14538574219,3799.61010742188,13036.4296875,24.0799999237061,-0.137214909181106,-0.115974167354827,-0.00657632761662086,-0.0126191318110731,2.52000045776367,3,1,0,0,0,"Yahoo Finance",TRUE
2021-01-12,33922.9609375,1043.4345703125,3801.18994140625,13072.4296875,23.3299999237061,-0.0473164778588302,-0.0437933253363623,0.000415702030569065,0.00275768636978313,-0.75,1,0,0,0,0,"Yahoo Finance",TRUE
2021-01-13,37316.359375,1130.73937988281,3809.84008789062,13128.9501953125,22.2099990844727,0.0953397207362574,0.0803539938065789,0.00227305638672526,0.00431432204983473,-1.1200008392334,1,0,0,0,0,"Yahoo Finance",TRUE
2021-01-14,39187.328125,1218.45300292969,3795.5400390625,13112.6396484375,23.25,0.0489216127788517,0.0747102864972549,-0.00376051306874281,-0.00124310676849504,1.04000091552734,1,0,0,0,0,"Yahoo Finance",TRUE
2021-01-15,36825.3671875,1171.83459472656,3768.25,12998.5,24.3400001525879,-0.0621664989723083,-0.0390114733133125,-0.00721600079827844,-0.0087426575007008,1.09000015258789,1,0,0,0,0,"Yahoo Finance",TRUE
2021-01-19,36069.8046875,1377.2958984375,3798.90991210938,13197.1796875,23.2399997711182,-0.0207308533639221,0.161551532547954,0.00810345763576237,0.015169180537054,-1.10000038146973,4,1,0,0,0,"Yahoo Finance",TRUE
2021-01-20,35547.75,1382.27404785156,3851.85009765625,13457.25,21.5799999237061,-0.0145792169753385,0.00360792073478056,0.0138394173765111,0.019514847552859,-1.65999984741211,1,0,0,0,0,"Yahoo Finance",TRUE
2021-01-21,30825.69921875,1121.57092285156,3853.07006835938,13530.91015625,21.3199996948242,-0.142528130818359,-0.208999691440534,0.000316673161313119,0.00545871513517504,-0.260000228881836,1,0,0,0,0,"Yahoo Finance",TRUE
2021-01-22,33005.76171875,1236.51220703125,3841.46997070312,13543.0595703125,21.9099998474121,0.0683334114753027,0.0975643679180989,-0.00301515266293784,0.000897497855005369,0.590000152587891,1,0,0,0,0,"Yahoo Finance",TRUE
2021-01-25,32366.392578125,1324.41479492188,3855.36010742188,13635.990234375,23.1900005340576,-0.0195615254057362,0.0686760174900627,0.00360931751301763,0.00683843084154034,1.28000068664551,3,1,0,0,0,"Yahoo Finance",TRUE
2021-01-26,32569.849609375,1357.05810546875,3849.6201171875,13626.0595703125,23.0200004577637,0.00626638346068376,0.0243485013332982,-0.00148994316115392,-0.000728533956388944,-0.170000076293945,1,0,0,0,0,"Yahoo Finance",TRUE
2021-01-27,30432.546875,1253.18713378906,3750.77001953125,13270.599609375,37.2099990844727,-0.0678743452244088,-0.0796291856420499,-0.0260133151261002,-0.0264330714973315,14.189998626709,1,0,0,0,0,"Yahoo Finance",TRUE
2021-01-28,33466.09765625,1332.4921875,3787.3798828125,13337.16015625,30.2099990844727,0.0950202595471694,0.0613610006441121,0.00971329877875959,0.00500310332784437,-7,1,0,0,0,0,"Yahoo Finance",TRUE
2021-01-29,34316.38671875,1382.52282714844,3714.23999023438,13070.6904296875,33.0900001525879,0.0250900708478188,0.0368589517765381,-0.0195003776547917,-0.0201817842128857,2.88000106811523,1,0,0,0,0,"Yahoo Finance",TRUE
2021-02-01,33537.17578125,1369.04052734375,3773.86010742188,13403.3896484375,30.2399997711182,-0.0229684386344786,-0.00979981629846716,0.0159243002346781,0.0251352820350856,-2.85000038146973,3,1,0,0,0,"Yahoo Finance",TRUE
2021-02-02,35510.2890625,1515.19372558594,3826.31005859375,13612.7802734375,25.5599994659424,0.0571679388794202,0.101433152980987,0.0138025288143115,0.0155014436572234,-4.68000030517578,1,0,0,0,0,"Yahoo Finance",TRUE
2021-02-03,37472.08984375,1660.90954589844,3830.169921875,13610.5400390625,22.9099998474121,0.0537738978015394,0.09182206907112,0.00100826061534498,-0.000164582009420045,-2.64999961853027,1,0,0,0,0,"Yahoo Finance",TRUE
2021-02-04,36926.06640625,1594.7626953125,3871.73999023438,13777.740234375,21.7700004577637,-0.0146786767038236,-0.0406404267318807,0.0107948476439219,0.0122097678861142,-1.13999938964844,1,0,0,0,0,"Yahoo Finance",TRUE
2021-02-05,38144.30859375,1718.65087890625,3886.830078125,13856.2998046875,20.8700008392334,0.0324588533084338,0.0748146655156212,0.0038899196077633,0.00568572541961743,-0.899999618530273,1,0,0,0,0,"Yahoo Finance",TRUE
2021-02-08,46196.46484375,1746.61682128906,3915.59008789062,13987.6396484375,21.2399997711182,0.19152671498585,0.0161410615125206,0.00737210747628936,0.00943406863038021,0.369998931884766,3,1,0,0,0,"Yahoo Finance",TRUE
2021-02-09,46481.10546875,1768.03503417969,3911.22998046875,14007.7001953125,21.6299991607666,0.00614261938545191,0.0121881079039019,-0.00111414542172206,0.00143313497320996,0.389999389648438,1,0,0,0,0,"Yahoo Finance",TRUE
2021-02-10,44918.18359375,1744.24340820312,3909.8798828125,13972.5302734375,21.9899997711182,-0.0342032034296285,-0.0135478950598547,-0.000345244522391042,-0.00251391356024833,0.360000610351562,1,0,0,0,0,"Yahoo Finance",TRUE
2021-02-11,47909.33203125,1783.79797363281,3916.3798828125,14025.76953125,21.25,0.0644676160583941,0.0224238995941635,0.00166107481458866,0.00380303963819095,-0.739999771118164,1,0,0,0,0,"Yahoo Finance",TRUE
2021-02-12,47504.8515625,1843.53259277344,3934.830078125,14095.4697265625,19.9699993133545,-0.00847846465792479,0.0329388341035566,0.00469997092616126,0.00495713132717235,-1.28000068664551,1,0,0,0,0,"Yahoo Finance",TRUE
2021-02-16,49199.87109375,1781.06750488281,3932.59008789062,14047.5,21.4599990844727,0.0350591594663552,-0.0344707119824887,-0.000569434515414358,-0.00340900576481751,1.48999977111816,4,1,0,0,0,"Yahoo Finance",TRUE
2021-02-17,52149.0078125,1848.45825195312,3931.330078125,13965.490234375,21.5,0.058214152169521,0.0371390079286718,-0.000320453348917837,-0.00585514072089666,0.0400009155273438,1,0,0,0,0,"Yahoo Finance",TRUE
2021-02-18,51679.796875,1937.44921875,3913.96997070312,13865.3603515625,22.4899997711182,-0.00903822658930409,0.0470203579088011,-0.00442561422724275,-0.007195634537986,0.989999771118164,1,0,0,0,0,"Yahoo Finance",TRUE
2021-02-19,55888.1328125,1960.16479492188,3906.7099609375,13874.4599609375,22.0499992370605,0.0782851354369321,0.0116562765252883,-0.00185661909566548,0.000656068395461062,-0.440000534057617,1,0,0,0,0,"Yahoo Finance",TRUE
2021-02-22,54207.3203125,1781.99291992188,3876.5,13533.0498046875,23.4500007629395,-0.0305361040243426,-0.0952961928168437,-0.00776289289371057,-0.0249149098132282,1.40000152587891,3,1,0,0,0,"Yahoo Finance",TRUE
2021-02-23,48824.42578125,1570.20397949219,3881.3701171875,13465.2001953125,23.1100006103516,-0.10458524450101,-0.126526821768556,0.00125552961152664,-0.00502623334589813,-0.340000152587891,1,0,0,0,0,"Yahoo Finance",TRUE
2021-02-24,49705.33203125,1626.57568359375,3925.42993164062,13597.9697265625,21.3400001525879,0.0178814957381217,0.0352714632513695,0.0112876676709863,0.00981190280467104,-1.77000045776367,1,0,0,0,0,"Yahoo Finance",TRUE
2021-02-25,47093.8515625,1475.70373535156,3829.34008789062,13119.4296875,28.8899993896484,-0.0539697592520518,-0.0973420126911906,-0.0247833944241727,-0.0358261831557467,7.54999923706055,1,0,0,0,0,"Yahoo Finance",TRUE
2021-02-26,46339.76171875,1446.03369140625,3811.14990234375,13192.349609375,27.9500007629395,-0.0161420754568873,-0.0203105615316987,-0.00476153229379861,0.00554277289584348,-0.939998626708984,1,0,0,0,0,"Yahoo Finance",TRUE
2021-03-01,49631.2421875,1564.70764160156,3901.82006835938,13588.830078125,23.3500003814697,0.0686201412803875,0.0788745728697959,0.0235121732256935,0.0296110509644016,-4.60000038146973,3,1,0,0,0,"Yahoo Finance",TRUE
2021-03-02,48378.98828125,1492.60876464844,3870.2900390625,13358.7900390625,24.1000003814697,-0.0255549252084908,-0.0471735582968957,-0.00811367873950886,-0.0170735394221158,0.75,1,0,0,0,0,"Yahoo Finance",TRUE
2021-03-03,50538.2421875,1575.85314941406,3819.71997070312,12997.75,26.6700000762939,0.0436647276939013,0.0542713700226924,-0.0131523358948016,-0.0273983325098008,2.56999969482422,1,0,0,0,0,"Yahoo Finance",TRUE
2021-03-04,48561.16796875,1541.91430664062,3768.46997070312,12723.4697265625,28.5699996948242,-0.0399061221991275,-0.0217721070575214,-0.0135080380643906,-0.0213279675984133,1.89999961853027,1,0,0,0,0,"Yahoo Finance",TRUE
2021-03-05,48927.3046875,1533.27502441406,3841.93994140625,12920.150390625,24.6599998474121,0.00751142017653628,-0.00561871418307902,0.0193083563387102,0.0153398404674565,-3.90999984741211,1,0,0,0,0,"Yahoo Finance",TRUE
2021-03-08,52246.5234375,1834.72790527344,3821.35009765625,12609.16015625,25.4699993133545,0.0656377328366062,0.179490203459126,-0.00537364322402567,-0.0243645920767204,0.809999465942383,3,1,0,0,0,"Yahoo Finance",TRUE
2021-03-09,54824.1171875,1868.048828125,3875.43994140625,13073.8203125,24.0300006866455,0.0481568402532346,0.0179982887112846,0.0140554007439313,0.0361882348638609,-1.43999862670898,1,0,0,0,0,"Yahoo Finance",TRUE
2021-03-10,56008.55078125,1799.16625976562,3898.81005859375,13068.830078125,22.5599994659424,0.0213741797980287,-0.0375711101403864,0.00601220377098777,-0.000381769588090108,-1.47000122070312,1,0,0,0,0,"Yahoo Finance",TRUE
2021-03-11,57805.12109375,1826.19494628906,3939.34008789062,13398.669921875,21.9099998474121,0.0315730003902974,0.0149111692813619,0.0103418255006567,0.0249254308417282,-0.649999618530273,1,0,0,0,0,"Yahoo Finance",TRUE
2021-03-12,57332.08984375,1772.10241699219,3943.34008789062,13319.8603515625,20.6900005340576,-0.00821687285311512,-0.030067889946876,0.00101488332753163,-0.00589926152838771,-1.21999931335449,1,0,0,0,0,"Yahoo Finance",TRUE
2021-03-15,55907.19921875,1791.70227050781,3968.93994140625,13459.7099609375,20.0300006866455,-0.0251673398143986,0.0109995091471724,0.00647093953941358,0.0104445948224789,-0.659999847412109,3,1,0,0,0,"Yahoo Finance",TRUE
2021-03-16,56804.90234375,1806.97180175781,3962.7099609375,13471.5703125,19.7900009155273,0.0159294715476097,0.00848624942484388,-0.00157091697859713,0.000880786372487563,-0.239999771118164,1,0,0,0,0,"Yahoo Finance",TRUE
2021-03-17,58870.89453125,1823.44934082031,3974.1201171875,13525.2001953125,19.2299995422363,0.0357241870803566,0.00907754310777698,0.0028752446501592,0.00397306435921152,-0.560001373291016,1,0,0,0,0,"Yahoo Finance",TRUE
2021-03-18,57858.921875,1782.85510253906,3915.4599609375,13116.169921875,21.5799999237061,-0.0173391519166124,-0.0225138801159979,-0.0148705600659476,-0.0307088122838355,2.35000038146973,1,0,0,0,0,"Yahoo Finance",TRUE
2021-03-19,58346.65234375,1817.62414550781,3913.10009765625,13215.240234375,20.9500007629395,0.00839431905057886,0.0193141642605932,-0.000602885673753661,0.00752491259632571,-0.629999160766602,1,0,0,0,0,"Yahoo Finance",TRUE
2021-03-22,54529.14453125,1691.333984375,3940.59008789062,13377.5400390625,18.8799991607666,-0.0676666643096535,-0.0720126762997557,0.00700055689834223,0.0122064574071441,-2.07000160217285,3,1,0,0,0,"Yahoo Finance",TRUE
2021-03-23,54738.9453125,1678.65014648438,3910.52001953125,13227.7001953125,20.2999992370605,0.00384011543294349,-0.00752757122376302,-0.00766011811933431,-0.0112640537517876,1.42000007629395,1,0,0,0,0,"Yahoo Finance",TRUE
2021-03-24,52774.265625,1593.41345214844,3889.13989257812,12961.8896484375,21.2000007629395,-0.0365517577776586,-0.0521114458669691,-0.00548233660034825,-0.020299643960346,0.900001525878906,1,0,0,0,0,"Yahoo Finance",TRUE
2021-03-25,51704.16015625,1595.35925292969,3909.52001953125,12977.6796875,19.8099994659424,-0.0204854329155548,0.00122040747504926,0.0052265834327283,0.00121744820111047,-1.39000129699707,1,0,0,0,0,"Yahoo Finance",TRUE
2021-03-26,55137.3125,1702.84204101562,3974.5400390625,13138.73046875,18.8600006103516,0.064288419319892,0.0651996961901844,0.0164944186587164,0.0123334579132663,-0.94999885559082,1,0,0,0,0,"Yahoo Finance",TRUE
2021-03-29,57750.19921875,1819.68493652344,3971.09008789062,13059.650390625,20.7399997711182,0.0463001342354374,0.0663647302913457,-0.000868389626386801,-0.00603703860384641,1.8799991607666,3,1,0,0,0,"Yahoo Finance",TRUE
2021-03-30,58917.69140625,1846.03369140625,3958.55004882812,13045.3896484375,19.6100006103516,0.0200146099199845,0.0143760126439325,-0.00316282940964996,-0.00109256630786625,-1.1299991607666,1,0,0,0,0,"Yahoo Finance",TRUE
2021-03-31,58918.83203125,1918.36206054688,3972.88989257812,13246.8701171875,19.3999996185303,1.93594475934589e-05,0.0384323415364562,0.00361595359242095,0.0153265192530139,-0.210000991821289,1,0,0,0,0,"Yahoo Finance",TRUE
2021-04-01,59095.80859375,1977.27685546875,4019.8701171875,13480.1103515625,17.3299999237061,0.00299923287868786,0.0302488440742126,0.0117558304276741,0.0174539848106345,-2.06999969482422,1,0,0,0,0,"Yahoo Finance",TRUE
2021-04-05,59057.87890625,2107.88720703125,4077.90991210938,13705.58984375,17.9099998474121,-0.000642039865288879,0.0639655495892155,0.0143349877622434,0.0165884756410808,0.579999923706055,4,1,0,0,0,"Yahoo Finance",TRUE
2021-04-06,58192.359375,2118.37890625,4073.93994140625,13698.3798828125,18.1200008392334,-0.0147638975496207,0.00496500716725023,-0.000974004940797357,-0.000526198297240654,0.210000991821289,1,0,0,0,0,"Yahoo Finance",TRUE
2021-04-07,56048.9375,1971.07727050781,4079.94995117188,13688.83984375,17.1599998474121,-0.0375288708531656,-0.0720708982040801,0.00147414569810778,-0.000696678198343292,-0.960000991821289,1,0,0,0,0,"Yahoo Finance",TRUE
2021-04-08,58323.953125,2088.57373046875,4097.169921875,13829.3095703125,16.9500007629395,0.0397876757042273,0.0579011762955268,0.00421175094059123,0.0102093309072853,-0.209999084472656,1,0,0,0,0,"Yahoo Finance",TRUE
2021-04-09,58245.00390625,2072.10888671875,4128.7998046875,13900.1904296875,16.6900005340576,-0.00135454983611538,-0.00791453288368871,0.00769028813568795,0.00511231819919189,-0.260000228881836,1,0,0,0,0,"Yahoo Finance",TRUE
2021-04-12,59893.453125,2139.35327148438,4127.990234375,13850,16.9099998474121,0.0279088834859245,0.0319366992508572,-0.000196098074740192,-0.00361730738697297,0.219999313354492,3,1,0,0,0,"Yahoo Finance",TRUE
2021-04-13,63503.45703125,2299.18774414062,4141.58984375,13996.099609375,16.6499996185303,0.0585271434502683,0.0720523320673223,0.00328907187706307,0.0104934588355512,-0.260000228881836,1,0,0,0,0,"Yahoo Finance",TRUE
2021-04-14,63109.6953125,2435.10498046875,4124.66015625,13857.83984375,16.9899997711182,-0.00621993814917055,0.057433962894236,-0.00409610432073038,-0.00992756528315297,0.340000152587891,1,0,0,0,0,"Yahoo Finance",TRUE
2021-04-15,63314.01171875,2519.1162109375,4170.419921875,14038.759765625,16.5699996948242,0.00323225111697667,0.0339182613307214,0.0110331014011198,0.0129709327283898,-0.420000076293945,1,0,0,0,0,"Yahoo Finance",TRUE
2021-04-16,61572.7890625,2431.94653320312,4185.47021484375,14052.33984375,16.25,-0.0278866218745684,-0.0352161509051889,0.00360232339051691,0.00096685992159351,-0.319999694824219,1,0,0,0,0,"Yahoo Finance",TRUE
2021-04-19,55724.265625,2166.18872070312,4163.259765625,13914.76953125,17.2900009155273,-0.0998043363173213,-0.115722705704472,-0.00532068989375745,-0.00983808660732421,1.04000091552734,3,1,0,0,0,"Yahoo Finance",TRUE
2021-04-20,56473.03125,2330.2109375,4134.93994140625,13786.26953125,18.6800003051758,0.0133475005589663,0.0729895211406753,-0.00682556100507803,-0.00927769687163149,1.38999938964844,1,0,0,0,0,"Yahoo Finance",TRUE
2021-04-21,53906.08984375,2364.75170898438,4173.419921875,13950.2197265625,17.5,-0.0465197455418274,0.014714236206439,0.0092630209198532,0.0118221237946212,-1.18000030517578,1,0,0,0,0,"Yahoo Finance",TRUE
2021-04-22,51762.2734375,2403.53515625,4134.97998046875,13818.41015625,18.7099990844727,-0.0405818837468068,0.0162676045489727,-0.00925333786055482,-0.00949348677455575,1.20999908447266,1,0,0,0,0,"Yahoo Finance",TRUE
2021-04-23,51093.65234375,2363.58618164062,4180.169921875,14016.8095703125,17.3299999237061,-0.0130013026852058,-0.0167606011978236,0.0108694098955322,0.0142555205880903,-1.3799991607666,1,0,0,0,0,"Yahoo Finance",TRUE
2021-04-26,54021.75390625,2534.48168945312,4187.6201171875,14138.7802734375,17.6399993896484,0.0557265463428784,0.0698091202304187,0.00178068456458291,0.00866410306412213,0.309999465942383,3,1,0,0,0,"Yahoo Finance",TRUE
2021-04-27,55033.1171875,2662.865234375,4186.72021484375,14090.2197265625,17.5599994659424,0.0185483191486533,0.049413544473853,-0.000214918981445322,-0.0034404757359745,-0.0799999237060547,1,0,0,0,0,"Yahoo Finance",TRUE
2021-04-28,54824.703125,2746.38012695312,4183.18017578125,14051.0302734375,17.2800006866455,-0.00379425537373557,0.0308810282423826,-0.000845897587396394,-0.00278519813148215,-0.279998779296875,1,0,0,0,0,"Yahoo Finance",TRUE
2021-04-29,53555.109375,2756.876953125,4211.47021484375,14082.5498046875,17.6100006103516,-0.0234296738251345,0.00381477323291168,0.0067400415367036,0.00224070625566775,0.329999923706055,1,0,0,0,0,"Yahoo Finance",TRUE
2021-04-30,57750.17578125,2773.20703125,4181.169921875,13962.6796875,18.6100006103516,0.0754151877209619,0.00590592317842109,-0.00722071341712116,-0.00854839481200287,1,1,0,0,0,0,"Yahoo Finance",TRUE
2021-05-03,57200.29296875,3431.08618164062,4192.66015625,13895.1201171875,18.3099994659424,-0.00956737302450961,0.212872458569043,0.00274432164951222,-0.00485032581429579,-0.30000114440918,3,1,0,0,0,"Yahoo Finance",TRUE
2021-05-04,53333.5390625,3253.62939453125,4164.66015625,13633.5,19.4799995422363,-0.0699936362237761,-0.0531057720465977,-0.00670073748984734,-0.019007708546166,1.17000007629395,1,0,0,0,0,"Yahoo Finance",TRUE
2021-05-05,57424.0078125,3522.783203125,4167.58984375,13582.419921875,19.1499996185303,0.0738970864744761,0.0794802498572604,0.00070321644711413,-0.00375369550241977,-0.329999923706055,1,0,0,0,0,"Yahoo Finance",TRUE
2021-05-06,56396.515625,3490.88037109375,4201.6201171875,13632.83984375,18.3899993896484,-0.018055093557642,-0.00909740016004434,0.00813229949863192,0.003705272703181,-0.760000228881836,1,0,0,0,0,"Yahoo Finance",TRUE
2021-05-07,57356.40234375,3484.72900390625,4232.60009765625,13752.240234375,16.6900005340576,0.0168770967814353,-0.00176367925763188,0.00734629141918752,0.00872016053236457,-1.69999885559082,1,0,0,0,0,"Yahoo Finance",TRUE
2021-05-10,55859.796875,3952.2939453125,4188.43017578125,13401.8603515625,19.6599998474121,-0.026439549490954,0.125905875520871,-0.0104904805031385,-0.0258082074511989,2.96999931335449,3,1,0,0,0,"Yahoo Finance",TRUE
2021-05-11,56704.57421875,4168.701171875,4152.10009765625,13389.4296875,21.8400001525879,0.0150099573442901,0.0533083617253762,-0.00871175014178149,-0.000927963150441968,2.18000030517578,1,0,0,0,0,"Yahoo Finance",TRUE
2021-05-12,49150.53515625,3785.8486328125,4063.0400390625,13031.6796875,27.5900001525879,-0.142967146773037,-0.0963344464997284,-0.0216827823583028,-0.0270822742997225,5.75,1,0,0,0,0,"Yahoo Finance",TRUE
2021-05-13,49716.19140625,3715.1484375,4112.5,13124.990234375,23.1299991607666,0.0114429281100925,-0.0188514375900137,0.0120996445780932,0.00713477235323268,-4.46000099182129,1,0,0,0,0,"Yahoo Finance",TRUE
2021-05-14,49880.53515625,4079.05737304688,4173.85009765625,13429.98046875,18.8099994659424,0.00330018675976618,0.0934472920753109,0.0148077785636236,0.0229714918042223,-4.31999969482422,1,0,0,0,0,"Yahoo Finance",TRUE
2021-05-17,43537.51171875,3282.39770507812,4163.2900390625,13379.0498046875,19.7199993133545,-0.136007944771984,-0.217291762719343,-0.002533258183961,-0.00379952014781004,0.909999847412109,3,1,0,0,0,"Yahoo Finance",TRUE
2021-05-18,42909.40234375,3380.07006835938,4127.830078125,13303.6396484375,21.3400001525879,-0.0145319340846282,0.029322276578025,-0.00855377238403321,-0.00565238051870054,1.6200008392334,1,0,0,0,0,"Yahoo Finance",TRUE
2021-05-19,37002.44140625,2460.67919921875,4115.68017578125,13299.740234375,22.1800003051758,-0.148107076351886,-0.317459030484062,-0.0029477518113783,-0.000293151780534018,0.840000152587891,1,0,0,0,0,"Yahoo Finance",TRUE
2021-05-20,40782.73828125,2784.29418945312,4159.1201171875,13535.740234375,20.6700000762939,0.0972750161239606,0.123556999308465,0.0104994293345086,0.0175891081698669,-1.51000022888184,1,0,0,0,0,"Yahoo Finance",TRUE
2021-05-21,37304.69140625,2430.62133789062,4155.85986328125,13470.990234375,20.1499996185303,-0.0891398168367932,-0.135847489114942,-0.000784188075252601,-0.00479511017756984,-0.520000457763672,1,0,0,0,0,"Yahoo Finance",TRUE
2021-05-24,38705.98046875,2643.59106445312,4197.0498046875,13661.169921875,18.3999996185303,0.0368750284655537,0.0839913252674265,0.00986249748121537,0.0140189945140659,-1.75,3,1,0,0,0,"Yahoo Finance",TRUE
2021-05-25,38402.22265625,2706.62890625,4188.1298828125,13657.169921875,18.8400001525879,-0.00787878258102381,0.0235656699745199,-0.00212754540082827,-0.000292843566004564,0.440000534057617,1,0,0,0,0,"Yahoo Finance",TRUE
2021-05-26,39294.19921875,2888.69873046875,4195.990234375,13738,17.3600006103516,0.0229615658127678,0.0651022199349489,0.00187505755061146,0.00590106306436233,-1.47999954223633,1,0,0,0,0,"Yahoo Finance",TRUE
2021-05-27,38436.96875,2736.48852539062,4200.8798828125,13736.2802734375,16.7399997711182,-0.0220571810715349,-0.0541305960270888,0.00116463608986273,-0.000125188106668617,-0.620000839233398,1,0,0,0,0,"Yahoo Finance",TRUE
2021-05-28,35697.60546875,2419.90625,4204.10986328125,13748.740234375,16.7600002288818,-0.0739361115014425,-0.122946738674392,0.000768586452887021,0.000906672912069695,0.0200004577636719,1,0,0,0,0,"Yahoo Finance",TRUE
2021-06-01,36684.92578125,2633.51831054688,4202.0400390625,13736.48046875,17.8999996185303,0.0272823161961817,0.0845919131005344,-0.000492454758630245,-0.000892098817068643,1.13999938964844,4,1,0,0,0,"Yahoo Finance",TRUE
2021-06-02,37575.1796875,2706.125,4208.1201171875,13756.330078125,17.4799995422363,0.0239777887023145,0.0271970094761498,0.00144588903690135,0.00144398571329596,-0.420000076293945,1,0,0,0,0,"Yahoo Finance",TRUE
2021-06-03,39208.765625,2855.12646484375,4192.85009765625,13614.509765625,18.0400009155273,0.0425566169513694,0.0535984157187315,-0.00363530305604876,-0.010362968947554,0.560001373291016,1,0,0,0,0,"Yahoo Finance",TRUE
2021-06-04,36894.40625,2688.19506835938,4229.89013671875,13814.490234375,16.4200000762939,-0.0608403872671257,-0.0602461479421939,0.00879530338301571,0.0145819397188465,-1.6200008392334,1,0,0,0,0,"Yahoo Finance",TRUE
2021-06-07,33560.70703125,2590.26318359375,4226.52001953125,13881.7197265625,16.4200000762939,-0.0947039983599307,-0.0371105042658701,-0.000797056269421503,0.00485478874737311,0,3,1,0,0,0,"Yahoo Finance",TRUE
2021-06-08,33472.6328125,2517.43872070312,4227.259765625,13924.91015625,17.0699996948242,-0.00262777506345735,-0.0285174818512433,0.00017500954944083,0.00310648680568448,0.649999618530273,1,0,0,0,0,"Yahoo Finance",TRUE
2021-06-09,37345.12109375,2608.26708984375,4219.5498046875,13911.75,17.8899993896484,0.109474102382139,0.0354440465857042,-0.00182553259061535,-0.000945527024908799,0.819999694824219,1,0,0,0,0,"Yahoo Finance",TRUE
2021-06-10,36702.59765625,2471.5185546875,4239.18017578125,14020.330078125,16.1000003814697,-0.0173547429931293,-0.053853289373845,0.00464145477646305,0.00777461791207834,-1.78999900817871,1,0,0,0,0,"Yahoo Finance",TRUE
2021-06-11,37334.3984375,2353.76879882812,4247.43994140625,14069.419921875,15.6499996185303,0.0170675784159862,-0.0488149734829042,0.00194653893280794,0.00349521755983417,-0.450000762939453,1,0,0,0,0,"Yahoo Finance",TRUE
2021-06-14,40218.4765625,2537.89111328125,4255.14990234375,14174.1396484375,16.3899993896484,0.0744113942205722,0.0753156780895585,0.00181355638513736,0.00741551051153699,0.739999771118164,3,1,0,0,0,"Yahoo Finance",TRUE
2021-06-15,40406.26953125,2610.93676757812,4246.58984375,14072.8603515625,17.0200004577637,0.00465845332752757,0.0283756059175957,-0.00201371995427735,-0.00717100795728776,0.630001068115234,1,0,0,0,0,"Yahoo Finance",TRUE
2021-06-16,38347.0625,2367.66357421875,4223.7001953125,14039.6796875,18.1499996185303,-0.0523070315961434,-0.0978054364905345,-0.00540470374702551,-0.00236056076213309,1.1299991607666,1,0,0,0,0,"Yahoo Finance",TRUE
2021-06-17,38053.50390625,2372.001953125,4221.85986328125,14161.349609375,17.75,-0.00768476078766867,0.00183066931319953,-0.000435810543672588,0.00862881106348112,-0.399999618530273,1,0,0,0,0,"Yahoo Finance",TRUE
2021-06-18,35787.24609375,2231.73315429688,4166.4501953125,14030.3798828125,20.7000007629395,-0.0614015913917374,-0.0609558216982933,-0.0132113556872842,-0.00929142490685209,2.95000076293945,1,0,0,0,0,"Yahoo Finance",TRUE
2021-06-21,31676.693359375,1888.44750976562,4224.7900390625,14141.48046875,17.8899993896484,-0.12201039035218,-0.167023414731309,0.0139051635123195,0.00788738553452184,-2.81000137329102,3,1,0,0,0,"Yahoo Finance",TRUE
2021-06-22,32505.66015625,1874.95007324219,4246.43994140625,14253.26953125,16.6599998474121,0.0258330476093924,-0.00717303665036706,0.00511140637899032,0.00787396543868013,-1.22999954223633,1,0,0,0,0,"Yahoo Finance",TRUE
2021-06-23,33723.02734375,1989.736328125,4241.83984375,14271.73046875,16.3199996948242,0.0367666751556133,0.0594201000643739,-0.00108387051864867,0.00129436915529979,-0.340000152587891,1,0,0,0,0,"Yahoo Finance",TRUE
2021-06-24,34662.4375,1988.45629882812,4266.490234375,14369.7099609375,15.9700002670288,0.0274756998576446,-0.000643523057368256,0.00579442954591691,0.00684182589448667,-0.34999942779541,1,0,0,0,0,"Yahoo Finance",TRUE
2021-06-25,31637.779296875,1813.21728515625,4280.7001953125,14360.3896484375,15.6199998855591,-0.0913046539742641,-0.0922558354753358,0.00332506316468617,-0.000648818692152275,-0.350000381469727,1,0,0,0,0,"Yahoo Finance",TRUE
2021-06-28,34434.3359375,2079.65747070312,4290.60986328125,14500.509765625,15.7600002288818,0.0847022504244777,0.13710042961046,0.00231228886047319,0.00971010751430867,0.140000343322754,3,1,0,0,0,"Yahoo Finance",TRUE
2021-06-29,35867.77734375,2160.76831054688,4291.7998046875,14528.330078125,16.0200004577637,0.0407851211241397,0.0382606551715057,0.000277297742686144,0.00191673667753278,0.260000228881836,1,0,0,0,0,"Yahoo Finance",TRUE
2021-06-30,35040.8359375,2274.54760742188,4297.5,14503.9501953125,15.8299999237061,-0.0233252029658519,0.0513173209710427,0.0013272784229077,-0.001679502148205,-0.190000534057617,1,0,0,0,0,"Yahoo Finance",TRUE
2021-07-01,33572.1171875,2113.60546875,4319.93994140625,14522.3798828125,15.4799995422363,-0.0428182456008752,-0.0733859365556828,0.00520804143225462,0.00126986015296815,-0.350000381469727,1,0,0,0,0,"Yahoo Finance",TRUE
2021-07-02,33897.046875,2150.04028320312,4352.33984375,14639.330078125,15.0699996948242,0.00963202091343973,0.0170913361449125,0.00747209589469122,0.00802084805438419,-0.409999847412109,1,0,0,0,0,"Yahoo Finance",TRUE
2021-07-06,34235.1953125,2324.67944335938,4343.5400390625,14663.6396484375,16.4400005340576,0.00992631985005765,0.0780955773723306,-0.00202390277002173,0.00165918854752078,1.3700008392334,4,1,0,0,0,"Yahoo Finance",TRUE
2021-07-07,33855.328125,2315.16186523438,4358.1298828125,14665.0595703125,16.2000007629395,-0.011157826650301,-0.00410255042839491,0.00335334655366282,9.68281522162329e-05,-0.239999771118164,1,0,0,0,0,"Yahoo Finance",TRUE
2021-07-08,32877.37109375,2120.0263671875,4320.81982421875,14559.7802734375,19,-0.0293117785379646,-0.0880510793223577,-0.00859788100955505,-0.00720481295037345,2.79999923706055,1,0,0,0,0,"Yahoo Finance",TRUE
2021-07-09,33798.01171875,2146.6923828125,4369.5498046875,14701.919921875,16.1800003051758,0.0276173634478738,0.012499704988266,0.0112148259024138,0.00971514064201351,-2.81999969482422,1,0,0,0,0,"Yahoo Finance",TRUE
2021-07-12,33155.84765625,2036.72106933594,4384.6298828125,14733.240234375,16.1700000762939,-0.0191828749075498,-0.0525870351672202,0.0034452326955936,0.00212808927513386,-0.0100002288818359,3,1,0,0,0,"Yahoo Finance",TRUE
2021-07-13,32702.025390625,1940.083984375,4369.2099609375,14677.650390625,17.1200008392334,-0.0137820864258007,-0.0486099327270582,-0.00352301118116571,-0.00378022622011187,0.950000762939453,1,0,0,0,0,"Yahoo Finance",TRUE
2021-07-14,32822.34765625,1994.33129882812,4374.2998046875,14644.9501953125,16.3299999237061,0.00367259983643109,0.0275775425430949,0.00116425656546859,-0.002230375765782,-0.790000915527344,1,0,0,0,0,"Yahoo Finance",TRUE
2021-07-15,31780.73046875,1911.17565917969,4360.02978515625,14543.1298828125,17.0100002288818,-0.0322494683568433,-0.0425902245312724,-0.00326757356274499,-0.0069768703697104,0.680000305175781,1,0,0,0,0,"Yahoo Finance",TRUE
2021-07-16,31421.5390625,1880.38293457031,4327.16015625,14427.240234375,18.4500007629395,-0.0113665308584867,-0.0162431363636015,-0.00756741500681279,-0.00800060656042056,1.44000053405762,1,0,0,0,0,"Yahoo Finance",TRUE
2021-07-19,30817.83203125,1817.29663085938,4258.490234375,14274.98046875,22.5,-0.0194001306581892,-0.0341254155245192,-0.0159967813999842,-0.0106097152182514,4.04999923706055,3,1,0,0,0,"Yahoo Finance",TRUE
2021-07-20,29807.34765625,1787.5107421875,4323.06005859375,14498.8798828125,19.7299995422363,-0.0333385557342112,-0.0165260239935092,0.0150488060047991,0.0155630096539507,-2.77000045776367,1,0,0,0,0,"Yahoo Finance",TRUE
2021-07-21,32110.693359375,1990.97082519531,4358.68994140625,14631.9501953125,17.9099998474121,0.0744341723569324,0.107798366448961,0.00820804166214373,0.00913611028180306,-1.81999969482422,1,0,0,0,0,"Yahoo Finance",TRUE
2021-07-22,32313.10546875,2025.20275878906,4367.47998046875,14684.599609375,17.6900005340576,0.0062837888821683,0.0170474517108037,0.00201463920924283,0.00359179173645074,-0.219999313354492,1,0,0,0,0,"Yahoo Finance",TRUE
2021-07-23,33581.55078125,2124.77661132812,4411.7900390625,14836.990234375,17.2000007629395,0.0385039422719053,0.0479968494264567,0.0100943323862559,0.0103241037747157,-0.489999771118164,1,0,0,0,0,"Yahoo Finance",TRUE
2021-07-26,37337.53515625,2233.36669921875,4422.2998046875,14840.7099609375,17.5799999237061,0.106022292845941,0.049843504796331,0.00237936692272811,0.000250674854015642,0.379999160766602,3,1,0,0,0,"Yahoo Finance",TRUE
2021-07-27,39406.94140625,2298.33349609375,4401.4599609375,14660.580078125,19.3600006103516,0.0539428534880368,0.0286741158279629,-0.0047235833821766,-0.0122118131856777,1.78000068664551,1,0,0,0,0,"Yahoo Finance",TRUE
2021-07-28,39995.90625,2296.54541015625,4400.64013671875,14762.580078125,18.3099994659424,0.0148351265164539,-0.000778295169140186,-0.000186279231552788,0.00693334149448255,-1.05000114440918,1,0,0,0,0,"Yahoo Finance",TRUE
2021-07-29,40008.421875,2380.95678710938,4419.14990234375,14778.259765625,17.7000007629395,0.000312873700597294,0.0360964200642204,0.0041973318452726,0.00106156013542069,-0.60999870300293,1,0,0,0,0,"Yahoo Finance",TRUE
2021-07-30,42235.546875,2466.96142578125,4395.259765625,14672.6796875,18.2399997711182,0.0541722306526182,0.0354847830522207,-0.00542071360826135,-0.0071699261476077,0.539999008178711,1,0,0,0,0,"Yahoo Finance",TRUE
2021-08-02,39201.9453125,2610.1533203125,4387.16015625,14681.0703125,19.4599990844727,-0.0745358385956738,0.0564217616828575,-0.00184450567006067,0.000571690174409056,1.21999931335449,3,1,0,0,0,"Yahoo Finance",TRUE
2021-08-03,38152.98046875,2502.349609375,4423.14990234375,14761.2900390625,18.0400009155273,-0.027122491205132,-0.0421788287764802,0.00816996133891834,0.00544928627413377,-1.41999816894531,1,0,0,0,0,"Yahoo Finance",TRUE
2021-08-04,39747.50390625,2724.61987304688,4402.66015625,14780.5302734375,17.9699993133545,0.0409431646384775,0.085098788007584,-0.0046431506612965,0.00130257627268016,-0.0700016021728516,1,0,0,0,0,"Yahoo Finance",TRUE
2021-08-05,40869.5546875,2827.32885742188,4429.10009765625,14895.1201171875,17.2800006866455,0.0278383573712464,0.0370034770420329,0.00598748599042054,0.00772285774881176,-0.689998626708984,1,0,0,0,0,"Yahoo Finance",TRUE
2021-08-06,42816.5,2890.94165039062,4436.52001953125,14835.759765625,16.1499996185303,0.0465381406264154,0.0222498803409117,0.00167386454852902,-0.00399318356362599,-1.13000106811523,1,0,0,0,0,"Yahoo Finance",TRUE
2021-08-09,46365.40234375,3167.85620117188,4432.35009765625,14860.1796875,16.7199993133545,0.0796299996467553,0.0914728022396689,-0.000940350264956535,0.00164466441063738,0.569999694824219,3,1,0,0,0,"Yahoo Finance",TRUE
2021-08-10,45585.03125,3141.69116210938,4436.75,14788.08984375,16.7900009155273,-0.016974141392609,-0.00829384028428315,0.000992186953864049,-0.00486301473645945,0.0700016021728516,1,0,0,0,0,"Yahoo Finance",TRUE
2021-08-11,45593.63671875,3164.2451171875,4442.41015625,14765.1396484375,16.1700000762939,0.000188760572342517,0.00715327597733761,0.0012749307180151,-0.00155314328216072,-0.620000839233398,1,0,0,0,0,"Yahoo Finance",TRUE
2021-08-12,44428.2890625,3043.41430664062,4460.830078125,14816.259765625,15.5900001525879,-0.0258917535442009,-0.0389345052037431,0.00413780773547856,0.0034562373037339,-0.579999923706055,1,0,0,0,0,"Yahoo Finance",TRUE
2021-08-13,47793.3203125,3322.21166992188,4468,14822.900390625,15.4499998092651,0.0730094797189178,0.0876507144106249,0.00160601632092394,0.000448098061895053,-0.140000343322754,1,0,0,0,0,"Yahoo Finance",TRUE
2021-08-16,46004.484375,3156.50952148438,4479.7099609375,14793.759765625,16.1200008392334,-0.0381470091655647,-0.0511638914876933,0.00261742226199324,-0.00196785419085366,0.670001029968262,3,1,0,0,0,"Yahoo Finance",TRUE
2021-08-17,44695.359375,3014.84594726562,4448.080078125,14656.1796875,17.9099998474121,-0.0288691990345864,-0.0459181018505408,-0.00708574350713675,-0.00934338620455222,1.78999900817871,1,0,0,0,0,"Yahoo Finance",TRUE
2021-08-18,44801.1875,3020.08984375,4400.27001953125,14525.91015625,21.5699996948242,0.00236496665001162,0.00173784709091507,-0.0108066528452557,-0.00892810605912153,3.65999984741211,1,0,0,0,0,"Yahoo Finance",TRUE
2021-08-19,46717.578125,3182.7021484375,4405.7998046875,14541.7900390625,21.6700000762939,0.0418858533323494,0.0524439876567424,0.00125590325615832,0.00109261374553782,0.100000381469727,1,0,0,0,0,"Yahoo Finance",TRUE
2021-08-20,49339.17578125,3286.93530273438,4441.669921875,14714.66015625,18.5599994659424,0.0545979069838527,0.0322250435310778,0.00810860389074186,0.0118177104825783,-3.11000061035156,1,0,0,0,0,"Yahoo Finance",TRUE
2021-08-23,49546.1484375,3319.25732421875,4479.52978515625,14942.650390625,17.1499996185303,0.00418612084507863,0.00978544866172015,0.00848766798441147,0.015375279925669,-1.40999984741211,3,1,0,0,0,"Yahoo Finance",TRUE
2021-08-24,47706.1171875,3172.45629882812,4486.22998046875,15019.7998046875,17.2199993133545,-0.0378448943309504,-0.0452349148634461,0.00149461880196178,0.00514975137609497,0.0699996948242188,1,0,0,0,0,"Yahoo Finance",TRUE
2021-08-25,48960.7890625,3224.91528320312,4496.18994140625,15041.8603515625,16.7900009155273,0.0259601219504297,0.0164005356120249,0.00221765740325175,0.00146768679576503,-0.429998397827148,1,0,0,0,0,"Yahoo Finance",TRUE
2021-08-26,46942.21875,3100.32543945312,4470,14945.8095703125,18.8400001525879,-0.0421022974523755,-0.0393995946786934,-0.00584194982760344,-0.00640604021402602,2.04999923706055,1,0,0,0,0,"Yahoo Finance",TRUE
2021-08-27,49058.66796875,3270.60083007812,4509.3701171875,15129.5,16.3899993896484,0.0440994303022677,0.0534666216662867,0.0087690715404527,0.0122155160813886,-2.45000076293945,1,0,0,0,0,"Yahoo Finance",TRUE
2021-08-30,47054.984375,3224.37426757812,4528.7900390625,15265.8896484375,16.1900005340576,-0.0417000891442569,-0.0142348022509022,0.004297324106874,0.00897442443864094,-0.19999885559082,3,1,0,0,0,"Yahoo Finance",TRUE
2021-08-31,47166.6875,3433.73266601562,4522.68017578125,15259.240234375,16.4799995422363,0.00237107185873064,0.0629090044287572,-0.00135002691589214,-0.000435668198182526,0.289999008178711,1,0,0,0,0,"Yahoo Finance",TRUE
2021-09-01,48847.02734375,3834.828125,4524.08984375,15309.3798828125,16.1100006103516,0.0350056537880175,0.110476706050294,0.000311640060951746,0.00328046821936745,-0.369998931884766,1,0,0,0,0,"Yahoo Finance",TRUE
2021-09-02,49327.72265625,3790.98999023438,4536.9501953125,15331.1796875,16.4099998474121,0.00979272478817172,-0.0114974202159441,0.00283860575440542,0.00142293800579907,0.299999237060547,1,0,0,0,0,"Yahoo Finance",TRUE
2021-09-03,50025.375,3940.61474609375,4535.43017578125,15363.51953125,16.4099998474121,0.0140441280061872,0.0387095419379762,-0.000335087261181144,0.00210719482774557,0,1,0,0,0,0,"Yahoo Finance",TRUE
2021-09-07,46811.12890625,3426.39428710938,4520.02978515625,15374.330078125,18.1399993896484,-0.0664094048971382,-0.139828258064352,-0.00340135245232176,0.000703402967879185,1.72999954223633,4,1,0,0,0,"Yahoo Finance",TRUE
2021-09-08,46091.390625,3497.31518554688,4514.06982421875,15286.6396484375,17.9599990844727,-0.0154947935729908,0.0204871042857562,-0.00131943681381586,-0.00572001926631138,-0.180000305175781,1,0,0,0,0,"Yahoo Finance",TRUE
2021-09-09,46391.421875,3427.34008789062,4493.27978515625,15248.25,18.7999992370605,0.00648839053395278,-0.0202111085335126,-0.0046162471500022,-0.00251447895220025,0.840000152587891,1,0,0,0,0,"Yahoo Finance",TRUE
2021-09-10,44883.91015625,3211.505859375,4458.580078125,15115.490234375,20.9500007629395,-0.0330351866444651,-0.0650445335422027,-0.00775255228627714,-0.00874468103103432,2.15000152587891,1,0,0,0,0,"Yahoo Finance",TRUE
2021-09-13,44963.07421875,3285.51171875,4468.72998046875,15105.580078125,19.3700008392334,0.00176219788647636,0.0227824719461864,0.00227390034637054,-0.000655844184388243,-1.57999992370605,3,1,0,0,0,"Yahoo Finance",TRUE
2021-09-14,47092.4921875,3429.16967773438,4443.0498046875,15037.759765625,19.4599990844727,0.0462720067779099,0.0427957412522009,-0.00576321396625801,-0.0044998614812588,0.0899982452392578,1,0,0,0,0,"Yahoo Finance",TRUE
2021-09-15,48176.34765625,3615.28271484375,4480.7001953125,15161.5302734375,18.1800003051758,0.0227546013145083,0.0528519031849957,0.00843829422207953,0.00819696096597333,-1.27999877929688,1,0,0,0,0,"Yahoo Finance",TRUE
2021-09-16,47783.359375,3571.294921875,4473.75,15181.919921875,18.6900005340576,-0.00819073943593907,-0.0122418053576556,-0.00155234471276522,0.00134392439720088,0.510000228881836,1,0,0,0,0,"Yahoo Finance",TRUE
2021-09-17,47267.51953125,3398.53881835938,4432.990234375,15043.9697265625,20.8099994659424,-0.0108540797092775,-0.0495826732946192,-0.00915263027579805,-0.00912801275707587,2.11999893188477,1,0,0,0,0,"Yahoo Finance",TRUE
2021-09-20,42843.80078125,2958.99340820312,4357.72998046875,14713.900390625,25.7099990844727,-0.0982624069184972,-0.138496434238469,-0.0171230777263816,-0.0221845764931885,4.89999961853027,3,1,0,0,0,"Yahoo Finance",TRUE
2021-09-21,40693.67578125,2764.43115234375,4354.18994140625,14746.400390625,24.3600006103516,-0.0514882678633253,-0.0680142634171643,-0.00081268865854689,0.00220635990280904,-1.34999847412109,1,0,0,0,0,"Yahoo Finance",TRUE
2021-09-22,43574.5078125,3077.86791992188,4395.64013671875,14896.849609375,20.8700008392334,0.0683996019967825,0.107402241202027,0.0094745852242184,0.0101507432939947,-3.48999977111816,1,0,0,0,0,"Yahoo Finance",TRUE
2021-09-23,44895.09765625,3155.52368164062,4448.97998046875,15052.240234375,18.6299991607666,0.0298563090232236,0.0249173434019472,0.0120616803699374,0.0103770779164645,-2.2400016784668,1,0,0,0,0,"Yahoo Finance",TRUE
2021-09-24,42839.75,2931.66918945312,4455.47998046875,15047.7001953125,17.75,-0.046862195289874,-0.0735825168405748,0.00145994281136375,-0.000301664324389606,-0.879999160766602,1,0,0,0,0,"Yahoo Finance",TRUE
2021-09-27,42235.73046875,2934.13891601562,4443.10986328125,14969.9697265625,18.7600002288818,-0.0141998535234826,0.000842075521064523,-0.0027802439201885,-0.00517899241963349,1.01000022888184,3,1,0,0,0,"Yahoo Finance",TRUE
2021-09-28,41034.54296875,2807.29663085938,4352.6298828125,14546.6796875,23.25,-0.028852332947741,-0.0441920583712649,-0.0205743177398929,-0.0286834087517196,4.48999977111816,1,0,0,0,0,"Yahoo Finance",TRUE
2021-09-29,41564.36328125,2853.14331054688,4359.4599609375,14512.4404296875,22.5599994659424,0.0128289248145723,0.0161993352963057,0.00156795433628432,-0.00235652514730234,-0.690000534057617,1,0,0,0,0,"Yahoo Finance",TRUE
2021-09-30,43790.89453125,3001.67895507812,4307.5400390625,14448.580078125,23.1399993896484,0.0521827601181641,0.0507504813172925,-0.0119812029450159,-0.00441009701620665,0.579999923706055,1,0,0,0,0,"Yahoo Finance",TRUE
2021-10-01,48116.94140625,3307.51611328125,4357.0400390625,14566.7001953125,21.1000003814697,0.0942084189312791,0.0970257049212542,0.0114259521133349,0.00814196992793548,-2.03999900817871,1,0,0,0,0,"Yahoo Finance",TRUE
2021-10-04,49112.90234375,3380.08911132812,4300.4599609375,14255.48046875,22.9599990844727,0.0204874498514229,0.0217045847101875,-0.0130709520486434,-0.0215966880930107,1.85999870300293,3,1,0,0,0,"Yahoo Finance",TRUE
2021-10-05,51514.8125,3518.5185546875,4345.72021484375,14433.830078125,21.2999992370605,0.0477476105346852,0.0401379624301601,0.0104695174986009,0.0124333351708934,-1.65999984741211,1,0,0,0,0,"Yahoo Finance",TRUE
2021-10-06,55361.44921875,3580.56201171875,4363.5498046875,14501.91015625,21,0.0720141013773112,0.0174797387293157,0.00409439934962386,0.00470561341767173,-0.299999237060547,1,0,0,0,0,"Yahoo Finance",TRUE
2021-10-07,53805.984375,3587.97485351562,4399.759765625,14654.01953125,19.5400009155273,-0.0284987943333466,0.00206816107065499,0.00826403922506636,0.010434292900058,-1.45999908447266,1,0,0,0,0,"Yahoo Finance",TRUE
2021-10-08,53967.84765625,3563.75927734375,4391.33984375,14579.5400390625,18.7700004577637,0.00300376074416775,-0.00677197118118755,-0.00191555660242138,-0.0050954898706177,-0.770000457763672,1,0,0,0,0,"Yahoo Finance",TRUE
2021-10-11,57484.7890625,3545.35400390625,4361.18994140625,14486.2001953125,20,0.0631319193015134,-0.00517794943801242,-0.00688944164433991,-0.00642269309919641,1.22999954223633,3,1,0,0,0,"Yahoo Finance",TRUE
2021-10-12,56041.05859375,3492.5732421875,4350.64990234375,14465.919921875,19.8500003814697,-0.0254357635060849,-0.0149992318497638,-0.00241970568655425,-0.00140095279187591,-0.149999618530273,1,0,0,0,0,"Yahoo Finance",TRUE
2021-10-13,57401.09765625,3606.20166015625,4363.7998046875,14571.6396484375,18.6399993896484,0.0239788148164823,0.0320162635148691,0.00301795587023079,0.00728161699871777,-1.21000099182129,1,0,0,0,0,"Yahoo Finance",TRUE
2021-10-14,57321.5234375,3786.01416015625,4438.259765625,14823.4296875,16.8600006103516,-0.0013872457018973,0.0486587461948016,0.0169191622857117,0.0171318662008968,-1.77999877929688,1,0,0,0,0,"Yahoo Finance",TRUE
2021-10-15,61593.94921875,3862.634765625,4471.3701171875,14897.33984375,16.2999992370605,0.0718874583745794,0.0200357394754,0.00743252063718991,0.00497364703379333,-0.560001373291016,1,0,0,0,0,"Yahoo Finance",TRUE
2021-10-18,62026.078125,3748.76025390625,4486.4599609375,15021.8095703125,16.3099994659424,0.0069912727842425,-0.0299243460277907,0.00336908780180423,0.00832045342767707,0.0100002288818359,3,1,0,0,0,"Yahoo Finance",TRUE
2021-10-19,64261.9921875,3877.65087890625,4519.6298828125,15129.08984375,15.6999998092651,0.0354134436604987,0.033804340335239,0.00736614278423531,0.00711625379370062,-0.609999656677246,1,0,0,0,0,"Yahoo Finance",TRUE
2021-10-20,65992.8359375,4155.9921875,4536.18994140625,15121.6796875,15.4899997711182,0.0265778345420369,0.0693216667235514,0.0036573335985608,-0.00048991523277131,-0.210000038146973,1,0,0,0,0,"Yahoo Finance",TRUE
2021-10-21,62210.171875,4054.32275390625,4549.77978515625,15215.7001953125,15.0100002288818,-0.0590276683907298,-0.0247675348703638,0.00299139316835983,0.00619834733216784,-0.479999542236328,1,0,0,0,0,"Yahoo Finance",TRUE
2021-10-22,60692.265625,3970.18188476562,4544.89990234375,15090.2001953125,15.4300003051758,-0.0247022510827044,-0.0209717501004736,-0.00107312922466285,-0.00828226291118916,0.420000076293945,1,0,0,0,0,"Yahoo Finance",TRUE
2021-10-25,63039.82421875,4217.876953125,4566.47998046875,15226.7099609375,15.2399997711182,0.0379503868776929,0.0605200013262444,0.00473695944085328,0.00900558054921419,-0.190000534057617,3,1,0,0,0,"Yahoo Finance",TRUE
2021-10-26,60363.79296875,4131.10205078125,4574.7900390625,15235.7099609375,15.9799995422363,-0.043377186101063,-0.0207876980180544,0.00181814143224379,0.000590892009562083,0.739999771118164,1,0,0,0,0,"Yahoo Finance",TRUE
2021-10-27,58482.38671875,3930.25732421875,4551.68017578125,15235.83984375,16.9799995422363,-0.0316638438636829,-0.0498393111221507,-0.0050643703711053,8.52485766777988e-06,1,1,0,0,0,0,"Yahoo Finance",TRUE
2021-10-28,60622.13671875,4287.31884765625,4596.419921875,15448.1201171875,16.5300006866455,0.0359344915880246,0.0869566596858409,0.00978128842418435,0.013836783815929,-0.44999885559082,1,0,0,0,0,"Yahoo Finance",TRUE
2021-10-29,62227.96484375,4414.74658203125,4605.3798828125,15498.3896484375,16.2600002288818,0.0261443755051545,0.0292888727711631,0.00194743723171698,0.00324880420091489,-0.270000457763672,1,0,0,0,0,"Yahoo Finance",TRUE
2021-11-01,61004.40625,4324.626953125,4613.669921875,15595.919921875,16.4099998474121,-0.0198583990948684,-0.0206245500440314,0.00179845894590258,0.0062732116987938,0.149999618530273,3,1,0,0,0,"Yahoo Finance",TRUE
2021-11-02,63226.40234375,4584.798828125,4630.64990234375,15649.599609375,16.0300006866455,0.035775877348474,0.0584203456042633,0.00367360712038867,0.00343599601590761,-0.379999160766602,1,0,0,0,0,"Yahoo Finance",TRUE
2021-11-03,62970.046875,4607.19384765625,4660.56982421875,15811.580078125,15.1000003814697,-0.004062805617151,0.00487273317822279,0.00644049461288887,0.010297255324538,-0.930000305175781,1,0,0,0,0,"Yahoo Finance",TRUE
2021-11-04,61452.23046875,4537.32421875,4680.06005859375,15940.3095703125,15.4399995803833,-0.0243990342546088,-0.0152815026624076,0.0041732223428177,0.00810850622873716,0.339999198913574,1,0,0,0,0,"Yahoo Finance",TRUE
2021-11-05,61125.67578125,4486.2431640625,4697.52978515625,15971.58984375,16.4799995422363,-0.00532812918796743,-0.0113218194457634,0.00372585004528503,0.00196041501947164,1.03999996185303,1,0,0,0,0,"Yahoo Finance",TRUE
2021-11-08,67566.828125,4812.08740234375,4701.7001953125,15982.3603515625,17.2199993133545,0.10018515094229,0.0701153216351766,0.000887394060701041,0.000674126870359615,0.739999771118164,3,1,0,0,0,"Yahoo Finance",TRUE
2021-11-09,66971.828125,4735.06884765625,4685.25,15886.5400390625,17.7800006866455,-0.00884509918220111,-0.0161346946685121,-0.00350491092639871,-0.00601342375004954,0.560001373291016,1,0,0,0,0,"Yahoo Finance",TRUE
2021-11-10,64995.23046875,4636.17431640625,4646.7099609375,15622.7099609375,18.7299995422363,-0.0299581654204442,-0.0211067413161121,-0.00825984216386111,-0.0167465899053152,0.94999885559082,1,0,0,0,0,"Yahoo Finance",TRUE
2021-11-11,64949.9609375,4730.38427734375,4649.27001953125,15704.2802734375,17.6599998474121,-0.000696748107282374,0.0201169163952954,0.000550788332988716,0.00520768169799979,-1.06999969482422,1,0,0,0,0,"Yahoo Finance",TRUE
2021-11-12,64155.94140625,4667.115234375,4682.85009765625,15860.9599609375,16.2900009155273,-0.0123004375187143,-0.0134652837916871,0.00719669756412955,0.00992743746721736,-1.36999893188477,1,0,0,0,0,"Yahoo Finance",TRUE
2021-11-15,63557.87109375,4557.50390625,4682.7998046875,15853.849609375,16.4899997711182,-0.00936585750037011,-0.0237660733055556,-1.07398780162526e-05,-0.0004483931499486,0.19999885559082,3,1,0,0,0,"Yahoo Finance",TRUE
2021-11-16,60161.24609375,4216.365234375,4700.89990234375,15973.8603515625,16.3700008392334,-0.0549224542515834,-0.0778016466427829,0.00385777905712636,0.00754130982710954,-0.119998931884766,1,0,0,0,0,"Yahoo Finance",TRUE
2021-11-17,60368.01171875,4287.59375,4688.669921875,15921.5703125,17.1100006103516,0.0034309649222326,0.0167522401110087,-0.00260501548289582,-0.00327884495180264,0.739999771118164,1,0,0,0,0,"Yahoo Finance",TRUE
2021-11-18,56942.13671875,4000.65087890625,4704.5400390625,15993.7099609375,17.5900001525879,-0.0584237504033087,-0.0692686105331806,0.00337906474017124,0.00452070423181716,0.479999542236328,1,0,0,0,0,"Yahoo Finance",TRUE
2021-11-19,58119.578125,4298.306640625,4697.9599609375,16057.4404296875,17.9099998474121,0.0204669730463056,0.07176407302331,-0.00139964460498732,0.00397680282701174,0.319999694824219,1,0,0,0,0,"Yahoo Finance",TRUE
2021-11-22,56289.2890625,4088.45776367188,4682.93994140625,15854.759765625,19.1700000762939,-0.0319983104982615,-0.0500533165851014,-0.00320225831696064,-0.0127025644181202,1.26000022888184,3,1,0,0,0,"Yahoo Finance",TRUE
2021-11-23,57569.07421875,4340.763671875,4690.7001953125,15775.1396484375,19.3799991607666,0.0224812481032117,0.0598824698472242,0.00165576138319423,-0.00503449500847353,0.209999084472656,1,0,0,0,0,"Yahoo Finance",TRUE
2021-11-24,56280.42578125,4239.9814453125,4701.4599609375,15845.23046875,18.5799999237061,-0.0226387199646378,-0.0234914007657192,0.00229122377666791,0.00443327733669641,-0.799999237060547,1,0,0,0,0,"Yahoo Finance",TRUE
2021-11-26,53569.765625,4030.90893554688,4594.6201171875,15491.66015625,28.6200008392334,-0.0493619628605018,-0.0505670002816778,-0.0229870111593211,-0.0225667135541538,10.0400009155273,2,1,0,0,0,"Yahoo Finance",TRUE
2021-11-29,57806.56640625,4445.10498046875,4655.27001953125,15782.830078125,22.9599990844727,0.0761175401035352,0.0978115934931676,0.0131138360828231,0.0186208205394749,-5.66000175476074,3,1,0,0,0,"Yahoo Finance",TRUE
2021-11-30,57005.42578125,4631.47900390625,4567,15537.6904296875,27.1900005340576,-0.0139559224210757,0.041072770036644,-0.019143381187849,-0.015653932329883,4.23000144958496,1,0,0,0,0,"Yahoo Finance",TRUE
2021-12-01,57229.828125,4586.990234375,4513.0400390625,15254.0498046875,31.1200008392334,0.00392878073484226,-0.00965216974274874,-0.0118855414579571,-0.0184236841346124,3.93000030517578,1,0,0,0,0,"Yahoo Finance",TRUE
2021-12-02,56477.81640625,4511.30224609375,4577.10009765625,15381.3203125,27.9500007629395,-0.0132273021087421,-0.0166382284365039,0.0140946383960578,0.00830877769779015,-3.17000007629395,1,0,0,0,0,"Yahoo Finance",TRUE
2021-12-03,53598.24609375,4220.7060546875,4538.43017578125,15085.4697265625,30.6700000762939,-0.0523315856653426,-0.0665834326074002,-0.00848445514173868,-0.0194217956812217,2.71999931335449,1,0,0,0,0,"Yahoo Finance",TRUE
2021-12-06,50582.625,4358.7373046875,4591.669921875,15225.150390625,27.1800003051758,-0.0579082075312876,0.0321799808092962,0.0116625993096857,0.0092166806427052,-3.48999977111816,3,1,0,0,0,"Yahoo Finance",TRUE
2021-12-07,50700.0859375,4315.0615234375,4686.75,15686.919921875,21.8899993896484,0.00231946773686609,-0.0100708239269611,0.0204956031862533,0.0298785476959615,-5.29000091552734,1,0,0,0,0,"Yahoo Finance",TRUE
2021-12-08,50504.796875,4439.35791015625,4701.2099609375,15786.990234375,19.8999996185303,-0.00385928622138643,0.0283981686841628,0.0030805355865855,0.00635895884620297,-1.98999977111816,1,0,0,0,0,"Yahoo Finance",TRUE
2021-12-09,47672.12109375,4119.81591796875,4667.4501953125,15517.3701171875,21.5799999237061,-0.0577215558084756,-0.0747012688981492,-0.00720698823252341,-0.0172261487784535,1.68000030517578,1,0,0,0,0,"Yahoo Finance",TRUE
2021-12-10,47243.3046875,3908.49609375,4712.02001953125,15630.599609375,18.6900005340576,-0.0090358194216158,-0.0526558130051615,0.0095037691182096,0.00727045723703412,-2.88999938964844,1,0,0,0,0,"Yahoo Finance",TRUE
2021-12-13,46737.48046875,3784.22680664062,4668.97021484375,15413.2802734375,20.3099994659424,-0.0107645217532859,-0.0323110815300396,-0.00917815834279345,-0.014001013198687,1.61999893188477,3,1,0,0,0,"Yahoo Finance",TRUE
2021-12-14,46612.6328125,3745.4404296875,4634.08984375,15237.6396484375,21.8899993896484,-0.00267482762042626,-0.0103023729461231,-0.00749872285462416,-0.0114608336706929,1.57999992370605,1,0,0,0,0,"Yahoo Finance",TRUE
2021-12-15,48896.72265625,4018.388671875,4709.85009765625,15565.580078125,19.2900009155273,0.0478387780999814,0.0703417796089134,0.0162162673518917,0.0212934117565702,-2.59999847412109,1,0,0,0,0,"Yahoo Finance",TRUE
2021-12-16,47665.42578125,3962.4697265625,4668.669921875,15180.4296875,20.5699996948242,-0.0255040641984596,-0.0140134951961794,-0.0087818633111123,-0.0250549935823816,1.27999877929688,1,0,0,0,0,"Yahoo Finance",TRUE
2021-12-17,46202.14453125,3879.48657226562,4620.64013671875,15169.6796875,21.5699996948242,-0.0311800932560402,-0.0211646810464234,-0.0103409645840546,-0.000708399453637654,1,1,0,0,0,0,"Yahoo Finance",TRUE
2021-12-20,46880.27734375,3933.84448242188,4568.02001953125,14980.9404296875,22.8700008392334,0.0145708458511642,0.0139143693748682,-0.0114533983232565,-0.0125199231362441,1.30000114440918,3,1,0,0,0,"Yahoo Finance",TRUE
2021-12-21,48936.61328125,4020.26000976562,4649.22998046875,15341.08984375,21.0100002288818,0.0429287928874675,0.0217293920670727,0.0176217553851963,0.0237560841558544,-1.86000061035156,1,0,0,0,0,"Yahoo Finance",TRUE
2021-12-22,48628.51171875,3982.099609375,4696.56005859375,15521.8896484375,18.6299991607666,-0.00631583440648953,-0.00953735934551858,0.0101287280291267,0.011716423749478,-2.38000106811523,1,0,0,0,0,"Yahoo Finance",TRUE
2021-12-23,50784.5390625,4108.015625,4725.7900390625,15653.3701171875,17.9599990844727,0.0433819393295867,0.0311308753731332,0.00620441268525163,0.00843497371273294,-0.670000076293945,1,0,0,0,0,"Yahoo Finance",TRUE
2021-12-27,50640.41796875,4037.54760742188,4791.18994140625,15871.259765625,17.6800003051758,-0.00284192756829427,-0.0173026158219418,0.0137440515736067,0.0138236749500269,-0.279998779296875,4,1,0,0,0,"Yahoo Finance",TRUE
2021-12-28,47588.85546875,3800.89306640625,4786.35009765625,15781.7197265625,17.5400009155273,-0.0621514265119778,-0.0604014231957901,-0.00101066539888706,-0.00565762082034738,-0.139999389648438,1,0,0,0,0,"Yahoo Finance",TRUE
2021-12-29,46444.7109375,3628.53173828125,4793.06005859375,15766.2197265625,16.9500007629395,-0.0243360119563416,-0.0464079699549806,0.00140091340185755,-0.000982631608650308,-0.590000152587891,1,0,0,0,0,"Yahoo Finance",TRUE
2021-12-30,47178.125,3713.85205078125,4778.72998046875,15741.5595703125,17.3299999237061,0.0156677387131339,0.0232415399504067,-0.00299423384190511,-0.00156533794736902,0.379999160766602,1,0,0,0,0,"Yahoo Finance",TRUE
2021-12-31,46306.4453125,3682.6328125,4766.18017578125,15644.9697265625,17.2199993133545,-0.0186491727568665,-0.00844169203451983,-0.00262963437347352,-0.00615487923233182,-0.110000610351562,1,0,0,0,0,"Yahoo Finance",TRUE
2022-01-03,46458.1171875,3761.38037109375,4796.56005859375,15832.7998046875,16.6000003814697,0.00327004205198556,0.0211580754452037,0.00635382417038777,0.0119342831628888,-0.619998931884766,3,1,0,0,0,"Yahoo Finance",TRUE
2022-01-04,45897.57421875,3794.056640625,4793.5400390625,15622.7197265625,16.9099998474121,-0.0121389346638612,0.00864979039962499,-0.000629820252203928,-0.0133574777861405,0.309999465942383,1,0,0,0,0,"Yahoo Finance",TRUE
2022-01-05,43569.00390625,3550.38696289062,4700.580078125,15100.169921875,19.7299995422363,-0.0520662884548138,-0.0663791992230998,-0.0195832643045009,-0.0340202506106841,2.81999969482422,1,0,0,0,0,"Yahoo Finance",TRUE
2022-01-06,43160.9296875,3418.408203125,4696.0498046875,15080.8603515625,19.6100006103516,-0.00941029730358878,-0.037881596135998,-0.000964233740180731,-0.0012795834186079,-0.119998931884766,1,0,0,0,0,"Yahoo Finance",TRUE
2022-01-07,41557.90234375,3193.21044921875,4677.02978515625,14935.900390625,18.7600002288818,-0.0378479886503751,-0.0681481839233022,-0.00405844108233566,-0.00965867630581663,-0.850000381469727,1,0,0,0,0,"Yahoo Finance",TRUE
2022-01-10,41821.26171875,3083.09790039062,4670.2900390625,14942.830078125,19.3999996185303,0.00631717177250835,-0.0350919178078826,-0.00144207053753931,0.000463854221081306,0.639999389648438,3,1,0,0,0,"Yahoo Finance",TRUE
2022-01-11,42735.85546875,3238.11157226562,4713.06982421875,15153.4501953125,18.4099998474121,0.0216334106374383,0.0490554085052697,0.00911828645239865,0.0139966503332154,-0.989999771118164,1,0,0,0,0,"Yahoo Finance",TRUE
2022-01-12,43949.1015625,3372.25830078125,4726.35009765625,15188.3896484375,17.6200008392334,0.0279939072519131,0.0405923270449176,0.00281379201466692,0.00230305536831921,-0.789999008178711,1,0,0,0,0,"Yahoo Finance",TRUE
2022-01-13,42591.5703125,3248.28857421875,4659.02978515625,14806.8095703125,20.3099994659424,-0.0313758279520702,-0.0374543737660087,-0.0143460292343995,-0.0254441160041505,2.68999862670898,1,0,0,0,0,"Yahoo Finance",TRUE
2022-01-14,43099.69921875,3310.00146484375,4662.85009765625,14893.75,19.1900005340576,0.0118596646958213,0.018820366844837,0.000819644269590469,0.00585448080900619,-1.11999893188477,1,0,0,0,0,"Yahoo Finance",TRUE
2022-01-18,42375.6328125,3164.02514648438,4577.10986328125,14506.900390625,22.7900009155273,-0.016942519184628,-0.0451036343781759,-0.0185591053980083,-0.0263172366290281,3.60000038146973,4,1,0,0,0,"Yahoo Finance",TRUE
2022-01-19,41744.328125,3095.82592773438,4532.759765625,14340.259765625,23.8500003814697,-0.0150099104428705,-0.0217902683068747,-0.00973679094146007,-0.0115534754708122,1.05999946594238,1,0,0,0,0,"Yahoo Finance",TRUE
2022-01-20,40680.41796875,3001.1201171875,4482.72998046875,14154.01953125,25.5900001525879,-0.0258167430956036,-0.0310691378769903,-0.0110987423043323,-0.0130723002021611,1.73999977111816,1,0,0,0,0,"Yahoo Finance",TRUE
2022-01-21,36457.31640625,2557.931640625,4397.93994140625,13768.919921875,28.8500003814697,-0.109604682915441,-0.159786612337045,-0.0190959953246352,-0.0275847769448099,3.26000022888184,1,0,0,0,0,"Yahoo Finance",TRUE
2022-01-24,36654.328125,2440.35229492188,4410.1298828125,13855.1298828125,29.8999996185303,0.00538935204823332,-0.0470565669932022,0.00276790475827049,0.00624168008902259,1.04999923706055,3,1,0,0,0,"Yahoo Finance",TRUE
2022-01-25,36954.00390625,2455.93505859375,4356.4501953125,13539.2900390625,31.1599998474121,0.00814248682695151,0.00636515594707898,-0.0122465905568667,-0.0230597209357981,1.26000022888184,1,0,0,0,0,"Yahoo Finance",TRUE
2022-01-26,36852.12109375,2468.0302734375,4349.93017578125,13542.1201171875,31.9599990844727,-0.00276082444956494,0.00491280435798824,-0.00149775692588605,0.000209005226757597,0.799999237060547,1,0,0,0,0,"Yahoo Finance",TRUE
2022-01-27,37138.234375,2423.00122070312,4326.509765625,13352.7802734375,30.4899997711182,0.00773383789078608,-0.0184134267201372,-0.00539863519997041,-0.0140802136523845,-1.46999931335449,1,0,0,0,0,"Yahoo Finance",TRUE
2022-01-28,37784.33203125,2547.09204101562,4431.85009765625,13770.5703125,27.6599998474121,0.0172475050904151,0.0499453867419808,0.0240559679147356,0.0308091055669752,-2.82999992370605,1,0,0,0,0,"Yahoo Finance",TRUE
2022-01-31,38483.125,2688.27880859375,4515.5498046875,14239.8798828125,24.8299999237061,0.0183253133484467,0.0539488083426969,0.0187098262229846,0.0335127418398251,-2.82999992370605,3,1,0,0,0,"Yahoo Finance",TRUE
2022-02-01,38743.2734375,2792.1171875,4546.5400390625,14346,21.9599990844727,0.00673731850263337,0.0378990159024131,0.00683956034831823,0.00742468695174026,-2.8700008392334,1,0,0,0,0,"Yahoo Finance",TRUE
2022-02-02,36952.984375,2682.85400390625,4589.3798828125,14417.5498046875,22.0900001525879,-0.0473107399591228,-0.0399190018984639,0.00937840044832328,0.00497504325794651,0.130001068115234,1,0,0,0,0,"Yahoo Finance",TRUE
2022-02-03,37154.6015625,2679.16259765625,4477.43994140625,13878.8203125,24.3500003814697,0.00544121583199164,-0.00137687258636898,-0.0246934717201199,-0.0380822413903577,2.26000022888184,1,0,0,0,0,"Yahoo Finance",TRUE
2022-02-04,41500.875,2983.5869140625,4500.52978515625,14098.009765625,23.2199993133545,0.110626883457448,0.107621956998774,0.00514367843986285,0.015669676475385,-1.13000106811523,1,0,0,0,0,"Yahoo Finance",TRUE
2022-02-07,43840.28515625,3142.470703125,4483.8701171875,14015.669921875,22.8600006103516,0.0548386357433817,0.0518830995129171,-0.00370858092782811,-0.0058576522250231,-0.35999870300293,3,1,0,0,0,"Yahoo Finance",TRUE
2022-02-08,44118.4453125,3122.60864257812,4521.5400390625,14194.4501953125,21.4400005340576,0.00632480896533849,-0.00634058277436012,0.00836611346663396,0.0126750730745364,-1.42000007629395,1,0,0,0,0,"Yahoo Finance",TRUE
2022-02-09,44338.796875,3239.45703125,4587.18017578125,14490.3701171875,19.9599990844727,0.00498211368199719,0.0367369769410306,0.0144128420792651,0.0206332420487421,-1.48000144958496,1,0,0,0,0,"Yahoo Finance",TRUE
2022-02-10,43565.11328125,3077.48217773438,4504.080078125,14185.6396484375,23.9099998474121,-0.0176033937813891,-0.0512939449039003,-0.0182818244850562,-0.0212541384029503,3.95000076293945,1,0,0,0,0,"Yahoo Finance",TRUE
2022-02-11,42407.9375,2927.38354492188,4418.64013671875,13791.150390625,27.3600006103516,-0.0269211260551714,-0.0500027519128912,-0.0191516826380855,-0.0282030501264572,3.45000076293945,1,0,0,0,0,"Yahoo Finance",TRUE
2022-02-14,42586.91796875,2933.47900390625,4401.669921875,13790.919921875,28.3299999237061,0.00421156627222175,0.00208005600927397,-0.00384799075562903,-1.67114902822618e-05,0.969999313354492,3,1,0,0,0,"Yahoo Finance",TRUE
2022-02-15,44575.203125,3179.87719726562,4471.06982421875,14139.759765625,25.7000007629395,0.0456306044872399,0.080653486828755,0.0156437176460642,0.0249802716971175,-2.6299991607666,1,0,0,0,0,"Yahoo Finance",TRUE
2022-02-16,43961.859375,3127.830078125,4475.009765625,14124.08984375,24.2900009155273,-0.0138552950498987,-0.0165030804768929,0.000880819720283199,-0.00110883150717989,-1.40999984741211,1,0,0,0,0,"Yahoo Finance",TRUE
2022-02-17,40538.01171875,2881.48193359375,4380.259765625,13716.7197265625,28.1100006103516,-0.081082330719104,-0.0820347762747407,-0.0214005041369365,-0.0292663323890707,3.81999969482422,1,0,0,0,0,"Yahoo Finance",TRUE
2022-02-18,40030.9765625,2785.7275390625,4348.8701171875,13548.0703125,27.75,-0.0125865264237603,-0.0337956479674704,-0.0071919616638656,-0.0123713819041651,-0.360000610351562,1,0,0,0,0,"Yahoo Finance",TRUE
2022-02-22,38286.02734375,2639.29931640625,4304.759765625,13381.51953125,28.8099994659424,-0.0445685601614798,-0.0539956026367907,-0.0101947354350163,-0.0123695092126876,1.05999946594238,4,1,0,0,0,"Yahoo Finance",TRUE
2022-02-23,37296.5703125,2590.35961914062,4225.5,13037.490234375,31.0200004577637,-0.0261836346154212,-0.0187167563166106,-0.0185837357487877,-0.026045544324413,2.21000099182129,1,0,0,0,0,"Yahoo Finance",TRUE
2022-02-24,38332.609375,2598.06713867188,4288.7001953125,13473.58984375,30.3199996948242,0.0273995799515507,0.0029710451975582,0.0148461052527242,0.032902390219034,-0.700000762939453,1,0,0,0,0,"Yahoo Finance",TRUE
2022-02-25,39214.21875,2764.53564453125,4384.64990234375,13694.6201171875,27.5900001525879,0.0227384505953054,0.0621049200162807,0.0221260805512653,0.0162716020298035,-2.72999954223633,1,0,0,0,0,"Yahoo Finance",TRUE
2022-02-28,43193.234375,2919.201171875,4373.93994140625,13751.400390625,30.1499996185303,0.0966444670528173,0.0544373272013701,-0.00244559146312717,0.00413760198325797,2.55999946594238,3,1,0,0,0,"Yahoo Finance",TRUE
2022-03-01,44354.63671875,2972.48510742188,4306.259765625,13532.4599609375,33.3199996948242,0.0265333803325252,0.0180883318743943,-0.0155944677866113,-0.0160494245664626,3.17000007629395,1,0,0,0,0,"Yahoo Finance",TRUE
2022-03-02,43924.1171875,2950.11840820312,4386.5400390625,13752.01953125,30.7399997711182,-0.00975371593540686,-0.00755303153130527,0.0184710467806504,0.0160944473764886,-2.57999992370605,1,0,0,0,0,"Yahoo Finance",TRUE
2022-03-03,42451.7890625,2834.46899414062,4363.490234375,13537.9404296875,30.4799995422363,-0.0340944786524133,-0.0399906919380513,-0.00526852074424511,-0.0156895424806773,-0.260000228881836,1,0,0,0,0,"Yahoo Finance",TRUE
2022-03-04,39137.60546875,2617.15600585938,4328.8701171875,13313.4404296875,31.9799995422363,-0.0812852755652358,-0.0797663817311394,-0.00796568454300228,-0.01672206226662,1.5,1,0,0,0,0,"Yahoo Finance",TRUE
2022-03-07,38062.0390625,2497.77124023438,4201.08984375,12830.9599609375,36.4500007629395,-0.0278663460944593,-0.0466894039089993,-0.0299625868144151,-0.0369130861665052,4.47000122070312,3,1,0,0,0,"Yahoo Finance",TRUE
2022-03-08,38737.26953125,2576.74755859375,4170.7001953125,12795.5498046875,35.1300010681152,0.0175847382159606,0.0311291371173432,-0.00726004397569824,-0.00276355844867027,-1.31999969482422,1,0,0,0,0,"Yahoo Finance",TRUE
2022-03-09,41982.92578125,2729.78344726562,4277.8798828125,13255.5498046875,32.4500007629395,0.0804608330138592,0.0576943152453806,0.0253735981221404,0.0353188789566534,-2.68000030517578,1,0,0,0,0,"Yahoo Finance",TRUE
2022-03-10,39437.4609375,2608.04858398438,4259.52001953125,13129.9599609375,30.2299995422363,-0.0625468568005303,-0.0456200099854236,-0.00430104992024738,-0.00951967904517836,-2.22000122070312,1,0,0,0,0,"Yahoo Finance",TRUE
2022-03-11,38794.97265625,2559.56298828125,4204.31005859375,12843.8095703125,30.75,-0.0164254822906464,-0.0187657365026404,-0.0130462789332384,-0.0220346891128944,0.520000457763672,1,0,0,0,0,"Yahoo Finance",TRUE
2022-03-14,39666.75390625,2590.69604492188,4173.10986328125,12581.2197265625,31.7700004577637,0.0222227362392164,0.0120900466029203,-0.00744867509553337,-0.0206567455950175,1.02000045776367,3,1,0,0,0,"Yahoo Finance",TRUE
2022-03-15,39338.78515625,2620.14965820312,4262.4501953125,12948.6201171875,29.8299999237061,-0.0083024718981779,0.0113048547736749,0.0211826297241462,0.0287840236422667,-1.94000053405762,1,0,0,0,0,"Yahoo Finance",TRUE
2022-03-16,41143.9296875,2772.0556640625,4357.85986328125,13436.5498046875,26.6700000762939,0.0448654676741995,0.0563577243634557,0.0221369216483929,0.0369893633674927,-3.15999984741211,1,0,0,1,0,"Yahoo Finance",TRUE
2022-03-17,40951.37890625,2814.8544921875,4411.669921875,13614.7802734375,25.6700000762939,-0.00469091687779333,0.0153214081347057,0.012272205068701,0.0131773962521393,-1,1,0,0,1,0,"Yahoo Finance",TRUE
2022-03-18,41801.15625,2945.34301757812,4463.1201171875,13893.83984375,23.8700008392334,0.020538517974936,0.0453147147891775,0.0115948144118878,0.0202895777656984,-1.79999923706055,1,0,0,1,0,"Yahoo Finance",TRUE
2022-03-21,41077.99609375,2897.9765625,4461.18017578125,13838.4599609375,23.5300006866455,-0.0174513973414196,-0.0162125284888841,-0.000434754854302,-0.00399389569686903,-0.340000152587891,3,1,0,1,0,"Yahoo Finance",TRUE
2022-03-22,42358.80859375,2973.13110351562,4511.60986328125,14108.8203125,22.9400005340576,0.030703791309973,0.0256028847063678,0.0112406995540741,0.0193484863854216,-0.590000152587891,1,0,0,1,0,"Yahoo Finance",TRUE
2022-03-23,42892.95703125,3031.06713867188,4456.240234375,13922.599609375,23.5699996948242,0.0125312460906315,0.019299107399374,-0.0123486302524949,-0.0132867648676882,0.629999160766602,1,0,0,1,0,"Yahoo Finance",TRUE
2022-03-24,43960.93359375,3108.06201171875,4520.16015625,14191.83984375,21.6700000762939,0.0245937259657865,0.0250846360994093,0.0142420122816187,0.0191537495196101,-1.89999961853027,1,0,0,1,0,"Yahoo Finance",TRUE
2022-03-25,44348.73046875,3106.67138671875,4543.06005859375,14169.2998046875,20.8099994659424,0.0087827164076657,-0.000447525238511659,0.00505338070423633,-0.00158950197964991,-0.860000610351562,1,0,0,1,0,"Yahoo Finance",TRUE
2022-03-28,47128.00390625,3336.63452148438,4575.52001953125,14354.900390625,19.6299991607666,0.0607833040413244,0.071410811333541,0.00711955102004325,0.0130137359898459,-1.18000030517578,3,1,0,1,0,"Yahoo Finance",TRUE
2022-03-29,47465.73046875,3401.98779296875,4631.60009765625,14619.6396484375,18.8999996185303,0.00714059973918957,0.0193972350827778,0.012182044101392,0.0182744316213146,-0.729999542236328,1,0,0,1,0,"Yahoo Finance",TRUE
2022-03-30,47062.6640625,3385.15795898438,4602.4501953125,14442.26953125,19.3299999237061,-0.00852799523473102,-0.00495933610197952,-0.00631358899908996,-0.0122065152992121,0.430000305175781,1,0,0,1,0,"Yahoo Finance",TRUE
2022-03-31,45538.67578125,3281.64282226562,4530.41015625,14220.51953125,20.5599994659424,-0.0329180095425823,-0.0310564122184829,-0.0157763352268816,-0.0154733319116165,1.22999954223633,1,0,0,1,0,"Yahoo Finance",TRUE
2022-04-01,46281.64453125,3449.55224609375,4545.85986328125,14261.5,19.6299991607666,0.016183454010017,0.0499002814255256,0.00340442096146276,0.00287763983760492,-0.930000305175781,1,0,0,1,0,"Yahoo Finance",TRUE
2022-04-04,46622.67578125,3521.2412109375,4582.64013671875,14532.5498046875,18.5699996948242,0.00734159144850999,0.020569105319252,0.00805838253213409,0.0188273489170925,-1.05999946594238,3,1,0,1,0,"Yahoo Finance",TRUE
2022-04-05,45555.9921875,3411.79248046875,4525.1201171875,14204.169921875,21.0300006866455,-0.0231448606058962,-0.0315757369148262,-0.0126311590740062,-0.0228553697433824,2.46000099182129,1,0,0,1,0,"Yahoo Finance",TRUE
2022-04-06,43206.73828125,3171.69189453125,4481.14990234375,13888.8203125,22.1000003814697,-0.0529457051005746,-0.0729726411008258,-0.00976443391247805,-0.0224513555147698,1.06999969482422,1,0,0,1,0,"Yahoo Finance",TRUE
2022-04-07,43503.84765625,3233.27465820312,4500.2099609375,13897.2998046875,21.5499992370605,0.0068529242315325,0.0192302835457951,0.00424436555203656,0.000610340156521616,-0.55000114440918,1,0,0,1,0,"Yahoo Finance",TRUE
2022-04-08,42287.6640625,3192.07397460938,4488.27978515625,13711,21.1599998474121,-0.0283539722589374,-0.0128245954071193,-0.00265454667555254,-0.0134961322358969,-0.389999389648438,1,0,0,1,0,"Yahoo Finance",TRUE
2022-04-11,39521.90234375,2981.05224609375,4412.52978515625,13411.9599609375,24.3700008392334,-0.0676404058422335,-0.0683945134147201,-0.0170213345846957,-0.0220515870913136,3.21000099182129,3,1,0,1,0,"Yahoo Finance",TRUE
2022-04-12,40127.18359375,3030.37646484375,4397.4501953125,13371.5703125,24.2600002288818,0.0151989918017605,0.0164105167191817,-0.00342330053045359,-0.00301600861735096,-0.110000610351562,1,0,0,1,0,"Yahoo Finance",TRUE
2022-04-13,41166.73046875,3118.34423828125,4446.58984375,13643.58984375,21.8199996948242,0.0255764174954916,0.028615310469096,0.0111126032689022,0.0201389681480197,-2.44000053405762,1,0,0,1,0,"Yahoo Finance",TRUE
2022-04-14,39935.515625,3019.90942382812,4392.58984375,13351.080078125,22.7000007629395,-0.0303643733545407,-0.0320753292684071,-0.0122184803835079,-0.0216725165117602,0.880001068115234,1,0,0,1,0,"Yahoo Finance",TRUE
2022-04-18,40826.21484375,3057.60668945312,4391.68994140625,13332.3603515625,22.1700000762939,0.0220583518698678,0.0124056434860869,-0.000204889272406916,-0.00140309715180287,-0.530000686645508,4,1,0,1,0,"Yahoo Finance",TRUE
2022-04-19,41502.75,3104.1064453125,4462.2099609375,13619.66015625,21.3700008392334,0.0164352943392352,0.0150934123683957,0.0159300447493873,0.021320159442574,-0.799999237060547,1,0,0,1,0,"Yahoo Finance",TRUE
2022-04-20,41374.37890625,3077.74584960938,4459.4501953125,13453.0703125,20.3199996948242,-0.00309786784621124,-0.00852843265145786,-0.000618666406182911,-0.0123069925737376,-1.05000114440918,1,0,0,1,0,"Yahoo Finance",TRUE
2022-04-21,40527.36328125,2987.48071289062,4393.66015625,13174.650390625,22.6800003051758,-0.0206844397083188,-0.0297670007295423,-0.0148628555513106,-0.0209127977597401,2.36000061035156,1,0,0,1,0,"Yahoo Finance",TRUE
2022-04-22,39740.3203125,2964.83569335938,4271.77978515625,12839.2900390625,28.2099990844727,-0.0196110852519205,-0.00760884577952581,-0.0281320763773678,-0.025784554434205,5.52999877929688,1,0,0,1,0,"Yahoo Finance",TRUE
2022-04-25,40458.30859375,3009.3935546875,4296.1201171875,13004.849609375,27.0200004577637,0.0179057291651734,0.014916966092521,0.00568176514411256,0.0128123309466499,-1.18999862670898,3,1,0,1,0,"Yahoo Finance",TRUE
2022-04-26,38117.4609375,2808.29833984375,4175.2001953125,12490.740234375,33.5200004577637,-0.0595995569885481,-0.0691598547106729,-0.0285500089285975,-0.0403347462276038,6.5,1,0,0,1,0,"Yahoo Finance",TRUE
2022-04-27,39241.12109375,2888.9296875,4183.9599609375,12488.9296875,31.6000003814697,0.0290527349945204,0.0283073562787743,0.00209584902496474,-0.000144961633507634,-1.92000007629395,1,0,0,1,0,"Yahoo Finance",TRUE
2022-04-28,39773.828125,2936.94091796875,4287.5,12871.5302734375,29.9899997711182,0.0134839067215253,0.0164824523764588,0.0244456553408323,0.0301752899939665,-1.61000061035156,1,0,0,1,0,"Yahoo Finance",TRUE
2022-04-29,38609.82421875,2815.60180664062,4131.93017578125,12334.6396484375,33.4000015258789,-0.029702353660829,-0.0421925111526527,-0.0369591597846952,-0.0426063810965687,3.41000175476074,1,0,0,1,0,"Yahoo Finance",TRUE
2022-05-02,38529.328125,2857.41040039062,4155.3798828125,12536.01953125,32.3400001525879,-0.00208703675169986,0.0147397358459331,0.00565919929381842,0.0161945272572908,-1.06000137329102,3,1,0,1,0,"Yahoo Finance",TRUE
2022-05-03,37750.453125,2783.47631835938,4175.47998046875,12563.759765625,29.25,-0.020422241840901,-0.0262151395106232,0.00482546507535986,0.00221039757692409,-3.09000015258789,1,0,0,1,0,"Yahoo Finance",TRUE
2022-05-04,39698.37109375,2940.64477539062,4300.169921875,12964.8603515625,25.4200000762939,0.0503126775329914,0.0549282479219162,0.029425221557327,0.0314261871034169,-3.82999992370605,1,0,0,1,0,"Yahoo Finance",TRUE
2022-05-05,36575.140625,2749.21313476562,4146.8701171875,12317.6904296875,31.2000007629395,-0.0819413647290759,-0.0673141307405496,-0.0363006775640997,-0.0512061723369452,5.78000068664551,1,0,0,1,0,"Yahoo Finance",TRUE
2022-05-06,36040.921875,2694.97973632812,4123.33984375,12144.66015625,30.1900005340576,-0.0147137801076376,-0.019924052577192,-0.00569038441395264,-0.0141468955405148,-1.01000022888184,1,0,0,1,0,"Yahoo Finance",TRUE
2022-05-09,30296.953125,2245.43041992188,3991.23999023438,11623.25,34.75,-0.173607861102088,-0.182493458731489,-0.0325615195396036,-0.0438821773612244,4.55999946594238,3,1,0,1,0,"Yahoo Finance",TRUE
2022-05-10,31022.90625,2343.51098632812,4001.05004882812,11737.669921875,32.9900016784668,0.0236786923864827,0.0427529997561935,0.00245488176040887,0.00979591875956842,-1.7599983215332,1,0,0,1,0,"Yahoo Finance",TRUE
2022-05-11,28936.35546875,2072.10864257812,3935.17993164062,11364.240234375,32.560001373291,-0.0696270636865197,-0.123083469670347,-0.0166002320956977,-0.0323317175496349,-0.430000305175781,1,0,0,1,0,"Yahoo Finance",TRUE
2022-05-12,29047.751953125,1961.70153808594,3930.080078125,11370.9599609375,31.7700004577637,0.00384231564051163,-0.0547545283887727,-0.00129680499411222,0.000591129763577669,-0.790000915527344,1,0,0,1,0,"Yahoo Finance",TRUE
2022-05-13,29283.103515625,2014.41821289062,4023.88989257812,11805,28.8700008392334,0.00806958299328464,0.0265181973041146,0.0235892679568686,0.0374604370568807,-2.89999961853027,1,0,0,1,0,"Yahoo Finance",TRUE
2022-05-16,29862.91796875,2022.72595214844,4008.01000976562,11662.7900390625,27.4699993133545,0.0196068311338031,0.0041156573285468,-0.00395420851772244,-0.0121197353002618,-1.40000152587891,3,1,0,1,0,"Yahoo Finance",TRUE
2022-05-17,30425.857421875,2090.4091796875,4088.85009765625,11984.51953125,26.1000003814697,0.0186753109718669,0.0329137436259197,0.0199689195814621,0.0272123426715734,-1.36999893188477,1,0,0,1,0,"Yahoo Finance",TRUE
2022-05-18,28720.271484375,1916.65612792969,3923.67993164062,11418.150390625,30.9599990844727,-0.0576896230339532,-0.0867777589145842,-0.0412338092912474,-0.0484115490902646,4.85999870300293,1,0,0,1,0,"Yahoo Finance",TRUE
2022-05-19,30314.333984375,2018.33618164062,3900.7900390625,11388.5,29.3500003814697,0.0540174725108962,0.0516914318988704,-0.00585086477734897,-0.00260015450074391,-1.60999870300293,1,0,0,1,0,"Yahoo Finance",TRUE
2022-05-20,29200.740234375,1961.31567382812,3901.36010742188,11354.6201171875,29.4300003051758,-0.0374266099996028,-0.0286579893494734,0.000146131091991464,-0.00297935443327901,0.0799999237060547,1,0,0,1,0,"Yahoo Finance",TRUE
2022-05-23,29098.91015625,1972.18188476562,3973.75,11535.26953125,28.4799995422363,-0.003493337644354,0.00552497537718732,0.0183849954120596,0.0157845378531416,-0.950000762939453,3,1,0,1,0,"Yahoo Finance",TRUE
2022-05-24,29655.5859375,1978.98278808594,3941.47998046875,11264.4501953125,29.4500007629395,0.0189497817670681,0.00344248372300271,-0.00815395090355686,-0.0237574914970153,0.970001220703125,1,0,0,1,0,"Yahoo Finance",TRUE
2022-05-25,29562.361328125,1944.82788085938,3978.72998046875,11434.740234375,28.3700008392334,-0.00314852813015953,-0.0174094892809178,0.0094063856489317,0.0150043442620529,-1.07999992370605,1,0,0,1,0,"Yahoo Finance",TRUE
2022-05-26,29267.224609375,1803.91333007812,4057.84008789062,11740.650390625,27.5,-0.0100336995448718,-0.0752151027308576,0.0196881660077199,0.0264011019049359,-0.870000839233398,1,0,0,1,0,"Yahoo Finance",TRUE
2022-05-27,28627.57421875,1724.9228515625,4158.240234375,12131.1298828125,25.7199993133545,-0.0220978890225627,-0.0447760515410733,0.0244411301958216,0.0327176540102325,-1.78000068664551,1,0,0,1,0,"Yahoo Finance",TRUE
2022-05-31,31792.310546875,1942.32800292969,4132.14990234375,12081.3896484375,26.1900005340576,0.1048540669738,0.118704929407754,-0.00629413519366651,-0.00410864340513228,0.470001220703125,4,1,0,1,0,"Yahoo Finance",TRUE
2022-06-01,29799.080078125,1823.5693359375,4101.22998046875,11994.4599609375,25.6900005340576,-0.0647469306708341,-0.0630915010685849,-0.00751090504115481,-0.00722134974895994,-0.5,1,0,0,1,0,"Yahoo Finance",TRUE
2022-06-02,30467.48828125,1834.15051269531,4176.81982421875,12316.900390625,24.7199993133545,0.0221826339109832,0.00578568436730897,0.018263225415545,0.026527461517075,-0.970001220703125,1,0,0,1,0,"Yahoo Finance",TRUE
2022-06-03,29704.390625,1775.07861328125,4108.5400390625,12012.73046875,24.7900009155273,-0.0253652897101908,-0.0327367273386034,-0.0164824056098176,-0.0250053749244472,0.0700016021728516,1,0,0,1,0,"Yahoo Finance",TRUE
2022-06-06,31370.671875,1859.28967285156,4121.43017578125,12061.3701171875,25.0699996948242,0.0545785723549574,0.0463498073485988,0.00313248940703659,0.00404083338005101,0.279998779296875,3,1,0,1,0,"Yahoo Finance",TRUE
2022-06-07,31155.478515625,1814.04833984375,4160.68017578125,12175.23046875,24.0200004577637,-0.0068833346588697,-0.0246335189249551,0.00947833153171906,0.00939580522451244,-1.04999923706055,1,0,0,1,0,"Yahoo Finance",TRUE
2022-06-08,30214.35546875,1793.572265625,4115.77001953125,12086.26953125,23.9599990844727,-0.0306729469834313,-0.0113516892921597,-0.0108526230401544,-0.00733353965738814,-0.0600013732910156,1,0,0,1,0,"Yahoo Finance",TRUE
2022-06-09,30111.998046875,1789.82604980469,4017.82006835938,11754.23046875,26.0900001525879,-0.00339345954579606,-0.00209087400023389,-0.024086457665156,-0.0278568431185828,2.13000106811523,1,0,0,1,0,"Yahoo Finance",TRUE
2022-06-10,29083.8046875,1665.04223632812,3900.86010742188,11340.01953125,27.75,-0.0347422192377991,-0.0722679459757227,-0.0295424148114094,-0.0358751950544018,1.65999984741211,1,0,0,1,0,"Yahoo Finance",TRUE
2022-06-13,22487.388671875,1204.58276367188,3749.6298828125,10809.23046875,34.0200004577637,-0.257226830705793,-0.323717237506131,-0.0395399319900402,-0.0479375784930198,6.27000045776367,3,1,0,1,0,"Yahoo Finance",TRUE
2022-06-14,22206.79296875,1211.66284179688,3735.47998046875,10828.349609375,32.689998626709,-0.0125564169410559,0.00586041284247507,-0.00378081803948938,0.00176721662328383,-1.33000183105469,1,0,0,1,0,"Yahoo Finance",TRUE
2022-06-15,22572.83984375,1233.20642089844,3789.98999023438,11099.150390625,29.6200008392334,0.016349175083862,0.0176239581020079,0.0144870588365347,0.0247009052428737,-3.06999778747559,1,0,0,1,0,"Yahoo Finance",TRUE
2022-06-16,20381.650390625,1067.73071289062,3666.77001953125,10646.099609375,32.9500007629395,-0.102112401330103,-0.144082056456242,-0.0330522071138404,-0.0416749727897798,3.32999992370605,1,0,0,1,0,"Yahoo Finance",TRUE
2022-06-17,20471.482421875,1086.51928710938,3674.84008789062,10798.349609375,31.1299991607666,0.00439781088256197,0.0174437048962695,0.00219844734101216,0.0141997172922412,-1.82000160217285,1,0,0,1,0,"Yahoo Finance",TRUE
2022-06-21,20710.59765625,1124.82458496094,3764.7900390625,11069.2998046875,30.1900005340576,0.0116127170398563,0.0346478268666468,0.0241824749606732,0.0247821846048257,-0.939998626708984,4,1,0,1,0,"Yahoo Finance",TRUE
2022-06-22,19987.029296875,1051.421875,3759.88989257812,11053.080078125,28.9500007629395,-0.0355620053246319,-0.0674836842404112,-0.00130242009535841,-0.001466363886232,-1.23999977111816,1,0,0,1,0,"Yahoo Finance",TRUE
2022-06-23,21085.876953125,1143.38671875,3795.72998046875,11232.1904296875,29.0499992370605,0.0535199496525518,0.0838512494246011,0.00948707248555714,0.0160746721250362,0.0999984741210938,1,0,0,1,0,"Yahoo Finance",TRUE
2022-06-24,21231.65625,1226.8447265625,3911.73999023438,11607.6201171875,27.2299995422363,0.00688980961376195,0.0704509462982514,0.0301055397299006,0.0328779877478791,-1.81999969482422,1,0,0,1,0,"Yahoo Finance",TRUE
2022-06-27,20735.478515625,1193.6806640625,3900.11010742188,11524.5498046875,26.9500007629395,-0.0236471161654688,-0.0274040818369539,-0.00297749989034024,-0.0071822634779295,-0.279998779296875,3,1,0,1,0,"Yahoo Finance",TRUE
2022-06-28,20280.634765625,1144.57922363281,3821.55004882812,11181.5400390625,28.3600006103516,-0.0221796927954205,-0.042004449477135,-0.0203486731494955,-0.0302153179104696,1.40999984741211,1,0,0,1,0,"Yahoo Finance",TRUE
2022-06-29,20104.0234375,1098.94384765625,3818.830078125,11177.8896484375,28.1599998474121,-0.00874651225988821,-0.0406874991062933,-0.000711998820172255,-0.00032651912042958,-0.200000762939453,1,0,0,1,0,"Yahoo Finance",TRUE
2022-06-30,19784.7265625,1067.298828125,3785.3798828125,11028.740234375,28.7099990844727,-0.016009711756281,-0.0292185831254974,-0.00879786624636836,-0.0134330745048636,0.549999237060547,1,0,0,1,0,"Yahoo Finance",TRUE
2022-07-01,19269.3671875,1059.76733398438,3825.330078125,11127.849609375,26.7000007629395,-0.0263936116679631,-0.00708160916629819,0.0104985112966407,0.00894632583179167,-2.0099983215332,1,0,0,1,0,"Yahoo Finance",TRUE
2022-07-05,20190.115234375,1134.541015625,3831.38989257812,11322.240234375,27.5400009155273,0.0466764971768416,0.0681787898352457,0.00158287510619282,0.0173180138426847,0.840000152587891,4,1,0,1,0,"Yahoo Finance",TRUE
2022-07-06,20548.24609375,1186.97399902344,3845.080078125,11361.849609375,26.7299995422363,0.0175824492578833,0.0451790329801005,0.00356679570506557,0.00349226400784453,-0.810001373291016,1,0,0,1,0,"Yahoo Finance",TRUE
2022-07-07,21637.587890625,1237.59338378906,3902.6201171875,11621.349609375,26.0799999237061,0.0516563933886189,0.0417614636560071,0.0148537231809307,0.0225826722982134,-0.649999618530273,1,0,0,1,0,"Yahoo Finance",TRUE
2022-07-08,21731.1171875,1222.50622558594,3899.3798828125,11635.3095703125,24.6399993896484,0.00431322271242252,-0.0122656394035907,-0.000830616396127581,0.00120051315249192,-1.44000053405762,1,0,0,1,0,"Yahoo Finance",TRUE
2022-07-11,19970.556640625,1097.23657226562,3854.42993164062,11372.599609375,26.1700000762939,-0.0844861842836373,-0.108108222971745,-0.0115944176605254,-0.0228374840002115,1.53000068664551,3,1,0,1,0,"Yahoo Finance",TRUE
2022-07-12,19323.9140625,1038.19165039062,3818.80004882812,11264.73046875,27.2900009155273,-0.0329156213890212,-0.0553144098974361,-0.00928686849749383,-0.00953027205026302,1.1200008392334,1,0,0,1,0,"Yahoo Finance",TRUE
2022-07-13,20212.07421875,1113.58715820312,3801.78002929688,11247.580078125,26.8199996948242,0.0449367599448216,0.0701060767569626,-0.00446686411181574,-0.00152364582099906,-0.470001220703125,1,0,0,1,0,"Yahoo Finance",TRUE
2022-07-14,20569.919921875,1191.52624511719,3790.3798828125,11251.1904296875,26.3999996185303,0.0175496512632414,0.0676485655237862,-0.00300313881276537,0.00032093767899255,-0.420000076293945,1,0,0,1,0,"Yahoo Finance",TRUE
2022-07-15,20836.328125,1233.12915039062,3863.15991210938,11452.419921875,24.2299995422363,0.0128681970428932,0.0343199192698798,0.0190192316586337,0.0177271155337522,-2.17000007629395,1,0,0,1,0,"Yahoo Finance",TRUE
2022-07-18,22485.689453125,1578.71789550781,3830.85009765625,11360.0498046875,25.2999992370605,0.0761810748123519,0.247058095549616,-0.00839874248583605,-0.00809825705944434,1.06999969482422,3,1,0,1,0,"Yahoo Finance",TRUE
2022-07-19,23389.43359375,1542.97521972656,3936.68994140625,11713.150390625,24.5,0.0394052820034183,-0.0229005456380786,0.0272535176437305,0.0306093781397809,-0.799999237060547,1,0,0,1,0,"Yahoo Finance",TRUE
2022-07-20,23231.732421875,1520.20068359375,3959.89990234375,11897.650390625,23.8799991607666,-0.00676524363636943,-0.0148701586274784,0.00587849394105788,0.015628758817833,-0.620000839233398,1,0,0,1,0,"Yahoo Finance",TRUE
2022-07-21,23164.62890625,1576.74951171875,3998.94995117188,12059.6103515625,23.1100006103516,-0.00289262177004801,0.0365231020625538,0.00981306668950488,0.0135209471632916,-0.769998550415039,1,0,0,1,0,"Yahoo Finance",TRUE
2022-07-22,22714.978515625,1537.40515136719,3961.6298828125,11834.1103515625,23.0300006866455,-0.0196019457648831,-0.0252694282578823,-0.00937628729381323,-0.0188758124499184,-0.0799999237060547,1,0,0,1,0,"Yahoo Finance",TRUE
2022-07-25,21361.701171875,1445.38342285156,3966.84008789062,11782.669921875,23.3600006103516,-0.0614248995889621,-0.0617213977272222,0.00131430297330581,-0.00435626791128563,0.329999923706055,3,1,0,1,0,"Yahoo Finance",TRUE
2022-07-26,21239.75390625,1441.80676269531,3921.05004882812,11562.5703125,24.6900005340576,-0.00572504382684258,-0.00247760747024994,-0.0116103425992637,-0.0188566173574092,1.32999992370605,1,0,0,1,0,"Yahoo Finance",TRUE
2022-07-27,22930.548828125,1636.23266601562,4023.61010742188,12032.419921875,23.2399997711182,0.0765954215493618,0.126499421029268,0.0258200487786286,0.0398314831191353,-1.45000076293945,1,0,0,1,0,"Yahoo Finance",TRUE
2022-07-28,23843.88671875,1725.46813964844,4072.42993164062,12162.58984375,22.3299999237061,0.0390578308920144,0.053101954508703,0.012060319791912,0.0107601674121547,-0.909999847412109,1,0,0,1,0,"Yahoo Finance",TRUE
2022-07-29,23804.6328125,1727.40698242188,4130.2900390625,12390.6904296875,21.3299999237061,-0.00164764469143996,0.00112303104437039,0.0141077757817545,0.018580584408884,-1,1,0,0,1,0,"Yahoo Finance",TRUE
2022-08-01,23314.19921875,1635.19580078125,4118.6298828125,12368.98046875,22.8400001525879,-0.0208176342340796,-0.0548588770042349,-0.0028270765449161,-0.00175365549811168,1.51000022888184,3,1,0,1,0,"Yahoo Finance",TRUE
2022-08-02,22978.1171875,1632.94543457031,4091.18994140625,12348.759765625,23.9300003051758,-0.0145202470826131,-0.00137715380367087,-0.00668468837887204,-0.00163612914805533,1.09000015258789,1,0,0,1,0,"Yahoo Finance",TRUE
2022-08-03,22846.5078125,1618.87451171875,4155.169921875,12668.16015625,21.9500007629395,-0.00574406170754216,-0.00865423726096726,0.015517456270091,0.0255361369850089,-1.97999954223633,1,0,0,1,0,"Yahoo Finance",TRUE
2022-08-04,22630.95703125,1608.20581054688,4151.93994140625,12720.580078125,21.4400005340576,-0.00947952556852094,-0.00661200774375992,-0.000777642449584448,0.00412938931819085,-0.510000228881836,1,0,0,1,0,"Yahoo Finance",TRUE
2022-08-05,23289.314453125,1732.25463867188,4145.18994140625,12657.5498046875,21.1499996185303,0.0286758990881602,0.0743046651520904,-0.00162706901891774,-0.00496730084759278,-0.290000915527344,1,0,0,1,0,"Yahoo Finance",TRUE
2022-08-08,23809.486328125,1775.51611328125,4140.06005859375,12644.4599609375,21.2900009155273,0.0220894382615704,0.0246673293560553,-0.0012383171221213,-0.00103468815632191,0.14000129699707,3,1,0,1,0,"Yahoo Finance",TRUE
2022-08-09,23164.318359375,1703.02502441406,4122.47021484375,12493.9296875,21.7700004577637,-0.0274709934963759,-0.0416850528233006,-0.00425774423592706,-0.0119762701401811,0.479999542236328,1,0,0,1,0,"Yahoo Finance",TRUE
2022-08-10,23947.642578125,1851.74267578125,4210.240234375,12854.7998046875,19.7399997711182,0.033256795053882,0.0837210867227549,0.0210671584604079,0.0284743659002551,-2.03000068664551,1,0,0,1,0,"Yahoo Finance",TRUE
2022-08-11,23957.529296875,1881.22412109375,4207.27001953125,12779.91015625,20.2000007629395,0.000412762067368178,0.0157955105834224,-0.000705722922202057,-0.00584284835720972,0.460000991821289,1,0,0,1,0,"Yahoo Finance",TRUE
2022-08-12,24402.818359375,1957.24645996094,4280.14990234375,13047.1904296875,19.5300006866455,0.0184159820568972,0.0396159249329884,0.0171740469514923,0.0206983989483476,-0.670000076293945,1,0,0,1,0,"Yahoo Finance",TRUE
2022-08-15,24136.97265625,1904.22814941406,4297.14013671875,13128.0498046875,19.9500007629395,-0.0109538321329268,-0.0274618625606839,0.0039616840562342,0.00617832971066257,0.420000076293945,3,1,0,1,0,"Yahoo Finance",TRUE
2022-08-16,23883.291015625,1878.13940429688,4305.2001953125,13102.5498046875,19.6900005340576,-0.0105657062741358,-0.0137951473423232,0.00187392282594701,-0.00194429471021174,-0.260000228881836,1,0,0,1,0,"Yahoo Finance",TRUE
2022-08-17,23335.998046875,1832.99963378906,4274.0400390625,12938.1201171875,19.8999996185303,-0.0231819448838646,-0.0243278391513737,-0.00726411486764711,-0.012628851205907,0.209999084472656,1,0,0,1,0,"Yahoo Finance",TRUE
2022-08-18,23212.73828125,1847.0078125,4283.740234375,12965.33984375,19.5599994659424,-0.00529595703077845,0.00761316197051443,0.00226698960638494,0.00210162940567216,-0.340000152587891,1,0,0,1,0,"Yahoo Finance",TRUE
2022-08-19,20877.552734375,1612.9873046875,4228.47998046875,12705.2197265625,20.6000003814697,-0.106026641901687,-0.135479002549731,-0.0129839287130391,-0.0202667199279993,1.04000091552734,1,0,0,1,0,"Yahoo Finance",TRUE
2022-08-22,21398.908203125,1622.505859375,4137.990234375,12381.5703125,23.7999992370605,0.0246653522435949,0.00588385242411693,-0.0216323664664948,-0.0258038092154376,3.19999885559082,3,1,0,1,0,"Yahoo Finance",TRUE
2022-08-23,21528.087890625,1662.76989746094,4128.72998046875,12381.2998046875,24.1100006103516,0.00601859385466419,0.0245130437941592,-0.00224037043443737,-2.18478561837543e-05,0.310001373291016,1,0,0,1,0,"Yahoo Finance",TRUE
2022-08-24,21395.01953125,1657.05920410156,4140.77001953125,12431.5302734375,22.8199996948242,-0.00620033327852987,-0.00344035720956892,0.00291191669872326,0.00404875519708092,-1.29000091552734,1,0,0,1,0,"Yahoo Finance",TRUE
2022-08-25,21600.904296875,1696.45703125,4199.1201171875,12639.26953125,21.7800006866455,0.00957701665295652,0.0234975095411674,0.0139932418361077,0.0165725875562668,-1.03999900817871,1,0,0,1,0,"Yahoo Finance",TRUE
2022-08-26,20260.01953125,1507.78283691406,4057.65991210938,12141.7099609375,25.5599994659424,-0.0640857165596636,-0.117901725176168,-0.0342685763170394,-0.0401619676326579,3.77999877929688,1,0,0,1,0,"Yahoo Finance",TRUE
2022-08-29,20297.994140625,1553.03735351562,4030.61010742188,12017.669921875,26.2099990844727,0.00187260750880114,0.0295723445021352,-0.00668867519732608,-0.0102685689448148,0.649999618530273,3,1,0,1,0,"Yahoo Finance",TRUE
2022-08-30,19796.80859375,1523.8388671875,3986.15991210938,11883.1396484375,26.2099990844727,-0.025001327783567,-0.0189798748837333,-0.0110894164921156,-0.0112575010319578,0,1,0,0,1,0,"Yahoo Finance",TRUE
2022-08-31,20049.763671875,1553.68493652344,3955,11816.2001953125,25.8700008392334,0.0126966241687931,0.0193967663575982,-0.0078477382081541,-0.00564907137334636,-0.339998245239258,1,0,0,1,0,"Yahoo Finance",TRUE
2022-09-01,20127.140625,1586.1767578125,3966.85009765625,11785.1298828125,25.5599994659424,0.00385181736353601,0.0206970779723052,0.00299175226719584,-0.0026329304616528,-0.310001373291016,1,0,0,1,0,"Yahoo Finance",TRUE
2022-09-02,19969.771484375,1577.22045898438,3924.26000976562,11630.8603515625,25.4699993133545,-0.0078494796911599,-0.00566247116326224,-0.010794552570724,-0.0131766166422072,-0.0900001525878906,1,0,0,1,0,"Yahoo Finance",TRUE
2022-09-06,18837.66796875,1561.74853515625,3908.18994140625,11544.91015625,26.9099998474121,-0.0583612237817608,-0.00985804520844979,-0.00410346469089617,-0.00741727998527253,1.44000053405762,4,1,0,1,0,"Yahoo Finance",TRUE
2022-09-07,19290.32421875,1629.90637207031,3979.8701171875,11791.900390625,24.6399993896484,0.023745153749136,0.0427165232803581,0.0181748486661704,0.0211682274842566,-2.27000045776367,1,0,0,1,0,"Yahoo Finance",TRUE
2022-09-08,19329.833984375,1635.34765625,4006.17993164062,11862.1298828125,23.6100006103516,0.00204607030353721,0.00333284281666124,0.0065889668804413,0.00593807463146589,-1.02999877929688,1,0,0,1,0,"Yahoo Finance",TRUE
2022-09-09,21381.15234375,1719.08544921875,4067.36010742188,12112.3095703125,22.7900009155273,0.100860097667891,0.0499370183061094,0.015156014981212,0.020871292500674,-0.819999694824219,1,0,0,1,0,"Yahoo Finance",TRUE
2022-09-12,22370.44921875,1713.76525878906,4110.41015625,12266.41015625,23.8700008392334,0.0452310542481076,-0.00309957824655971,0.0105286514839964,0.0126423897687928,1.07999992370605,3,1,0,1,0,"Yahoo Finance",TRUE
2022-09-13,20296.70703125,1580.78796386719,3932.68994140625,11633.5703125,27.2700004577637,-0.0972821989234234,-0.080769421565388,-0.0441991630319745,-0.052969734078065,3.39999961853027,1,0,0,1,0,"Yahoo Finance",TRUE
2022-09-14,20241.08984375,1634.75500488281,3946.01000976562,11719.6796875,26.1599998474121,-0.00274396867537341,0.0335695149810284,0.00338128907884538,0.00737454232249668,-1.11000061035156,1,0,0,1,0,"Yahoo Finance",TRUE
2022-09-15,19701.2109375,1471.69348144531,3901.35009765625,11552.3603515625,26.2700004577637,-0.0270345862412622,-0.105079183103635,-0.0113822721681505,-0.0143796778253975,0.110000610351562,1,0,0,1,0,"Yahoo Finance",TRUE
2022-09-16,19772.583984375,1432.44775390625,3873.330078125,11448.400390625,26.2999992370605,0.0036162281734331,-0.0270290689355344,-0.00720804977566303,-0.00903975916668998,0.029998779296875,1,0,0,1,0,"Yahoo Finance",TRUE
2022-09-19,19544.12890625,1377.54138183594,3899.88989257812,11535.01953125,25.7600002288818,-0.0116214013088509,-0.0390843941200139,0.00683369772470499,0.00753756847537446,-0.539999008178711,3,1,0,1,0,"Yahoo Finance",TRUE
2022-09-20,18890.7890625,1324.38818359375,3855.92993164062,11425.0498046875,27.1599998474121,-0.034000477547087,-0.0393496982854007,-0.0113361147365989,-0.00957928879738645,1.39999961853027,1,0,0,1,0,"Yahoo Finance",TRUE
2022-09-21,18547.400390625,1252.60778808594,3789.92993164062,11220.1904296875,27.9899997711182,-0.018344813515224,-0.0557229959423902,-0.0172646740985076,-0.0180934237497592,0.829999923706055,1,0,0,1,0,"Yahoo Finance",TRUE
2022-09-22,19413.55078125,1327.68017578125,3757.98999023438,11066.8095703125,27.3500003814697,0.0456416775491295,0.0582055819335379,-0.00846329383045408,-0.013764372142429,-0.639999389648438,1,0,0,1,0,"Yahoo Finance",TRUE
2022-09-23,19297.638671875,1328.25952148438,3693.22998046875,10867.9296875,29.9200000762939,-0.00598857629671201,0.000436264206533643,-0.0173828287673299,-0.0181342782894678,2.56999969482422,1,0,0,1,0,"Yahoo Finance",TRUE
2022-09-26,19222.671875,1335.32019042969,3655.0400390625,10802.919921875,32.2599983215332,-0.00389233058912097,0.00530165134677407,-0.010394360890281,-0.00599976113631762,2.33999824523926,3,1,0,1,0,"Yahoo Finance",TRUE
2022-09-27,19110.546875,1330.12768554688,3647.2900390625,10829.5,32.5999984741211,-0.00585003417016949,-0.00389616431682693,-0.00212261095482447,0.00245743117019259,0.340000152587891,1,0,0,1,0,"Yahoo Finance",TRUE
2022-09-28,19426.720703125,1337.41088867188,3719.0400390625,11051.6396484375,30.1800003051758,0.0164090991571904,0.00546063048026557,0.0194811441811531,0.0203049095344436,-2.41999816894531,1,0,0,1,0,"Yahoo Finance",TRUE
2022-09-29,19573.05078125,1335.65234375,3640.46997070312,10737.509765625,31.8400001525879,0.00750418575509215,-0.00131575276951601,-0.0213527948230983,-0.0288356046321212,1.65999984741211,1,0,0,1,0,"Yahoo Finance",TRUE
2022-09-30,19431.7890625,1327.97863769531,3585.6201171875,10575.6201171875,31.6200008392334,-0.0072433234917515,-0.00576185465483636,-0.0151813515462091,-0.0151918336614791,-0.219999313354492,1,0,0,1,0,"Yahoo Finance",TRUE
2022-10-03,19623.580078125,1323.43920898438,3678.42993164062,10815.4296875,30.1000003814697,0.00982157186451715,-0.00342415523223583,0.0255545775309294,0.0224224261776254,-1.52000045776367,3,1,0,1,0,"Yahoo Finance",TRUE
2022-10-04,20336.84375,1362.12658691406,3790.92993164062,11176.41015625,29.0699996948242,0.0357022957027784,0.0288133357226359,0.0301253414168006,0.0328315317034011,-1.03000068664551,1,0,0,1,0,"Yahoo Finance",TRUE
2022-10-05,20160.716796875,1352.83715820312,3783.28002929688,11148.6396484375,28.5499992370605,-0.00869820607502625,-0.00684315949242897,-0.0020199875589384,-0.00248783517876561,-0.520000457763672,1,0,0,1,0,"Yahoo Finance",TRUE
2022-10-06,19955.443359375,1351.70947265625,3744.52001953125,11073.3095703125,30.5200004577637,-0.0102340417585953,-0.000833918409362866,-0.0102979229113949,-0.00677981629194768,1.97000122070312,1,0,0,1,0,"Yahoo Finance",TRUE
2022-10-07,19546.849609375,1332.51696777344,3639.65991210938,10652.400390625,31.3600006103516,-0.0206878280674747,-0.0143004566751763,-0.0284031965314782,-0.0387524139962938,0.840000152587891,1,0,0,1,0,"Yahoo Finance",TRUE
2022-10-10,19141.484375,1291.33764648438,3612.38989257812,10542.099609375,32.4500007629395,-0.0209561915751095,-0.0313909943787039,-0.00752067313365323,-0.0104085283500055,1.09000015258789,3,1,0,1,0,"Yahoo Finance",TRUE
2022-10-11,19051.41796875,1279.57568359375,3588.84008789062,10426.1904296875,33.6300010681152,-0.00471640371270432,-0.00915009060497773,-0.00654051841232395,-0.0110557761364944,1.18000030517578,1,0,0,1,0,"Yahoo Finance",TRUE
2022-10-12,19157.4453125,1294.90637207031,3577.03002929688,10417.099609375,33.5699996948242,0.00554989637447179,0.011909867196354,-0.00329619965016548,-0.00087230191317289,-0.0600013732910156,1,0,0,1,0,"Yahoo Finance",TRUE
2022-10-13,19382.904296875,1288.12390136719,3669.90991210938,10649.150390625,31.9400005340576,0.0117000265222966,-0.00525157320894731,0.0256342593076315,0.0220314642944253,-1.6299991607666,1,0,0,1,0,"Yahoo Finance",TRUE
2022-10-14,19185.65625,1297.42211914062,3583.07006835938,10321.3896484375,32.0200004577637,-0.0102285262293709,0.0071924907034786,-0.0239471207445288,-0.0312617066005512,0.0799999237060547,1,0,0,1,0,"Yahoo Finance",TRUE
2022-10-17,19550.7578125,1331.71362304688,3677.94995117188,10675.7998046875,31.3700008392334,0.0188511189426936,0.0260872408176311,0.0261355245575619,0.0337610726193489,-0.649999618530273,3,1,0,1,0,"Yahoo Finance",TRUE
2022-10-18,19334.416015625,1310.44702148438,3719.97998046875,10772.400390625,30.5,-0.01112732734933,-0.0160982345112952,0.0113627682070874,0.00900786436632828,-0.870000839233398,1,0,0,1,0,"Yahoo Finance",TRUE
2022-10-19,19139.53515625,1285.74426269531,3695.15991210938,10680.509765625,30.7600002288818,-0.0101306218959412,-0.0190305733402312,-0.00669445523968548,-0.00856678057342286,0.260000228881836,1,0,0,1,0,"Yahoo Finance",TRUE
2022-10-20,19053.740234375,1283.20092773438,3665.78002929688,10614.83984375,29.9799995422363,-0.00449267915912976,-0.00198006232392345,-0.00798268673876557,-0.00616755594496077,-0.780000686645508,1,0,0,1,0,"Yahoo Finance",TRUE
2022-10-21,19172.46875,1299.94641113281,3752.75,10859.7197265625,29.6900005340576,0.0062119106533931,0.012965360297434,0.0234477598604474,0.0228074989938154,-0.289999008178711,1,0,0,1,0,"Yahoo Finance",TRUE
2022-10-24,19345.572265625,1344.99853515625,3797.34008789062,10952.6103515625,29.8500003814697,0.00898823909295743,0.0340698825377457,0.0118119402051118,0.00851730981750265,0.159999847412109,3,1,0,1,0,"Yahoo Finance",TRUE
2022-10-25,20095.857421875,1461.66540527344,3859.11010742188,11199.1201171875,28.4599990844727,0.0380501255998631,0.08318355022279,0.0161357700158735,0.0222573981264826,-1.39000129699707,1,0,0,1,0,"Yahoo Finance",TRUE
2022-10-26,20770.44140625,1566.56665039062,3830.60009765625,10970.990234375,27.2800006866455,0.0330171943589477,0.0693099036609963,-0.00741514039898838,-0.0205806765454142,-1.17999839782715,1,0,0,1,0,"Yahoo Finance",TRUE
2022-10-27,20285.8359375,1514.37487792969,3807.30004882812,10792.669921875,27.3899993896484,-0.0236079843216217,-0.0338836458529039,-0.00610118505318447,-0.0163873449400214,0.10999870300293,1,0,0,1,0,"Yahoo Finance",TRUE
2022-10-28,20595.3515625,1555.47790527344,3901.06005859375,11102.4501953125,25.75,0.0151424925794181,0.0267801010136557,0.0243280367708554,0.0282986295114753,-1.63999938964844,1,0,0,1,0,"Yahoo Finance",TRUE
2022-10-31,20495.7734375,1572.71447753906,3871.97998046875,10988.150390625,25.8799991607666,-0.0048467069192597,0.011020260008876,-0.00748232703033658,-0.0103483673301863,0.129999160766602,3,1,0,1,0,"Yahoo Finance",TRUE
2022-11-01,20485.2734375,1579.70458984375,3856.10009765625,10890.849609375,25.8099994659424,-0.000512432015794317,0.00443476810130861,-0.00410966372035837,-0.00889450365394673,-0.0699996948242188,1,0,0,1,0,"Yahoo Finance",TRUE
2022-11-02,20159.50390625,1519.71179199219,3759.68994140625,10524.7998046875,25.8600006103516,-0.016030424015856,-0.0387171547563927,-0.0253198437374831,-0.0341885928362373,0.0500011444091797,1,0,0,1,0,"Yahoo Finance",TRUE
2022-11-03,20209.98828125,1531.54174804688,3719.88989257812,10342.9404296875,25.2999992370605,0.00250111649078733,0.00775420015084638,-0.0106424225319568,-0.0174301555572107,-0.560001373291016,1,0,0,1,0,"Yahoo Finance",TRUE
2022-11-04,21147.23046875,1645.09338378906,3770.55004882812,10475.25,24.5499992370605,0.0453319982476721,0.0715222443676806,0.013526823285563,0.0127111289738231,-0.75,1,0,0,1,0,"Yahoo Finance",TRUE
2022-11-07,20602.81640625,1568.59130859375,3806.80004882812,10564.51953125,24.3500003814697,-0.0260811646135686,-0.0476191899542782,0.00956806167936008,0.00848584076023862,-0.19999885559082,3,1,0,1,0,"Yahoo Finance",TRUE
2022-11-08,18541.271484375,1332.83557128906,3828.11010742188,10616.2001953125,25.5400009155273,-0.105428646811461,-0.162869279695882,0.00558228282875994,0.00487998210550877,1.19000053405762,1,0,0,1,0,"Yahoo Finance",TRUE
2022-11-09,15880.7802734375,1100.16979980469,3748.57006835938,10353.169921875,26.0900001525879,-0.154889548170148,-0.191844149866427,-0.0209967847123025,-0.025088409273188,0.549999237060547,1,0,0,1,0,"Yahoo Finance",TRUE
2022-11-10,17586.771484375,1299.46459960938,3956.3701171875,11114.150390625,23.5300006866455,0.102037409011285,0.166487801830802,0.0539525156647969,0.0709263609397883,-2.55999946594238,1,0,0,1,0,"Yahoo Finance",TRUE
2022-11-11,17034.29296875,1287.22106933594,3992.92993164062,11323.330078125,22.5200004577637,-0.0319184536013015,-0.00946664827229338,0.00919831230477008,0.0186460996222184,-1.01000022888184,1,0,0,1,0,"Yahoo Finance",TRUE
2022-11-14,16618.19921875,1241.60424804688,3957.25,11196.2197265625,23.7299995422363,-0.0247301123274806,-0.0360813930383568,-0.0089759405449179,-0.0112890091136197,1.20999908447266,3,1,0,1,0,"Yahoo Finance",TRUE
2022-11-15,16884.61328125,1251.73620605469,3991.72998046875,11358.41015625,24.5400009155273,0.0159043171795155,0.00812726056809865,0.00867537641466853,0.0143822555518138,0.810001373291016,1,0,0,1,0,"Yahoo Finance",TRUE
2022-11-16,16669.439453125,1215.6025390625,3958.7900390625,11183.66015625,24.1100006103516,-0.0128256803707369,-0.0292916816483473,-0.00828628311187352,-0.0155046540362367,-0.430000305175781,1,0,0,1,0,"Yahoo Finance",TRUE
2022-11-17,16687.517578125,1200.80859375,3946.56005859375,11144.9599609375,23.9300003051758,0.00108391942064934,-0.0122447127915075,-0.0030941046442301,-0.00346642415532017,-0.180000305175781,1,0,0,1,0,"Yahoo Finance",TRUE
2022-11-18,16697.77734375,1212.30029296875,3965.34008789062,11146.0595703125,23.1200008392334,0.000614627845701321,0.00952446543523067,0.00474729564815846,9.86594062553081e-05,-0.809999465942383,1,0,0,1,0,"Yahoo Finance",TRUE
2022-11-21,15787.2841796875,1108.35302734375,3949.93994140625,11024.509765625,22.3600006103516,-0.0560708001218142,-0.0896444691201497,-0.00389124980027589,-0.0109650790379785,-0.760000228881836,3,1,0,1,0,"Yahoo Finance",TRUE
2022-11-22,16189.76953125,1135.17346191406,4003.580078125,11174.41015625,21.2900009155273,0.0251747150803912,0.0239103148225057,0.0134886062698296,0.0135054020267784,-1.06999969482422,1,0,0,1,0,"Yahoo Finance",TRUE
2022-11-23,16610.70703125,1183.19958496094,4027.26000976562,11285.3203125,20.3500003814697,0.0256679569857372,0.0414368125013302,0.00589726604173713,0.00987643711527397,-0.940000534057617,1,0,0,1,0,"Yahoo Finance",TRUE
2022-11-25,16521.841796875,1198.92590332031,4026.1201171875,11226.3603515625,20.5,-0.00536423852735979,0.0132037937661096,-0.000283084262202138,-0.00523817804914195,0.149999618530273,2,1,0,1,0,"Yahoo Finance",TRUE
2022-11-28,16217.322265625,1170.08618164062,3963.93994140625,11049.5,22.2099990844727,-0.0186033041671756,-0.0243486697849038,-0.0155646967940655,-0.0158794376630222,1.70999908447266,3,1,0,1,0,"Yahoo Finance",TRUE
2022-11-29,16444.982421875,1216.90124511719,3957.6298828125,10983.7802734375,21.8899993896484,0.0139404641103464,0.0392302589290185,-0.00159313370162373,-0.00596551404476031,-0.319999694824219,1,0,0,1,0,"Yahoo Finance",TRUE
2022-11-30,17168.56640625,1295.68859863281,4080.11010742188,11468,20.5799999237061,0.0430597665839443,0.0627346256779369,0.0304786435212954,0.0431408839946616,-1.30999946594238,1,0,0,1,0,"Yahoo Finance",TRUE
2022-12-01,16967.1328125,1276.27392578125,4076.57006835938,11482.4501953125,19.8400001525879,-0.0118020685953688,-0.0150974529655006,-0.000868009829606109,0.00125925174443253,-0.739999771118164,1,0,0,1,0,"Yahoo Finance",TRUE
2022-12-02,17088.66015625,1294.30334472656,4071.69995117188,11461.5,19.0599994659424,0.00713698604580593,0.0140277553999226,-0.00119537466376229,-0.00182620699196256,-0.780000686645508,1,0,0,1,0,"Yahoo Finance",TRUE
2022-12-05,16974.826171875,1259.6767578125,3998.84008789062,11239.9404296875,20.75,-0.00668366162158485,-0.0271174460278578,-0.0180562496309715,-0.0195200481719588,1.69000053405762,3,1,0,1,0,"Yahoo Finance",TRUE
2022-12-06,17089.50390625,1271.65380859375,3941.26000976562,11014.8896484375,22.1700000762939,0.0067330352508197,0.0094631181872602,-0.0145038694229864,-0.0202255826964226,1.42000007629395,1,0,0,1,0,"Yahoo Finance",TRUE
2022-12-07,16848.126953125,1232.4375,3933.919921875,10958.5498046875,22.6800003051758,-0.0142249778324377,-0.0313243491098492,-0.00186410725338249,-0.00512800623057785,0.510000228881836,1,0,0,1,0,"Yahoo Finance",TRUE
2022-12-08,17233.474609375,1281.11633300781,3963.51000976562,11082,22.2900009155273,0.0226142000810388,0.0387379172952178,0.00749363441393314,0.011202214770524,-0.389999389648438,1,0,0,1,0,"Yahoo Finance",TRUE
2022-12-09,17133.15234375,1264.28479003906,3934.3798828125,11004.6201171875,22.8299999237061,-0.00583837050588798,-0.0132252540832773,-0.00737671946421159,-0.00700697517316229,0.539999008178711,1,0,0,1,0,"Yahoo Finance",TRUE
2022-12-12,17206.4375,1274.61901855469,3990.56005859375,11143.740234375,25,0.00426826690960169,0.0081407460596683,0.01417830729965,0.012562731024909,2.17000007629395,3,1,0,1,0,"Yahoo Finance",TRUE
2022-12-13,17781.318359375,1320.54919433594,4019.64990234375,11256.8095703125,22.5499992370605,0.0328647887307287,0.0354003814045782,0.00726322325545681,0.0100953143751994,-2.45000076293945,1,0,0,1,0,"Yahoo Finance",TRUE
2022-12-14,17815.650390625,1309.32873535156,3995.32006835938,11170.8896484375,21.1399993896484,0.00192893064217081,-0.00853311626488296,-0.0060711166238363,-0.00766198452825506,-1.40999984741211,1,0,0,1,0,"Yahoo Finance",TRUE
2022-12-15,17364.865234375,1266.35388183594,3895.75,10810.5302734375,22.8299999237061,-0.0256283810210238,-0.0333727779430868,-0.0252374779018254,-0.0327905717238224,1.69000053405762,1,0,0,1,0,"Yahoo Finance",TRUE
2022-12-16,16647.484375,1168.25939941406,3852.36010742188,10705.41015625,22.6200008392334,-0.0421898089815009,-0.0806268638905214,-0.011200239946012,-0.00977144865649926,-0.209999084472656,1,0,0,1,0,"Yahoo Finance",TRUE
2022-12-19,16439.6796875,1167.60986328125,3817.65991210938,10546.0302734375,22.4200000762939,-0.0125612107133204,-0.000556140842236097,-0.00904832894110363,-0.0149997240508455,-0.200000762939453,3,1,0,1,0,"Yahoo Finance",TRUE
2022-12-20,16906.3046875,1217.70361328125,3821.6201171875,10547.1103515625,21.4799995422363,0.027988705082473,0.0420079933812278,0.00103680069788936,0.000102410366018546,-0.940000534057617,1,0,0,1,0,"Yahoo Finance",TRUE
2022-12-21,16817.53515625,1213.59997558594,3878.43994140625,10709.3701171875,20.0699996948242,-0.00526450942017753,-0.00337567189132848,0.0147585486690556,0.0152671480638933,-1.40999984741211,1,0,0,1,0,"Yahoo Finance",TRUE
2022-12-22,16830.341796875,1218.18212890625,3822.38989257812,10476.1201171875,21.9699993133545,0.000761215411079874,0.00376856029563033,-0.0145571424981465,-0.0220206776228569,1.89999961853027,1,0,0,1,0,"Yahoo Finance",TRUE
2022-12-23,16796.953125,1220.15942382812,3844.82006835938,10497.8603515625,20.8700008392334,-0.00198580842882201,0.0016218362460938,0.00585095227191523,0.00207306783691585,-1.09999847412109,1,0,0,1,0,"Yahoo Finance",TRUE
2022-12-27,16717.173828125,1212.79162597656,3829.25,10353.23046875,21.6499996185303,-0.00476094440295327,-0.00605669429742051,-0.00405784403465859,-0.0138728667608543,0.779998779296875,4,1,0,1,0,"Yahoo Finance",TRUE
2022-12-28,16552.572265625,1189.98608398438,3783.21997070312,10213.2900390625,22.1399993896484,-0.00989505030025128,-0.0189832182551468,-0.0120934704429487,-0.0136087763956887,0.489999771118164,1,0,0,1,0,"Yahoo Finance",TRUE
2022-12-29,16642.341796875,1201.59533691406,3849.28002929688,10478.08984375,21.4400005340576,0.00540864482552017,0.00970850836527948,0.0173106343149936,0.025596578262423,-0.69999885559082,1,0,0,1,0,"Yahoo Finance",TRUE
2022-12-30,16602.5859375,1199.23278808594,3839.5,10466.48046875,21.6700000762939,-0.0023916958787602,-0.00196811222438509,-0.00254397564611075,-0.00110858098454436,0.229999542236328,1,0,0,1,0,"Yahoo Finance",TRUE
2023-01-03,16679.857421875,1214.77880859375,3824.13989257812,10386.98046875,22.8999996185303,0.00464338644722595,0.0128800006139995,-0.00400857248127373,-0.00762467058933325,1.22999954223633,4,1,0,1,0,"Yahoo Finance",TRUE
2023-01-04,16863.23828125,1256.52661132812,3852.96997070312,10458.759765625,22.0100002288818,0.0109341539620349,0.0337892470301151,0.00751069456213926,0.00688673846632071,-0.889999389648438,1,0,0,1,0,"Yahoo Finance",TRUE
2023-01-05,16836.736328125,1250.43859863281,3808.10009765625,10305.240234375,22.4599990844727,-0.0015728177184382,-0.00485688803244066,-0.0117138691364573,-0.0147873558752583,0.44999885559082,1,0,0,1,0,"Yahoo Finance",TRUE
2023-01-06,16951.96875,1269.37902832031,3895.080078125,10569.2900390625,21.1299991607666,0.00682079223555299,0.0150334581381282,0.0225838355890318,0.0253001036028326,-1.32999992370605,1,0,0,1,0,"Yahoo Finance",TRUE
2023-01-09,17196.5546875,1321.53894042969,3892.09008789062,10635.650390625,21.9699993133545,0.0143250773646315,0.0402690946535627,-0.000767927325991735,0.00625897237672746,0.840000152587891,3,1,0,1,0,"Yahoo Finance",TRUE
2023-01-10,17446.29296875,1336.58605957031,3919.25,10742.6298828125,20.5799999237061,0.0144181338708869,0.0113217248025688,0.00695399797059437,0.0100083246920111,-1.38999938964844,1,0,0,1,0,"Yahoo Finance",TRUE
2023-01-11,17934.896484375,1387.93273925781,3969.61010742188,10931.669921875,21.0900001525879,0.0276211504977315,0.0376967558913641,0.0127675711922937,0.0174441467041184,0.510000228881836,1,0,0,1,0,"Yahoo Finance",TRUE
2023-01-12,18869.587890625,1417.9384765625,3983.169921875,11001.099609375,18.8299999237061,0.0508031804901865,0.0213886375326418,0.00341008491204242,0.00633115843548282,-2.26000022888184,1,0,0,1,0,"Yahoo Finance",TRUE
2023-01-13,19909.57421875,1451.61486816406,3999.09008789062,11079.16015625,18.3500003814697,0.0536492128036699,0.0234725992132718,0.00398889214465648,0.00707064798303847,-0.479999542236328,1,0,0,1,0,"Yahoo Finance",TRUE
2023-01-17,21161.51953125,1567.84606933594,3990.96997070312,11095.1103515625,19.3600006103516,0.0609836833564206,0.0770261081344641,-0.00203255543099701,0.00143862212358314,1.01000022888184,4,1,0,1,0,"Yahoo Finance",TRUE
2023-01-18,20688.78125,1515.50695800781,3928.86010742188,10957.009765625,20.3400001525879,-0.0225928311533004,-0.033952738308499,-0.0156849669777444,-0.0125250897065143,0.979999542236328,1,0,0,1,0,"Yahoo Finance",TRUE
2023-01-19,21086.79296875,1552.55651855469,3898.85009765625,10852.26953125,20.5200004577637,0.0190553341028981,0.0241529302946448,-0.00766767190181206,-0.00960518119113551,0.180000305175781,1,0,0,1,0,"Yahoo Finance",TRUE
2023-01-20,22676.552734375,1659.75415039062,3972.61010742188,11140.4296875,19.8500003814697,0.0726845526110473,0.0667665501969203,0.018741673552352,0.0262065738442807,-0.670000076293945,1,0,0,1,0,"Yahoo Finance",TRUE
2023-01-23,22934.431640625,1628.25109863281,4019.81005859375,11364.41015625,19.8099994659424,0.0113078749625899,-0.0191629960495074,0.0118113159513289,0.0199057505915139,-0.0400009155273438,3,1,0,1,0,"Yahoo Finance",TRUE
2023-01-24,22636.46875,1556.60424804688,4016.94995117188,11334.26953125,19.2000007629395,-0.0130770792009063,-0.044999808582074,-0.000711756364292881,-0.00265571770073869,-0.60999870300293,1,0,0,1,0,"Yahoo Finance",TRUE
2023-01-25,23117.859375,1611.71105957031,4016.21997070312,11313.3603515625,19.0799999237061,0.0210431847013233,0.0347896999813386,-0.000181741573465288,-0.00184647892397471,-0.120000839233398,1,0,0,1,0,"Yahoo Finance",TRUE
2023-01-26,23032.77734375,1603.10595703125,4060.42993164062,11512.41015625,18.7299995422363,-0.00368714859384411,-0.00535341392420197,0.0109477080291143,0.0174412382226574,-0.350000381469727,1,0,0,1,0,"Yahoo Finance",TRUE
2023-01-27,23078.728515625,1598.15649414062,4070.56005859375,11621.7099609375,18.5100002288818,0.00199304647416554,-0.00309219685038808,0.00249173402170477,0.00944929977086417,-0.219999313354492,1,0,0,1,0,"Yahoo Finance",TRUE
2023-01-30,22840.138671875,1567.32653808594,4017.77001953125,11393.8095703125,19.9400005340576,-0.0103918935940008,-0.0194794479077585,-0.0130535693152929,-0.0198047095408764,1.43000030517578,3,1,0,1,0,"Yahoo Finance",TRUE
2023-01-31,23139.283203125,1586.53540039062,4076.60009765625,11584.5498046875,19.3999996185303,0.0130122885395139,0.0121813194132603,0.0145363044164188,0.0166021091746948,-0.540000915527344,1,0,0,1,0,"Yahoo Finance",TRUE
2023-02-01,23723.76953125,1641.79272460938,4119.2099609375,11816.3203125,17.8700008392334,0.0249457345900037,0.0342361242655027,0.0103980562968857,0.0198093562933774,-1.52999877929688,1,0,0,1,0,"Yahoo Finance",TRUE
2023-02-02,23471.87109375,1643.24157714844,4179.759765625,12200.8203125,18.7299995422363,-0.0106747498773689,0.000882092848913274,0.0145923846268534,0.0320215349766357,0.85999870300293,1,0,0,1,0,"Yahoo Finance",TRUE
2023-02-03,23449.322265625,1664.74560546875,4136.47998046875,12006.9501953125,18.3299999237061,-0.000961136247671135,0.0130014598296384,-0.010408592637285,-0.0160175231392934,-0.399999618530273,1,0,0,1,0,"Yahoo Finance",TRUE
2023-02-06,22760.109375,1616.2470703125,4111.080078125,11887.4501953125,19.4300003051758,-0.0298321783954254,-0.029565483793367,-0.00615939319393988,-0.0100024268750403,1.10000038146973,3,1,0,1,0,"Yahoo Finance",TRUE
2023-02-07,23264.291015625,1672.00354003906,4164,12113.7900390625,18.6599998474121,0.0219101957149324,0.0339157934512357,0.0127903640373983,0.0188612381246536,-0.770000457763672,1,0,0,1,0,"Yahoo Finance",TRUE
2023-02-08,22939.3984375,1650.716796875,4117.85986328125,11910.51953125,19.6299991607666,-0.0140637224840052,-0.0128130159816067,-0.0111425730124122,-0.016922472471224,0.969999313354492,1,0,0,1,0,"Yahoo Finance",TRUE
2023-02-09,21819.0390625,1546.43823242188,4081.5,11789.580078125,20.7099990844727,-0.0500729479211177,-0.0652552438195881,-0.008869009831038,-0.0102059067156954,1.07999992370605,1,0,0,1,0,"Yahoo Finance",TRUE
2023-02-10,21651.18359375,1514.869140625,4090.4599609375,11718.1201171875,20.5300006866455,-0.00772281772490402,-0.0206253127016733,0.00219285570921812,-0.00607972540559487,-0.179998397827148,1,0,0,1,0,"Yahoo Finance",TRUE
2023-02-13,21808.1015625,1507.16589355469,4137.2900390625,11891.7900390625,20.3400001525879,0.00722140965311802,-0.00509806383267808,0.0113835699511551,0.0147118776082849,-0.190000534057617,3,1,0,1,0,"Yahoo Finance",TRUE
2023-02-14,22220.8046875,1556.87512207031,4136.1298828125,11960.150390625,18.9099998474121,0.0187474660501366,0.0324496898686055,-0.00028045385549369,0.00573207357601468,-1.43000030517578,1,0,0,1,0,"Yahoo Finance",TRUE
2023-02-15,24307.841796875,1673.74597167969,4147.60009765625,12070.58984375,18.2299995422363,0.089770007863196,0.0723835258153347,0.00276933753307596,0.00919157958412953,-0.680000305175781,1,0,0,1,0,"Yahoo Finance",TRUE
2023-02-16,23623.474609375,1640.06762695312,4090.40991210938,11855.830078125,20.1700000762939,-0.0285581014815648,-0.0203267343239499,-0.0138846892048807,-0.0179521661854594,1.94000053405762,1,0,0,1,0,"Yahoo Finance",TRUE
2023-02-17,24565.6015625,1694.78332519531,4079.09008789062,11787.26953125,20.0200004577637,0.0391062494260996,0.0328174239851053,-0.00277124217228319,-0.0057996405024614,-0.149999618530273,1,0,0,1,0,"Yahoo Finance",TRUE
2023-02-21,24436.353515625,1658.03637695312,3997.34008789062,11492.2998046875,22.8700008392334,-0.00527523223903259,-0.0219209041844088,-0.020244783973471,-0.0253428669087725,2.85000038146973,4,1,0,1,0,"Yahoo Finance",TRUE
2023-02-22,24188.84375,1643.23168945312,3991.05004882812,11507.0703125,22.2900009155273,-0.0101803968810028,-0.00896915151985489,-0.00157479548564332,0.00128442733586986,-0.579999923706055,1,0,0,1,0,"Yahoo Finance",TRUE
2023-02-23,23947.4921875,1651.07385253906,4012.32006835938,11590.400390625,21.1399993896484,-0.0100279167620183,0.00476105072802468,0.00531527826323774,0.0072155467356545,-1.15000152587891,1,0,0,1,0,"Yahoo Finance",TRUE
2023-02-24,23198.126953125,1608.37316894531,3970.0400390625,11394.9404296875,21.6700000762939,-0.0317920674064442,-0.0262026818695578,-0.0105934646197756,-0.0170077680442642,0.530000686645508,1,0,0,1,0,"Yahoo Finance",TRUE
2023-02-27,23522.87109375,1634.32641601562,3982.23999023438,11466.98046875,20.9500007629395,0.0139016452590113,0.0160075274186182,0.00306829253955243,0.00630220687244609,-0.719999313354492,3,1,0,1,0,"Yahoo Finance",TRUE
2023-02-28,23147.353515625,1605.89514160156,3970.14990234375,11455.5400390625,20.7000007629395,-0.0160927308751031,-0.0175494197532213,-0.00304061983094783,-0.000998182606794629,-0.25,1,0,0,1,0,"Yahoo Finance",TRUE
2023-03-01,23646.55078125,1663.43371582031,3951.38989257812,11379.48046875,20.5799999237061,0.0213368049391622,0.0352026477292293,-0.00473646420349283,-0.00666168454436011,-0.120000839233398,1,0,0,1,0,"Yahoo Finance",TRUE
2023-03-02,23475.466796875,1647.3193359375,3981.35009765625,11462.98046875,19.5900001525879,-0.00726135020948071,-0.00973464760741294,0.00755359373119724,0.00731097863350882,-0.989999771118164,1,0,0,1,0,"Yahoo Finance",TRUE
2023-03-03,22362.6796875,1569.16760253906,4045.63989257812,11689.009765625,18.4899997711182,-0.0485624257297719,-0.0486040325649597,0.0160187491764834,0.0195263107996588,-1.10000038146973,1,0,0,1,0,"Yahoo Finance",TRUE
2023-03-06,22429.7578125,1567.39868164062,4048.419921875,11675.740234375,18.6100006103516,0.00299506697501251,-0.00112793477051643,0.000686930778847739,-0.00113585916191283,0.120000839233398,3,1,0,1,0,"Yahoo Finance",TRUE
2023-03-07,22219.76953125,1561.93310546875,3986.3701171875,11530.330078125,19.5900001525879,-0.00940613896604248,-0.00349313022796061,-0.0154455904792634,-0.0125322432819157,0.979999542236328,1,0,0,1,0,"Yahoo Finance",TRUE
2023-03-08,21718.080078125,1534.08825683594,3992.01000976562,11576,19.1100006103516,-0.0228373150611318,-0.0179879892146273,0.00141379413560294,0.00395302769345385,-0.479999542236328,1,0,0,1,0,"Yahoo Finance",TRUE
2023-03-09,20363.021484375,1438.66076660156,3918.32006835938,11338.349609375,22.6100006103516,-0.0644245133285324,-0.0642235774267599,-0.0186318579454809,-0.020743238713278,3.5,1,0,0,1,0,"Yahoo Finance",TRUE
2023-03-10,20187.244140625,1429.15808105469,3861.59008789062,11138.8896484375,24.7999992370605,-0.00866965688311438,-0.00662714127404129,-0.0145839694360674,-0.0177481935765442,2.18999862670898,1,0,0,1,0,"Yahoo Finance",TRUE
2023-03-13,24197.533203125,1680.30895996094,3855.76000976562,11188.83984375,26.5200004577637,0.181199767457926,0.161892164864805,-0.00151090184073865,0.00447428196048172,1.72000122070312,3,1,0,1,0,"Yahoo Finance",TRUE
2023-03-14,24746.07421875,1703.50708007812,3919.2900390625,11428.150390625,23.7299995422363,0.022416164797507,0.0137114330597958,0.0163423882353637,0.0211628051197739,-2.79000091552734,1,0,0,1,0,"Yahoo Finance",TRUE
2023-03-15,24375.9609375,1656.18054199219,3891.92993164062,11434.0498046875,26.1399993896484,-0.0150694198256183,-0.0281750413425721,-0.00700536392935369,0.000516084553808582,2.40999984741211,1,0,0,1,0,"Yahoo Finance",TRUE
2023-03-16,25052.7890625,1677.21545410156,3960.28002929688,11717.2802734375,22.9899997711182,0.0273877219696494,0.012620877536401,0.0174095762490314,0.024468969965266,-3.14999961853027,1,0,0,1,0,"Yahoo Finance",TRUE
2023-03-17,27423.9296875,1792.48510742188,3916.63989257812,11630.509765625,25.5100002288818,0.0904308173547879,0.0664680346857667,-0.0110806212739529,-0.0074329011147114,2.52000045776367,1,0,0,1,0,"Yahoo Finance",TRUE
2023-03-20,27767.236328125,1735.3212890625,3951.57006835938,11675.5400390625,24.1499996185303,0.0124407978049419,-0.0324104079140239,0.0088788696359412,0.00386426098368986,-1.36000061035156,3,1,0,1,0,"Yahoo Finance",TRUE
2023-03-21,28175.81640625,1806.7607421875,4002.8701171875,11860.1103515625,21.3799991607666,0.0146072594573106,0.0403430194784899,0.0128986475185577,0.0156846395348555,-2.77000045776367,1,0,0,1,0,"Yahoo Finance",TRUE
2023-03-22,27307.4375,1737.71704101562,3936.96997070312,11669.9599609375,22.2600002288818,-0.031304934786025,-0.0389633904013342,-0.0166002486398416,-0.0161626826893198,0.880001068115234,1,0,0,1,0,"Yahoo Finance",TRUE
2023-03-23,28333.97265625,1816.40515136719,3948.71997070312,11787.400390625,22.6100006103516,0.0369024309214421,0.0442871499209607,0.00298008386918269,0.0100131821464888,0.350000381469727,1,0,0,1,0,"Yahoo Finance",TRUE
2023-03-24,27493.28515625,1752.04479980469,3970.98999023438,11823.9599609375,21.7399997711182,-0.0301197331855558,-0.0360757934168499,0.00562396308430202,0.00309678044682471,-0.870000839233398,1,0,0,1,0,"Yahoo Finance",TRUE
2023-03-27,27139.888671875,1715.46081542969,3977.53002929688,11768.83984375,20.6000003814697,-0.0129372463162944,-0.0211018212831844,0.00164559956376742,-0.00467263045780264,-1.13999938964844,3,1,0,1,0,"Yahoo Finance",TRUE
2023-03-28,27268.130859375,1772.78564453125,3971.27001953125,11716.080078125,19.9699993133545,0.00471410009391349,0.0328703783446542,-0.00157508328838851,-0.00449308360932044,-0.630001068115234,1,0,0,1,0,"Yahoo Finance",TRUE
2023-03-29,28348.44140625,1793.00183105469,4027.81005859375,11926.240234375,19.1200008392334,0.0388533993126909,0.0113390959329838,0.0141368707750473,0.0177787703696843,-0.849998474121094,1,0,0,1,0,"Yahoo Finance",TRUE
2023-03-30,28033.5625,1792.73718261719,4050.830078125,12013.4697265625,19.0200004577637,-0.0111695987413327,-0.000147611656604596,0.00569899919948291,0.00728746324594276,-0.100000381469727,1,0,0,1,0,"Yahoo Finance",TRUE
2023-03-31,28478.484375,1822.02209472656,4109.31005859375,12221.91015625,18.7000007629395,0.0157464148884543,0.0162033212080175,0.0143333277820368,0.0172017579647559,-0.319999694824219,1,0,0,1,0,"Yahoo Finance",TRUE
2023-04-03,27790.220703125,1810.29711914062,4124.509765625,12189.4501953125,18.5499992370605,-0.024464682416772,-0.00645593937067357,0.00369202256580259,-0.00265941591137064,-0.150001525878906,3,1,0,1,0,"Yahoo Finance",TRUE
2023-04-04,28168.08984375,1871.00512695312,4100.60009765625,12126.330078125,19,0.013505585874638,0.0329848014817582,-0.00581383974516214,-0.0051917115762059,0.450000762939453,1,0,0,1,0,"Yahoo Finance",TRUE
2023-04-05,28177.984375,1909.11401367188,4090.3798828125,11996.8603515625,19.0799999237061,0.000351205704706814,0.0201634797423695,-0.00249548165712099,-0.0107341497870213,0.0799999237060547,1,0,0,1,0,"Yahoo Finance",TRUE
2023-04-06,28044.140625,1872.92260742188,4105.02001953125,12087.9599609375,18.3999996185303,-0.00476125734657984,-0.0191391647595776,0.00357277313280235,0.00756493448141882,-0.680000305175781,1,0,0,1,0,"Yahoo Finance",TRUE
2023-04-10,29652.98046875,1911.20751953125,4109.10986328125,12084.3603515625,18.9699993133545,0.0557829223296604,0.0202351489853747,0.000995807017009298,-0.000297829033792496,0.569999694824219,4,1,0,1,0,"Yahoo Finance",TRUE
2023-04-11,30235.05859375,1892.18969726562,4108.93994140625,12031.8798828125,19.1000003814697,0.0194394895643324,-0.0100005230480811,-4.13533329819415e-05,-0.0043522996190628,0.130001068115234,1,0,0,1,0,"Yahoo Finance",TRUE
2023-04-12,30139.052734375,1920.68212890625,4091.94995117188,11929.33984375,19.0900001525879,-0.00318036781613351,0.0149456699872204,-0.00414345632346169,-0.00855888524807824,-0.0100002288818359,1,0,0,1,0,"Yahoo Finance",TRUE
2023-04-13,30399.06640625,2012.63464355469,4146.22021484375,12166.26953125,17.7999992370605,0.00859013376828166,0.046764233285983,0.0131755104978311,0.0196664313548105,-1.29000091552734,1,0,0,1,0,"Yahoo Finance",TRUE
2023-04-14,30485.69921875,2101.63549804688,4137.64013671875,12123.4697265625,17.0699996948242,0.00284579796201712,0.0432712185067912,-0.00207151758457869,-0.00352410938040038,-0.729999542236328,1,0,0,1,0,"Yahoo Finance",TRUE
2023-04-17,29445.044921875,2076.24291992188,4151.31982421875,12157.7197265625,16.9500007629395,-0.0347320535667279,-0.0121558783011366,0.00330070358261558,0.00282111572676946,-0.119998931884766,3,1,0,1,0,"Yahoo Finance",TRUE
2023-04-18,30397.552734375,2104.53735351562,4154.8701171875,12153.41015625,16.8299999237061,0.0318364609978161,0.0135356865170868,0.000854854803465699,-0.000354534764811731,-0.120000839233398,1,0,0,1,0,"Yahoo Finance",TRUE
2023-04-19,28822.6796875,1936.40344238281,4154.52001953125,12157.23046875,16.4599990844727,-0.0531995366286733,-0.0832633016202138,-8.42655479402765e-05,0.000314291391196875,-0.370000839233398,1,0,0,1,0,"Yahoo Finance",TRUE
2023-04-20,28245.98828125,1943.09765625,4129.7900390625,12059.5595703125,17.1700000762939,-0.0202111266192802,0.0034510728781596,-0.00597033518831047,-0.00806642233564325,0.710000991821289,1,0,0,1,0,"Yahoo Finance",TRUE
2023-04-21,27276.91015625,1849.99987792969,4133.52001953125,12072.4599609375,16.7700004577637,-0.034910877271713,-0.0490978565767,0.000902781257300589,0.00106915145142672,-0.399999618530273,1,0,0,1,0,"Yahoo Finance",TRUE
2023-04-24,27525.33984375,1842.75744628906,4137.0400390625,12037.2001953125,16.8899993896484,0.00906646676944867,-0.00392251117027698,0.000851216778272601,-0.00292495128796944,0.119998931884766,3,1,0,1,0,"Yahoo Finance",TRUE
2023-04-25,28307.59765625,1866.75366210938,4071.6298828125,11799.16015625,18.7600002288818,0.0280232077739537,0.0129378507524773,-0.0159371838185773,-0.0199735151815101,1.8700008392334,1,0,0,1,0,"Yahoo Finance",TRUE
2023-04-26,28422.701171875,1866.56420898438,4055.98999023438,11854.349609375,18.8400001525879,0.00405792586857956,-0.000101493165973743,-0.00384858350334483,0.00466650013662395,0.0799999237060547,1,0,0,1,0,"Yahoo Finance",TRUE
2023-04-27,29473.787109375,1908.78637695312,4135.35009765625,12142.240234375,17.0300006866455,0.0363131328622952,0.0223682158443061,0.0193771934026969,0.0239954460403258,-1.80999946594238,1,0,0,1,0,"Yahoo Finance",TRUE
2023-04-28,29340.26171875,1892.51281738281,4169.47998046875,12226.580078125,15.7799997329712,-0.00454060288975278,-0.00856215633488322,0.00821933131324393,0.0069219748367999,-1.25000095367432,1,0,0,1,0,"Yahoo Finance",TRUE
2023-05-01,28091.568359375,1831.95483398438,4167.8701171875,12212.599609375,16.0799999237061,-0.0434912199499013,-0.0325218670225631,-0.000386181048510181,-0.00114410307168811,0.300000190734863,3,1,0,1,0,"Yahoo Finance",TRUE
2023-05-02,28680.537109375,1870.78930664062,4119.580078125,12080.509765625,17.7800006866455,0.0207492702911214,0.0209768189152122,-0.0116539066805732,-0.0108747829241427,1.70000076293945,1,0,0,1,0,"Yahoo Finance",TRUE
2023-05-03,29006.30859375,1904.65185546875,4090.75,12025.330078125,18.3400001525879,0.0112946008250283,0.0179388079179388,-0.0070229080548927,-0.00457812581803019,0.559999465942383,1,0,0,1,0,"Yahoo Finance",TRUE
2023-05-04,28847.7109375,1877.7041015625,4061.21997070312,11966.400390625,20.0900001525879,-0.00548269782537503,-0.0142494308737442,-0.00724491345506273,-0.00491250984067193,1.75,1,0,0,1,0,"Yahoo Finance",TRUE
2023-05-05,29534.384765625,1995.06091308594,4136.25,12235.41015625,17.1900005340576,0.0235245236353521,0.0606247747820925,0.0183061663818798,0.0222314644256585,-2.89999961853027,1,0,0,1,0,"Yahoo Finance",TRUE
2023-05-08,27694.2734375,1849.04272460938,4138.1201171875,12256.919921875,16.9799995422363,-0.064329513141729,-0.0760065237391885,0.00045202648488285,0.00175644955677079,-0.210000991821289,3,1,0,1,0,"Yahoo Finance",TRUE
2023-05-09,27658.775390625,1848.60314941406,4119.169921875,12179.5498046875,17.7099990844727,-0.00128260511364608,-0.000237759489340128,-0.00458993894906001,-0.00633236933085257,0.729999542236328,1,0,0,1,0,"Yahoo Finance",TRUE
2023-05-10,27621.755859375,1842.40148925781,4137.64013671875,12306.4404296875,16.9400005340576,-0.00133933361155414,-0.0033604216734151,0.00447394224191378,0.0103644377607424,-0.769998550415039,1,0,0,1,0,"Yahoo Finance",TRUE
2023-05-11,27000.7890625,1796.49060058594,4130.6201171875,12328.509765625,16.9300003051758,-0.0227376278728038,-0.025234782361343,-0.00169806488970536,0.00179170988100097,-0.0100002288818359,1,0,0,1,0,"Yahoo Finance",TRUE
2023-05-12,26804.990234375,1808.01977539062,4124.080078125,12284.740234375,17.0300006866455,-0.00727801715592413,0.00639710413864414,-0.0015845615894392,-0.00355658658550517,0.100000381469727,1,0,0,1,0,"Yahoo Finance",TRUE
2023-05-15,27192.693359375,1817.54992675781,4136.27978515625,12365.2099609375,17.1200008392334,0.0143602377634124,0.00525720044007461,0.00295379768031623,0.00652902028447855,0.0900001525878906,3,1,0,1,0,"Yahoo Finance",TRUE
2023-05-16,27036.650390625,1824.12145996094,4109.89990234375,12343.0498046875,17.9899997711182,-0.00575494330669102,0.00360907925969922,-0.00639810768191751,-0.00179374528209841,0.869998931884766,1,0,0,1,0,"Yahoo Finance",TRUE
2023-05-17,27398.802734375,1821.85961914062,4158.77001953125,12500.5703125,16.8700008392334,0.0133059491984699,-0.00124073112909784,0.0118206886220715,0.0126811324585212,-1.11999893188477,1,0,0,1,0,"Yahoo Finance",TRUE
2023-05-18,26832.208984375,1801.728515625,4198.0498046875,12688.83984375,16.0499992370605,-0.0208963229384924,-0.0111112576165233,0.00940072306372741,0.0149485864071632,-0.820001602172852,1,0,0,1,0,"Yahoo Finance",TRUE
2023-05-19,26890.12890625,1812.58947753906,4191.97998046875,12657.900390625,16.8099994659424,0.00215627043017008,0.00600998286591548,-0.00144691388067564,-0.00244129763475165,0.760000228881836,1,0,0,1,0,"Yahoo Finance",TRUE
2023-05-22,26851.27734375,1817.53479003906,4192.6298828125,12720.7802734375,17.2099990844727,-0.00144587095796034,0.00272459849566875,0.000155022679802386,0.00495534124211439,0.399999618530273,3,1,0,1,0,"Yahoo Finance",TRUE
2023-05-23,27225.7265625,1854.38061523438,4145.580078125,12560.25,18.5300006866455,0.0138489626434257,0.0200696682171806,-0.0112854687682837,-0.0126998329814327,1.32000160217285,1,0,0,1,0,"Yahoo Finance",TRUE
2023-05-24,26334.818359375,1800.09997558594,4115.240234375,12484.16015625,20.0300006866455,-0.033270400187897,-0.0297085348072326,-0.00734551267830597,-0.00607641205329834,1.5,1,0,0,1,0,"Yahoo Finance",TRUE
2023-05-25,26476.20703125,1805.95373535156,4151.27978515625,12698.08984375,19.1399993896484,0.00535452620513865,0.00324663212293519,0.00871945607901203,0.0169909229012291,-0.89000129699707,1,0,0,1,0,"Yahoo Finance",TRUE
2023-05-26,26719.291015625,1828.68969726562,4205.4501953125,12975.6904296875,17.9500007629395,0.00913933266205724,0.0125108604960102,0.0129646809316402,0.0216260637950594,-1.18999862670898,1,0,0,1,0,"Yahoo Finance",TRUE
2023-05-30,27702.349609375,1901.02661132812,4205.52001953125,13017.4296875,17.4599990844727,0.0361314185690826,0.0387943640319497,1.66031306658709e-05,0.00321156471402517,-0.490001678466797,4,1,0,1,0,"Yahoo Finance",TRUE
2023-05-31,27219.658203125,1874.13049316406,4179.830078125,12935.2900390625,17.9400005340576,-0.0175777927232659,-0.0142492471188413,-0.00612735818621424,-0.00632996645979844,0.480001449584961,1,0,0,1,0,"Yahoo Finance",TRUE
2023-06-01,26819.97265625,1862.20141601562,4221.02001953125,13100.98046875,15.6499996185303,-0.0147925819911876,-0.00638547001263134,0.00980621508585422,0.0127278341513346,-2.29000091552734,1,0,0,1,0,"Yahoo Finance",TRUE
2023-06-02,27249.58984375,1907.25659179688,4282.3701171875,13240.76953125,14.6000003814697,0.015891611065797,0.0239065252896253,0.014429812390107,0.0106135981663691,-1.04999923706055,1,0,0,1,0,"Yahoo Finance",TRUE
2023-06-05,25760.09765625,1811.82836914062,4273.7900390625,13229.4296875,14.7299995422363,-0.056211777158012,-0.0513293860436121,-0.00200559149065782,-0.000856800838558769,0.129999160766602,3,1,0,1,0,"Yahoo Finance",TRUE
2023-06-06,27238.783203125,1884.49487304688,4283.85009765625,13276.419921875,13.960000038147,0.0558151185623359,0.0393233290133361,0.00235113023385125,0.00354565383085514,-0.769999504089355,1,0,0,1,0,"Yahoo Finance",TRUE
2023-06-07,26345.998046875,1832.39599609375,4267.52001953125,13104.900390625,13.9399995803833,-0.0333254241208092,-0.0280354151638749,-0.003819293926421,-0.0130032876292834,-0.0200004577636719,1,0,0,1,0,"Yahoo Finance",TRUE
2023-06-08,26508.216796875,1846.30187988281,4293.93017578125,13238.51953125,13.6499996185303,0.00613836606370555,0.00756025664148829,0.00616957160752385,0.0101444904968631,-0.289999961853027,1,0,0,1,0,"Yahoo Finance",TRUE
2023-06-09,26480.375,1840.22521972656,4298.85986328125,13259.1396484375,13.8299999237061,-0.00105086013773992,-0.00329668845260844,0.00114740102305078,0.00155637305242706,0.180000305175781,1,0,0,1,0,"Yahoo Finance",TRUE
2023-06-12,25902.5,1742.52868652344,4338.93017578125,13461.919921875,15.0100002288818,-0.0220644034561825,-0.0545506397844564,0.00927797498175487,0.0151778536862786,1.18000030517578,3,1,0,1,0,"Yahoo Finance",TRUE
2023-06-13,25918.728515625,1739.03759765625,4369.009765625,13573.3203125,14.6099996566772,0.000626326955973866,-0.00200547095893189,0.00690857072590845,0.00824117116444789,-0.40000057220459,1,0,0,1,0,"Yahoo Finance",TRUE
2023-06-14,25124.67578125,1650.51928710938,4372.58984375,13626.48046875,13.8800001144409,-0.0311153540326199,-0.0522418975533601,0.000819089980126364,0.00390886862479789,-0.729999542236328,1,0,0,1,0,"Yahoo Finance",TRUE
2023-06-15,25576.39453125,1665.51977539062,4425.83984375,13782.8203125,14.5,0.0178193754101166,0.0090472942680293,0.01210458049359,0.0114079188307379,0.619999885559082,1,0,0,1,0,"Yahoo Finance",TRUE
2023-06-16,26327.462890625,1716.66882324219,4409.58984375,13689.5703125,13.539999961853,0.0289427732653706,0.030248430137366,-0.00367837646775193,-0.00678865988755462,-0.960000038146973,1,0,0,1,0,"Yahoo Finance",TRUE
2023-06-20,28327.48828125,1792.11999511719,4388.7099609375,13667.2900390625,13.8800001144409,0.0732200398417753,0.0430135916075134,-0.00474635383523569,-0.00162886223618841,0.340000152587891,4,1,0,1,0,"Yahoo Finance",TRUE
2023-06-21,30027.296875,1891.00720214844,4365.68994140625,13502.2001953125,13.1999998092651,0.0582742132068201,0.0537103244426165,-0.00525908636692485,-0.0121527400147414,-0.680000305175781,1,0,0,1,0,"Yahoo Finance",TRUE
2023-06-22,29912.28125,1872.94299316406,4381.89013671875,13630.6103515625,12.9099998474121,-0.0038377235796947,-0.00959861142671503,0.00370393038733496,0.00946537512220758,-0.289999961853027,1,0,0,1,0,"Yahoo Finance",TRUE
2023-06-23,30695.46875,1892.86206054688,4348.330078125,13492.51953125,13.4399995803833,0.0258459057681542,0.0105790145105615,-0.00768828805650301,-0.0101826016446953,0.529999732971191,1,0,0,1,0,"Yahoo Finance",TRUE
2023-06-26,30271.130859375,1859.43286132812,4328.81982421875,13335.7802734375,14.25,-0.0139205645630991,-0.017818473433147,-0.00449693436313225,-0.0116847539572635,0.810000419616699,3,1,0,1,0,"Yahoo Finance",TRUE
2023-06-27,30688.1640625,1889.70336914062,4378.41015625,13555.669921875,13.7399997711182,0.0136825634152427,0.0161483412441932,0.0113907335241823,0.0163542351052683,-0.510000228881836,1,0,0,1,0,"Yahoo Finance",TRUE
2023-06-28,30086.24609375,1827.97119140625,4376.85986328125,13591.75,13.4300003051758,-0.0198089179130374,-0.0332131559261688,-0.000354139388390351,0.00265808680694235,-0.309999465942383,1,0,0,1,0,"Yahoo Finance",TRUE
2023-06-29,30445.3515625,1852.22729492188,4396.43994140625,13591.330078125,13.539999961853,0.0118651975377304,0.013182144849619,0.00446356811449,-3.08958273933513e-05,0.109999656677246,1,0,0,1,0,"Yahoo Finance",TRUE
2023-06-30,30477.251953125,1933.18896484375,4450.3798828125,13787.919921875,13.5900001525879,0.0010472432791655,0.0427820946065856,0.0121943502618862,0.0143607456241721,0.0500001907348633,1,0,0,1,0,"Yahoo Finance",TRUE
2023-07-03,31156.439453125,1955.38916015625,4455.58984375,13816.76953125,13.5699996948242,0.0220403801501821,0.0114182797917985,0.00116999309267207,0.00209019702449353,-0.0200004577636719,3,1,0,1,0,"Yahoo Finance",TRUE
2023-07-05,30514.166015625,1910.58801269531,4446.81982421875,13791.650390625,14.1800003051758,-0.0208299125717364,-0.0231781778019284,-0.00197025809761264,-0.00181967295682384,0.610000610351562,2,1,0,1,0,"Yahoo Finance",TRUE
2023-07-06,29909.337890625,1848.63647460938,4411.58984375,13679.0400390625,15.4399995803833,-0.0200202996399472,-0.0329627281387843,-0.00795406117589437,-0.00819862774342717,1.25999927520752,1,0,0,1,0,"Yahoo Finance",TRUE
2023-07-07,30342.265625,1870.6025390625,4398.9501953125,13660.7197265625,14.8299999237061,0.0143709099802987,0.0118122657788371,-0.00286921279573349,-0.00134019577342137,-0.609999656677246,1,0,0,1,0,"Yahoo Finance",TRUE
2023-07-10,30414.470703125,1880.55639648438,4409.52978515625,13685.48046875,15.0699996948242,0.00237685947212007,0.00530709626312831,0.00240213861062699,0.00181090965306652,0.239999771118164,3,1,0,1,0,"Yahoo Finance",TRUE
2023-07-11,30620.951171875,1878.33605957031,4439.259765625,13760.7001953125,14.8400001525879,0.00676594836558486,-0.00118137839709753,0.00671958399825456,0.00548126646909353,-0.229999542236328,1,0,0,1,0,"Yahoo Finance",TRUE
2023-07-12,30391.646484375,1872.11376953125,4472.16015625,13918.9599609375,13.539999961853,-0.00751666953896724,-0.00331815970437788,0.00738390523538968,0.0114352191672626,-1.30000019073486,1,0,0,1,0,"Yahoo Finance",TRUE
2023-07-13,31476.048828125,2006.51147460938,4510.0400390625,14138.5703125,13.6099996566772,0.0350591179994648,0.0693294788963694,0.00843448298962635,0.015654609250177,0.0699996948242188,1,0,0,1,0,"Yahoo Finance",TRUE
2023-07-14,30334.068359375,1939.34704589844,4505.419921875,14113.7001953125,13.3400001525879,-0.036955452769762,-0.0340462872850882,-0.00102493219690736,-0.00176057521498052,-0.269999504089355,1,0,0,1,0,"Yahoo Finance",TRUE
2023-07-17,30145.888671875,1911.64611816406,4522.7900390625,14244.9501953125,13.4799995422363,-0.00622289776645779,-0.0143866292855392,0.00384796957442113,0.00925650095096131,0.139999389648438,3,1,0,1,0,"Yahoo Finance",TRUE
2023-07-18,29856.5625,1897.59924316406,4554.97998046875,14353.6396484375,13.3000001907349,-0.00964388649490999,-0.00737518187401687,0.0070920669414285,0.00760107243221064,-0.179999351501465,1,0,0,1,0,"Yahoo Finance",TRUE
2023-07-19,29913.923828125,1889.00793457031,4565.72021484375,14358.01953125,13.7600002288818,0.00191938695028249,-0.00453774206435043,0.00235513482723348,0.000305094374313697,0.460000038146973,1,0,0,1,0,"Yahoo Finance",TRUE
2023-07-20,29792.015625,1890.96911621094,4534.8701171875,14063.3095703125,13.9899997711182,-0.00408362630764536,0.00103766863674259,-0.00677982739625804,-0.0207393907056996,0.229999542236328,1,0,0,1,0,"Yahoo Finance",TRUE
2023-07-21,29908.744140625,1892.080078125,4536.33984375,14032.8095703125,13.6000003814697,0.00391045825316638,0.000587336769324764,0.000324042014613113,-0.00217111920889401,-0.389999389648438,1,0,0,1,0,"Yahoo Finance",TRUE
2023-07-24,29176.916015625,1850.00207519531,4554.64013671875,14058.8701171875,13.9099998474121,-0.0247730346005977,-0.0224900335076068,0.00402603849687466,0.00185539310151484,0.309999465942383,3,1,0,1,0,"Yahoo Finance",TRUE
2023-07-25,29227.390625,1857.74194335938,4567.4599609375,14144.5595703125,13.8599996566772,0.00172845548024014,0.00417498045592346,0.00281071957583912,0.00607654584876194,-0.0500001907348633,1,0,0,1,0,"Yahoo Finance",TRUE
2023-07-26,29354.97265625,1872.15991210938,4566.75,14127.2802734375,13.1899995803833,0.0043556533334641,0.0077310562696784,-0.000155450978676086,-0.00122236820256738,-0.670000076293945,1,0,0,1,0,"Yahoo Finance",TRUE
2023-07-27,29210.689453125,1860.35717773438,4537.41015625,14050.1103515625,14.4099998474121,-0.004927238584294,-0.00632429721290517,-0.00644539305519665,-0.00547744933819416,1.22000026702881,1,0,0,1,0,"Yahoo Finance",TRUE
2023-07-28,29319.24609375,1874.74487304688,4582.22998046875,14316.66015625,13.3299999237061,0.00370944420453512,0.00770408212649354,0.00982937581043331,0.0187936550655152,-1.07999992370605,1,0,0,1,0,"Yahoo Finance",TRUE
2023-07-31,29230.111328125,1856.16235351562,4588.9599609375,14346.01953125,13.6300001144409,-0.00304477584080942,-0.00996147696315308,0.00146763543656903,0.0020486141273679,0.300000190734863,3,1,0,1,0,"Yahoo Finance",TRUE
2023-08-01,29675.732421875,1871.79211425781,4576.72998046875,14283.91015625,13.9300003051758,0.0151302338260884,0.00838521632009215,-0.00266864530768274,-0.0043387792503875,0.300000190734863,1,0,0,1,0,"Yahoo Finance",TRUE
2023-08-02,29151.958984375,1839.08972167969,4513.39013671875,13973.4501953125,16.0900001525879,-0.0178075075169097,-0.0176255890830372,-0.0139362006383354,-0.0219746253712803,2.15999984741211,1,0,0,1,0,"Yahoo Finance",TRUE
2023-08-03,29178.6796875,1835.13647460938,4501.89013671875,13959.7197265625,15.9200000762939,0.00091618077917488,-0.00215188090477092,-0.00255122545029174,-0.00098309428498311,-0.170000076293945,1,0,0,1,0,"Yahoo Finance",TRUE
2023-08-04,29074.091796875,1827.712890625,4478.02978515625,13909.240234375,17.1000003814697,-0.00359083354629597,-0.00405345315002847,-0.00531416937393914,-0.00362263589770428,1.18000030517578,1,0,0,1,0,"Yahoo Finance",TRUE
2023-08-07,29180.578125,1826.93884277344,4518.43994140625,13994.400390625,15.7700004577637,0.00365589391792653,-0.000423595964596402,0.00898361896485689,0.00610389316569382,-1.32999992370605,3,1,0,1,0,"Yahoo Finance",TRUE
2023-08-08,29765.4921875,1855.80737304688,4499.3798828125,13884.3203125,15.9899997711182,0.0198463869790526,0.0156780401934835,-0.00422720510005803,-0.00789710915259256,0.219999313354492,1,0,0,1,0,"Yahoo Finance",TRUE
2023-08-09,29561.494140625,1854.29760742188,4467.7099609375,13722.01953125,15.960000038147,-0.00687710141706077,-0.000813866840040589,-0.00706361910204656,-0.0117583607335803,-0.0299997329711914,1,0,0,1,0,"Yahoo Finance",TRUE
2023-08-10,29429.591796875,1850.75341796875,4468.830078125,13737.990234375,15.8500003814697,-0.00447194898932857,-0.00191316692260202,0.000250682521080847,0.001163197323093,-0.109999656677246,1,0,0,1,0,"Yahoo Finance",TRUE
2023-08-11,29397.71484375,1847.12438964844,4464.0498046875,13644.849609375,14.8400001525879,-0.00108374692180568,-0.00196276333300549,-0.00107026489922823,-0.00680287250967204,-1.01000022888184,1,0,0,1,0,"Yahoo Finance",TRUE
2023-08-14,29408.443359375,1844.18579101562,4489.72021484375,13788.330078125,14.8199996948242,0.000364877287408305,-0.00159217140243939,0.00573400487941811,0.0104604554556413,-0.0200004577636719,3,1,0,1,0,"Yahoo Finance",TRUE
2023-08-15,29170.34765625,1826.93273925781,4437.85986328125,13631.0498046875,16.4599990844727,-0.00812912011875433,-0.00939941254385701,-0.0116181393960968,-0.0114723235268244,1.63999938964844,1,0,0,1,0,"Yahoo Finance",TRUE
2023-08-16,28701.779296875,1805.65905761719,4404.330078125,13474.6298828125,16.7800006866455,-0.0161935848387031,-0.0117128078467283,-0.00758408179262382,-0.0115416148977872,0.320001602172852,1,0,0,1,0,"Yahoo Finance",TRUE
2023-08-17,26664.55078125,1684.93347167969,4370.35986328125,13316.9296875,17.8899993896484,-0.0736241200960635,-0.0691995736731217,-0.00774281137752908,-0.0117725148644627,1.10999870300293,1,0,0,1,0,"Yahoo Finance",TRUE
2023-08-18,26049.556640625,1660.94506835938,4369.7099609375,13290.7802734375,17.2999992370605,-0.0233342486538106,-0.0143393216851271,-0.000148717883957872,-0.0019655522793709,-0.590000152587891,1,0,0,1,0,"Yahoo Finance",TRUE
2023-08-21,26124.140625,1667.26904296875,4399.77001953125,13497.58984375,17.1299991607666,0.00285906650629109,0.0038002255916183,0.00685563485980012,0.0154405570920844,-0.170000076293945,3,1,0,1,0,"Yahoo Finance",TRUE
2023-08-22,26031.65625,1633.892578125,4387.5498046875,13505.8701171875,16.9699993133545,-0.00354646951925197,-0.0202217316335096,-0.00278133104654543,0.000613275018015003,-0.159999847412109,1,0,0,1,0,"Yahoo Finance",TRUE
2023-08-23,26431.640625,1679.2744140625,4436.009765625,13721.0302734375,15.9799995422363,0.0152484555491608,0.0273965511145216,0.0109843307107909,0.015805297863146,-0.989999771118164,1,0,0,1,0,"Yahoo Finance",TRUE
2023-08-24,26162.373046875,1659.94458007812,4376.31005859375,13463.9697265625,17.2000007629395,-0.0102395657611254,-0.0115775874136501,-0.0135493539840077,-0.0189125038813618,1.22000122070312,1,0,0,1,0,"Yahoo Finance",TRUE
2023-08-25,26047.66796875,1652.93505859375,4405.7099609375,13590.650390625,15.6800003051758,-0.00439399243694005,-0.00423168524603224,0.00669550106029604,0.00936487663449803,-1.52000045776367,1,0,0,1,0,"Yahoo Finance",TRUE
2023-08-28,26106.150390625,1652.45739746094,4433.31005859375,13705.1298828125,15.0799999237061,0.00224269087966888,-0.000289019317667893,0.00624507859419587,0.00838812170063719,-0.600000381469727,3,1,0,1,0,"Yahoo Finance",TRUE
2023-08-29,27727.392578125,1729.72570800781,4497.6298828125,13943.759765625,14.4499998092651,0.0602498925708517,0.045699333902423,0.0144040687120572,0.0172618728087119,-0.630000114440918,1,0,0,1,0,"Yahoo Finance",TRUE
2023-08-30,27297.265625,1705.11218261719,4514.8701171875,14019.3095703125,13.8800001144409,-0.0156342893713237,-0.0143319408273452,0.00382585418119241,0.00540355478202947,-0.569999694824219,1,0,0,1,0,"Yahoo Finance",TRUE
2023-08-31,25931.47265625,1645.63916015625,4507.66015625,14034.9697265625,13.5699996948242,-0.0513291454495892,-0.0355020488675528,-0.00159821297433993,0.00111641847654198,-0.310000419616699,1,0,0,1,0,"Yahoo Finance",TRUE
2023-09-01,25800.724609375,1628.4912109375,4515.77001953125,14031.8095703125,13.0900001525879,-0.00505481430067256,-0.0104749072697512,0.00179751276551876,-0.000225188378752961,-0.479999542236328,1,0,0,1,0,"Yahoo Finance",TRUE
2023-09-05,25779.982421875,1633.62939453125,4496.830078125,14020.9501953125,14.0100002288818,-0.00080426150829993,0.00315021329030341,-0.00420299782138223,-0.000774210853631274,0.920000076293945,4,1,0,1,0,"Yahoo Finance",TRUE
2023-09-06,25753.236328125,1632.25231933594,4465.47998046875,13872.4697265625,14.4499998092651,-0.00103801380159396,-0.000843309952761828,-0.00699601449143117,-0.0106463726302639,0.439999580383301,1,0,0,1,0,"Yahoo Finance",TRUE
2023-09-07,26240.1953125,1647.59826660156,4451.14013671875,13748.830078125,14.3999996185303,0.0187321055019503,0.00935777947678318,-0.00321643311573361,-0.00895254568761317,-0.0500001907348633,1,0,0,1,0,"Yahoo Finance",TRUE
2023-09-08,25905.654296875,1636.13781738281,4457.490234375,13761.5302734375,13.8400001525879,-0.0128311498605083,-0.00698015641786753,0.0014256060622575,0.000923302788653046,-0.559999465942383,1,0,0,1,0,"Yahoo Finance",TRUE
2023-09-11,25162.654296875,1551.6376953125,4487.4599609375,13917.8896484375,13.8000001907349,-0.0291003345354177,-0.0530275243197194,0.00670095149813577,0.0112979996432614,-0.0399999618530273,3,1,0,1,0,"Yahoo Finance",TRUE
2023-09-12,25833.34375,1592.42944335938,4461.89990234375,13773.6103515625,14.2299995422363,0.0263051279529183,0.0259498511330003,-0.00571216902300442,-0.0104205696664508,0.429999351501465,1,0,0,1,0,"Yahoo Finance",TRUE
2023-09-13,26228.32421875,1607.98852539062,4467.43994140625,13813.58984375,13.4799995422363,0.0151738529586858,0.00972323288035959,0.00124086211753394,0.00289841084943099,-0.75,1,0,0,1,0,"Yahoo Finance",TRUE
2023-09-14,26539.673828125,1626.97436523438,4505.10009765625,13926.0498046875,12.8199996948242,0.0118008351309715,0.0117380374839957,0.0083945855336669,0.00810829401511981,-0.659999847412109,1,0,0,1,0,"Yahoo Finance",TRUE
2023-09-15,26608.693359375,1641.64038085938,4450.31982421875,13708.330078125,13.789999961853,0.00259724140931894,0.0089739019042856,-0.012234145842493,-0.0157574899399773,0.970000267028809,1,0,0,1,0,"Yahoo Finance",TRUE
2023-09-18,26754.28125,1637.34704589844,4453.52978515625,13710.240234375,14,0.00545652684898279,-0.00261869708885776,0.000721027694174481,0.000139333030958255,0.210000038146973,3,1,0,1,0,"Yahoo Finance",TRUE
2023-09-19,27211.1171875,1643.54467773438,4443.9501953125,13678.1904296875,14.1099996566772,0.0169311026624328,0.00377802117825965,-0.00215332736153329,-0.00234039107313677,0.109999656677246,1,0,0,1,0,"Yahoo Finance",TRUE
2023-09-20,27132.0078125,1622.890625,4402.2001953125,13469.1298828125,15.1400003433228,-0.00291147889939225,-0.0126464026309172,-0.00943920420629141,-0.0154022332505583,1.03000068664551,1,0,0,1,0,"Yahoo Finance",TRUE
2023-09-21,26567.6328125,1584.30700683594,4330,13223.98046875,17.5400009155273,-0.0210204677166974,-0.024061803567986,-0.0165369183184882,-0.0183685080998011,2.40000057220459,1,0,0,1,0,"Yahoo Finance",TRUE
2023-09-22,26579.568359375,1593.26831054688,4320.06005859375,13211.8095703125,17.2000007629395,0.000449150540855925,0.0056403556633402,-0.00229823740276025,-0.0009207895265817,-0.340000152587891,1,0,0,1,0,"Yahoo Finance",TRUE
2023-09-25,26298.48046875,1588.32287597656,4337.43994140625,13271.3203125,16.8999996185303,-0.0106316531911155,-0.00310878316120711,0.00401499420380702,0.00449424540214949,-0.30000114440918,3,1,0,1,0,"Yahoo Finance",TRUE
2023-09-26,26217.25,1593.41723632812,4273.52978515625,13063.6103515625,18.9400005340576,-0.00309356959552431,0.00320225067104918,-0.0148441654822644,-0.0157748103355111,2.04000091552734,1,0,0,1,0,"Yahoo Finance",TRUE
2023-09-27,26352.716796875,1597.4912109375,4274.509765625,13092.849609375,18.2199993133545,0.00515378285278878,0.00255349026168261,0.000229287772294029,0.00223572073861789,-0.720001220703125,1,0,0,1,0,"Yahoo Finance",TRUE
2023-09-28,27021.546875,1652.88269042969,4299.7001953125,13201.2802734375,17.3400001525879,0.0250632062349609,0.034086443149568,0.00587587714300142,0.00824756545946315,-0.879999160766602,1,0,0,1,0,"Yahoo Finance",TRUE
2023-09-29,26911.720703125,1667.94384765625,4288.0498046875,13219.3203125,17.5200004577637,-0.00407267457029903,0.00907079025180124,-0.00271325964829039,0.00136560422291332,0.180000305175781,1,0,0,1,0,"Yahoo Finance",TRUE
2023-10-02,27530.78515625,1663.62756347656,4288.39013671875,13307.76953125,17.6100006103516,0.0227429331885531,-0.00259114157375162,7.93644061527488e-05,0.0066686204218005,0.0900001525878906,3,1,0,1,0,"Yahoo Finance",TRUE
2023-10-03,27429.978515625,1656.68566894531,4229.4501953125,13059.4697265625,19.7800006866455,-0.00366831706594439,-0.00418147575850902,-0.0138393958634477,-0.0188345197883155,2.17000007629395,1,0,0,1,0,"Yahoo Finance",TRUE
2023-10-04,27799.39453125,1647.83813476562,4263.75,13236.009765625,18.5799999237061,0.0133777193024827,-0.00535481409511984,0.0080770476078289,0.013427607709577,-1.20000076293945,1,0,0,1,0,"Yahoo Finance",TRUE
2023-10-05,27415.912109375,1611.47644042969,4258.18994140625,13219.830078125,18.4899997711182,-0.013890662255843,-0.0223134049540477,-0.00130488114699645,-0.00122314692050907,-0.0900001525878906,1,0,0,1,0,"Yahoo Finance",TRUE
2023-10-06,27946.59765625,1645.83154296875,4308.5,13431.33984375,17.4500007629395,0.0191718837881556,0.0210949512282879,0.0117456420939615,0.0158727895976014,-1.03999900817871,1,0,0,1,0,"Yahoo Finance",TRUE
2023-10-09,27583.677734375,1579.806640625,4335.66015625,13484.240234375,17.7000007629395,-0.0130712511908069,-0.040943293543438,0.00628406811938831,0.00393084292349677,0.25,3,1,0,1,0,"Yahoo Finance",TRUE
2023-10-10,27391.01953125,1567.71301269531,4358.240234375,13562.83984375,17.0300006866455,-0.00700900601259136,-0.00768458263981309,0.00519447609998558,0.00581207512287207,-0.670000076293945,1,0,0,1,0,"Yahoo Finance",TRUE
2023-10-11,26873.3203125,1566.25476074219,4376.9501953125,13659.6796875,16.0900001525879,-0.0190812208422706,-0.000930610755302652,0.00428381950009538,0.00711471633877991,-0.940000534057617,1,0,0,1,0,"Yahoo Finance",TRUE
2023-10-12,26756.798828125,1539.61242675781,4349.60986328125,13574.2197265625,16.6900005340576,-0.00434538164717857,-0.0171565529889222,-0.00626602494065587,-0.00627601946743361,0.600000381469727,1,0,0,1,0,"Yahoo Finance",TRUE
2023-10-13,26862.375,1552.08947753906,4327.77978515625,13407.23046875,19.3199996948242,0.00393800578323145,0.00807135933806524,-0.00503149566021932,-0.0123782368095959,2.6299991607666,1,0,0,1,0,"Yahoo Finance",TRUE
2023-10-16,28519.466796875,1600.53430175781,4373.6298828125,13567.98046875,17.2099990844727,0.0598602909789072,0.0307354389466115,0.0105386423025902,0.0119184908879308,-2.11000061035156,3,1,0,1,0,"Yahoo Finance",TRUE
2023-10-17,28415.748046875,1565.43957519531,4373.2001953125,13533.75,17.8799991607666,-0.00364339943277514,-0.0221708488271606,-9.82498794446229e-05,-0.00252607389713866,0.670000076293945,1,0,0,1,0,"Yahoo Finance",TRUE
2023-10-18,28328.341796875,1563.74987792969,4314.60009765625,13314.2998046875,19.2199993133545,-0.00308071974968627,-0.00107995853569332,-0.0134904082511511,-0.0163479347153181,1.34000015258789,1,0,0,1,0,"Yahoo Finance",TRUE
2023-10-19,28719.806640625,1567.45703125,4278,13186.1796875,21.3999996185303,0.013724231161472,0.00236787613208289,-0.00851903232805817,-0.00966934318696921,2.18000030517578,1,0,0,1,0,"Yahoo Finance",TRUE
2023-10-20,29682.94921875,1604.66687011719,4224.16015625,12983.8095703125,21.7099990844727,0.0329857689825523,0.0234615966110301,-0.012665149196156,-0.0154661241245098,0.309999465942383,1,0,0,1,0,"Yahoo Finance",TRUE
2023-10-23,33086.234375,1765.38269042969,4217.0400390625,13018.330078125,20.3700008392334,0.108544535400474,0.0954513111764674,-0.00168699206543543,0.00265520672993702,-1.33999824523926,3,1,0,1,0,"Yahoo Finance",TRUE
2023-10-24,33901.52734375,1784.4375,4247.68017578125,13139.8701171875,18.9699993133545,0.0243427517877741,0.0107357508625237,0.00723952351962964,0.00929275812478281,-1.40000152587891,1,0,0,1,0,"Yahoo Finance",TRUE
2023-10-25,34502.8203125,1787.39758300781,4186.77001953125,12821.2197265625,20.1900005340576,0.0175810011251265,0.00165745820659424,-0.0144434346572382,-0.0245495390265535,1.22000122070312,1,0,0,1,0,"Yahoo Finance",TRUE
2023-10-26,34156.6484375,1804.03930664062,4137.22998046875,12595.6103515625,20.6800003051758,-0.010083818433932,0.00926751228138567,-0.0119030812055847,-0.0177532209836162,0.489999771118164,1,0,0,1,0,"Yahoo Finance",TRUE
2023-10-27,33909.80078125,1780.04528808594,4117.3701171875,12643.009765625,21.2700004577637,-0.00725316925657182,-0.0133894032812734,-0.00481183857862177,0.00375610628232792,0.590000152587891,1,0,0,1,0,"Yahoo Finance",TRUE
2023-10-30,34502.36328125,1810.08862304688,4166.81982421875,12789.48046875,19.75,0.0173237414030165,0.0167370003631673,0.0119384743002868,0.0115185199093109,-1.52000045776367,3,1,0,1,0,"Yahoo Finance",TRUE
2023-10-31,34667.78125,1816.458984375,4193.7998046875,12851.240234375,18.1399993896484,0.00478293880169289,0.00351318585602201,0.00645408482168719,0.00481732832524351,-1.61000061035156,1,0,0,1,0,"Yahoo Finance",TRUE
2023-11-01,35437.25390625,1847.08972167969,4237.85986328125,13061.4697265625,16.8700008392334,0.0219528756206895,0.0167222840715651,0.0104511949901926,0.016226331029161,-1.26999855041504,1,0,0,1,0,"Yahoo Finance",TRUE
2023-11-02,34938.2421875,1800.62097167969,4317.77978515625,13294.1904296875,15.6599998474121,-0.014181643038139,-0.0254796873407725,0.0186829389340861,0.0176604759938197,-1.21000099182129,1,0,0,1,0,"Yahoo Finance",TRUE
2023-11-03,34732.32421875,1832.79516601562,4358.33984375,13478.2802734375,14.9099998474121,-0.00591120695514569,0.0177106249924295,0.00934988354455157,0.0137523911905575,-0.75,1,0,0,1,0,"Yahoo Finance",TRUE
2023-11-06,35037.37109375,1899.83740234375,4365.97998046875,13518.7802734375,14.8900003433228,0.00874445036418159,0.0359260901289451,0.0017514577241009,0.0030003288922007,-0.0199995040893555,3,1,0,1,0,"Yahoo Finance",TRUE
2023-11-07,35443.5625,1888.12426757812,4378.3798828125,13639.8603515625,14.8100004196167,0.0115264053036004,-0.00618441954750626,0.00283609340171154,0.00891656412431985,-0.0799999237060547,1,0,0,1,0,"Yahoo Finance",TRUE
2023-11-08,35655.27734375,1889.32238769531,4382.77978515625,13650.41015625,14.4499998092651,0.00595552529347465,0.00063435450806093,0.00100441103242055,0.000773155048793939,-0.360000610351562,1,0,0,1,0,"Yahoo Finance",TRUE
2023-11-09,36693.125,2120.56103515625,4347.35009765625,13521.4501953125,15.289999961853,0.0286922398244656,0.115462453140633,-0.00811669069906884,-0.00949224142699912,0.840000152587891,1,0,0,1,0,"Yahoo Finance",TRUE
2023-11-10,37313.96875,2078.28979492188,4415.240234375,13798.1103515625,14.1700000762939,0.0167783460503355,-0.0201353513677365,0.0154957592707721,0.0202543239115922,-1.11999988555908,1,0,0,1,0,"Yahoo Finance",TRUE
2023-11-13,36502.35546875,2055.26538085938,4411.5498046875,13767.740234375,14.7600002288818,-0.0219909619655194,-0.0111403628152678,-0.000836188441370567,-0.00220346035618668,0.590000152587891,3,1,0,1,0,"Yahoo Finance",TRUE
2023-11-14,35537.640625,1979.05261230469,4495.7001953125,14094.3798828125,14.1599998474121,-0.0267843578397944,-0.0377867271497623,0.0188953704745778,0.0234479366697471,-0.600000381469727,1,0,0,1,0,"Yahoo Finance",TRUE
2023-11-15,37880.58203125,2060.40844726562,4502.8798828125,14103.83984375,14.1800003051758,0.0638461992762771,0.0402859869541707,0.00159573820784686,0.000670961598578046,0.0200004577636719,1,0,0,1,0,"Yahoo Finance",TRUE
2023-11-16,36154.76953125,1960.88159179688,4508.240234375,14113.669921875,14.3199996948242,-0.046629756190665,-0.0495100746696426,0.00118971939671297,0.000696736076593041,0.139999389648438,1,0,0,1,0,"Yahoo Finance",TRUE
2023-11-17,36596.68359375,1961.28076171875,4514.02001953125,14125.48046875,13.8000001907349,0.0121487469666803,0.000203545843988628,0.001281227937179,0.000836466210934361,-0.519999504089355,1,0,0,1,0,"Yahoo Finance",TRUE
2023-11-20,37476.95703125,2022.23913574219,4547.3798828125,14284.5302734375,13.4099998474121,0.0237686408308342,0.0306076708465728,0.00736310379379468,0.0111968606978774,-0.390000343322754,3,1,0,1,0,"Yahoo Finance",TRUE
2023-11-21,35813.8125,1937.06677246094,4538.18994140625,14199.98046875,13.3500003814697,-0.0453926219219483,-0.0430305246077269,-0.00202297593175693,-0.00593656347246707,-0.0599994659423828,1,0,0,1,0,"Yahoo Finance",TRUE
2023-11-22,37432.33984375,2064.42529296875,4556.6201171875,14265.8603515625,12.8500003814697,0.0442013894678368,0.0636770232559112,0.00405290509431389,0.00462870574250118,-0.5,1,0,0,1,0,"Yahoo Finance",TRUE
2023-11-24,37720.28125,2081.15209960938,4559.33984375,14250.849609375,12.460000038147,0.00766288150819783,0.00806975522521913,0.000596695609644371,-0.00105276826074707,-0.390000343322754,2,1,0,1,0,"Yahoo Finance",TRUE
2023-11-27,37254.16796875,2027.41735839844,4550.43017578125,14241.01953125,12.6899995803833,-0.0124340836494117,-0.0261588885828292,-0.00195606931689873,-0.000690026931298604,0.229999542236328,3,1,0,1,0,"Yahoo Finance",TRUE
2023-11-28,37831.0859375,2049.33813476562,4554.89013671875,14281.759765625,12.6899995803833,0.0153673136112324,0.0107541340988337,0.000979638528050941,0.00285668248921134,0,1,0,0,1,0,"Yahoo Finance",TRUE
2023-11-29,37858.4921875,2029.92919921875,4550.580078125,14258.490234375,12.9799995422363,0.000724175028494756,-0.00951596471618732,-0.000946696615102383,-0.00163064699196092,0.289999961853027,1,0,0,1,0,"Yahoo Finance",TRUE
2023-11-30,37712.74609375,2052.55615234375,4567.7998046875,14226.2197265625,12.9200000762939,-0.00385718899847198,0.0110850047806457,0.00377693126499423,-0.00226581360055356,-0.0599994659423828,1,0,0,1,0,"Yahoo Finance",TRUE
2023-12-01,38688.75,2087.13989257812,4594.6298828125,14305.0302734375,12.6300001144409,0.0255507301146292,0.0167087363185319,0.0058565589538464,0.00552452117019619,-0.289999961853027,1,0,0,1,0,"Yahoo Finance",TRUE
2023-12-04,41980.09765625,2243.2158203125,4569.77978515625,14185.490234375,13.0799999237061,0.081646780545773,0.0721158140851763,-0.00542318806382625,-0.0083916150652108,0.449999809265137,3,1,0,1,0,"Yahoo Finance",TRUE
2023-12-05,44080.6484375,2293.841796875,4567.18017578125,14229.91015625,12.8500003814697,0.0488252345597306,0.022317582058232,-0.000569031593935065,0.00312647067768879,-0.229999542236328,1,0,0,1,0,"Yahoo Finance",TRUE
2023-12-06,43746.4453125,2231.66137695312,4549.33984375,14146.7099609375,12.9700002670288,-0.00761051570339966,-0.0274817322810268,-0.00391385194494376,-0.00586401293624128,0.119999885559082,1,0,0,1,0,"Yahoo Finance",TRUE
2023-12-07,43292.6640625,2357.57958984375,4585.58984375,14339.990234375,13.0600004196167,-0.0104271600369863,0.0548891750537877,0.00793661068482265,0.0135700687056026,0.0900001525878906,1,0,0,1,0,"Yahoo Finance",TRUE
2023-12-08,44166.6015625,2358.73193359375,4604.3701171875,14403.9697265625,12.3500003814697,0.0199856832348004,0.000488663128890288,0.00408713414650386,0.00445168988087197,-0.710000038146973,1,0,0,1,0,"Yahoo Finance",TRUE
2023-12-11,41243.83203125,2224.57885742188,4622.43994140625,14432.490234375,12.6300001144409,-0.0684673076151423,-0.0585565382178226,0.00391681354778051,0.00197808726527349,0.279999732971191,3,1,0,1,0,"Yahoo Finance",TRUE
2023-12-12,41450.22265625,2202.0380859375,4643.7001953125,14533.400390625,12.0699996948242,0.00499167816429136,-0.0101842859227537,0.00458881279569212,0.00696754439860392,-0.560000419616699,1,0,0,1,0,"Yahoo Finance",TRUE
2023-12-13,42890.7421875,2260.64868164062,4707.08984375,14733.9599609375,12.1899995803833,0.0341627495710384,0.0262684651573704,0.0135583451750207,0.0137055550863998,0.119999885559082,1,0,0,1,0,"Yahoo Finance",TRUE
2023-12-14,43023.97265625,2316.5791015625,4719.5498046875,14761.5595703125,12.4799995422363,0.0031014611592024,0.0244397729331833,0.00264356518515463,0.00187144473932221,0.289999961853027,1,0,0,1,0,"Yahoo Finance",TRUE
2023-12-15,41929.7578125,2219.33740234375,4719.18994140625,14813.919921875,12.2799997329712,-0.0257616788095838,-0.0428828883863428,-7.62524004489507e-05,0.00354079846995603,-0.199999809265137,1,0,0,1,0,"Yahoo Finance",TRUE
2023-12-18,42623.5390625,2217.2734375,4740.56005859375,14904.8095703125,12.5600004196167,0.0164108756524755,-0.00093042417608924,0.00451812226340031,0.00611667681406125,0.280000686645508,3,1,0,1,0,"Yahoo Finance",TRUE
2023-12-19,42270.52734375,2177.87255859375,4768.3701171875,15003.2197265625,12.5299997329712,-0.00831657071861436,-0.0179297499886522,0.00584926745082015,0.00658087568622534,-0.0300006866455078,1,0,0,1,0,"Yahoo Finance",TRUE
2023-12-20,43652.25,2201.91137695312,4698.35009765625,14777.9404296875,13.6700000762939,0.0321647372447504,0.0109772811188202,-0.0147931479653067,-0.0151292691608589,1.14000034332275,1,0,0,1,0,"Yahoo Finance",TRUE
2023-12-21,43869.15234375,2239.54248046875,4746.75,14963.8701171875,13.6499996185303,0.00495656564004854,0.0169458043391044,0.0102487693072728,0.0125030794176482,-0.0200004577636719,1,0,0,1,0,"Yahoo Finance",TRUE
2023-12-22,43997.90234375,2326.52490234375,4754.6298828125,14992.9697265625,13.0299997329712,0.00293056578719408,0.0381041008107177,0.00165868215275999,0.00194276957646267,-0.619999885559082,1,0,0,1,0,"Yahoo Finance",TRUE
2023-12-26,42520.40234375,2231.46533203125,4774.75,15074.5703125,12.9899997711182,-0.0341579428883154,-0.0417172267828825,0.00422276104697872,0.00542783255099089,-0.0399999618530273,4,1,0,1,0,"Yahoo Finance",TRUE
2023-12-27,43442.85546875,2378.73999023438,4781.580078125,15099.1796875,12.4300003051758,0.0214623912043397,0.0639124623831933,0.00142943561642284,0.00163117812380698,-0.559999465942383,1,0,0,1,0,"Yahoo Finance",TRUE
2023-12-28,42627.85546875,2347.56616210938,4783.35009765625,15095.1396484375,12.4700002670288,-0.0189384832630335,-0.013191815850143,0.000370106110327839,-0.000267602593829963,0.0399999618530273,1,0,0,1,0,"Yahoo Finance",TRUE
2023-12-29,42099.40234375,2300.69067382812,4769.830078125,15011.349609375,12.4499998092651,-0.0124743793520086,-0.0201697449503238,-0.00283047703673489,-0.00556625880124528,-0.0200004577636719,1,0,0,1,0,"Yahoo Finance",TRUE
2024-01-02,44957.96875,2355.83642578125,4742.830078125,14765.9404296875,13.1999998092651,0.0656944810396691,0.0236864637685583,-0.00567666079972184,-0.0164833492792447,0.75,4,1,0,1,0,"Yahoo Finance",TRUE
2024-01-03,42848.17578125,2210.76196289062,4704.81005859375,14592.2099609375,14.039999961853,-0.0480649535787556,-0.0635585988981475,-0.00804861832719794,-0.0118353843409125,0.840000152587891,1,0,0,1,0,"Yahoo Finance",TRUE
2024-01-04,44179.921875,2269.0380859375,4688.68017578125,14510.2998046875,14.1300001144409,0.0306073577182868,0.0260187553019353,-0.003434271663318,-0.00562909338047035,0.0900001525878906,1,0,0,1,0,"Yahoo Finance",TRUE
2024-01-05,44162.69140625,2268.64721679688,4697.240234375,14524.0703125,13.3500003814697,-0.000390082845152406,-0.000172276883703582,0.00182402163943429,0.000948566047028976,-0.779999732971191,1,0,0,1,0,"Yahoo Finance",TRUE
2024-01-08,46970.50390625,2333.03271484375,4763.5400390625,14843.76953125,13.0799999237061,0.0616394814275871,0.0279853014779468,0.0140159454363538,0.0217729223581173,-0.270000457763672,3,1,0,1,0,"Yahoo Finance",TRUE
2024-01-09,46139.73046875,2344.8271484375,4756.5,14857.7099609375,12.7600002288818,-0.0178454171064377,0.00504267290230942,-0.00147899385231831,0.000938702781779099,-0.319999694824219,1,0,0,1,0,"Yahoo Finance",TRUE
2024-01-10,46627.77734375,2582.103515625,4783.4501953125,14969.650390625,12.6899995803833,0.0105220327519486,0.0963926943837521,0.00564998065049593,0.00750592435385933,-0.0700006484985352,1,0,0,1,0,"Yahoo Finance",TRUE
2024-01-11,46368.5859375,2619.619140625,4780.240234375,14970.1904296875,12.4399995803833,-0.00557424114752259,0.0144245581550591,-0.00067128083696133,3.60749454753062e-05,-0.25,1,0,0,1,1,"Yahoo Finance",TRUE
2024-01-12,42853.16796875,2524.46020507812,4783.830078125,14972.759765625,12.6999998092651,-0.0788426288329944,-0.0370016813266476,0.000750693753033715,0.000171615417121629,0.260000228881836,1,0,0,1,1,"Yahoo Finance",TRUE
2024-01-16,43154.9453125,2587.69116210938,4765.97998046875,14944.349609375,13.8400001525879,0.00701744453268205,0.0247387752326427,-0.00373831905235633,-0.00189925867729634,1.14000034332275,4,1,0,1,1,"Yahoo Finance",TRUE
2024-01-17,42742.65234375,2528.36938476562,4739.2099609375,14855.6201171875,14.789999961853,-0.00959971282586203,-0.0231914519366798,-0.00563273127110797,-0.00595502312345708,0.949999809265137,1,0,0,1,1,"Yahoo Finance",TRUE
2024-01-18,41262.05859375,2467.01879882812,4780.93994140625,15055.650390625,14.1300001144409,-0.0352539060043799,-0.0245641253669913,0.00876672072624274,0.0133751092509957,-0.659999847412109,1,0,0,1,1,"Yahoo Finance",TRUE
2024-01-19,41618.40625,2489.49853515625,4839.81005859375,15310.9697265625,13.3000001907349,0.00859912773807459,0.00907084105613176,0.0122383082325488,0.0168161851144983,-0.829999923706055,1,0,0,1,1,"Yahoo Finance",TRUE
2024-01-22,39507.3671875,2310.82641601562,4850.43017578125,15360.2900390625,13.1899995803833,-0.0520553617522665,-0.0744760822858535,0.00219192118723122,0.00321606320621548,-0.110000610351562,3,1,0,1,1,"Yahoo Finance",TRUE
2024-01-23,39845.55078125,2240.68603515625,4864.60009765625,15425.9404296875,12.5500001907349,0.00852358425792232,-0.0308231317333183,0.00291711534076455,0.00426492552925062,-0.639999389648438,1,0,0,1,1,"Yahoo Finance",TRUE
2024-01-24,40077.07421875,2233.56176757812,4868.5498046875,15481.919921875,13.1400003433228,0.00579370572798688,-0.00318456818357316,0.000811598976216743,0.00362235060994998,0.590000152587891,1,0,0,1,1,"Yahoo Finance",TRUE
2024-01-25,39933.80859375,2217.71020507812,4894.16015625,15510.5,13.4499998092651,-0.00358115728949393,-0.00712229205759396,0.00524657813497953,0.0018443275032034,0.309999465942383,1,0,0,1,1,"Yahoo Finance",TRUE
2024-01-26,41816.87109375,2267.19970703125,4890.97021484375,15455.3603515625,13.2600002288818,0.0460765744948173,0.0220702363029845,-0.000651997755426237,-0.00356132244281682,-0.189999580383301,1,0,0,1,1,"Yahoo Finance",TRUE
2024-01-29,43288.24609375,2317.06420898438,4927.93017578125,15628.0400390625,13.6000003814697,0.0345812725750037,0.0217554964535172,0.00752836550524627,0.0111108477053357,0.340000152587891,3,1,0,1,1,"Yahoo Finance",TRUE
2024-01-30,42952.609375,2344.49365234375,4924.97021484375,15509.900390625,13.3100004196167,-0.00778374498993628,0.0117684948896217,-0.000600830396980001,-0.00758818429770436,-0.289999961853027,1,0,0,1,1,"Yahoo Finance",TRUE
2024-01-31,42582.60546875,2282.54443359375,4845.64990234375,15164.009765625,14.3500003814697,-0.00865155280904695,-0.0267786517065529,-0.0162368517407323,-0.0225537132454576,1.03999996185303,1,0,0,1,1,"Yahoo Finance",TRUE
2024-02-01,43075.7734375,2303.82470703125,4906.18994140625,15361.6396484375,13.8800001144409,0.0115148902942401,0.00927985755123295,0.0124162861140498,0.012948628313044,-0.470000267028809,1,0,0,1,1,"Yahoo Finance",TRUE
2024-02-02,43185.859375,2308.0380859375,4958.60986328125,15628.9501953125,13.8500003814697,0.00255237453024471,0.00182719229414907,0.0106277707226319,0.0172515062032517,-0.0299997329711914,1,0,0,1,1,"Yahoo Finance",TRUE
2024-02-05,42658.66796875,2298.88891601562,4942.81005859375,15597.6796875,13.6700000762939,-0.0122826241892486,-0.00397192399455815,-0.00319142470928391,-0.00200281095863986,-0.180000305175781,3,1,0,1,1,"Yahoo Finance",TRUE
2024-02-06,43084.671875,2372.20190429688,4954.22998046875,15609,13.0600004196167,0.0099368047086994,0.0313926711471675,0.00230774593174843,0.00072550576414443,-0.609999656677246,1,0,0,1,1,"Yahoo Finance",TRUE
2024-02-07,44318.22265625,2423.7451171875,4995.06005859375,15756.6396484375,12.8299999237061,0.0282286462102803,0.0214953156349962,0.0082076825940085,0.00941417044197479,-0.230000495910645,1,0,0,1,1,"Yahoo Finance",TRUE
2024-02-08,45301.56640625,2419.90649414062,4997.91015625,15793.7099609375,12.789999961853,0.0219456712821149,-0.00158501236609698,0.000570420540091376,0.0023499156122071,-0.0399999618530273,1,0,0,1,1,"Yahoo Finance",TRUE
2024-02-09,47147.19921875,2487.515625,5026.60986328125,15990.66015625,12.9300003051758,0.039932995408412,0.0275555708006854,0.00572591712879422,0.0123930545322857,0.140000343322754,1,0,0,1,1,"Yahoo Finance",TRUE
2024-02-12,49958.22265625,2658.11596679688,5021.83984375,15942.5498046875,13.9300003051758,0.0579125034852996,0.0663331172456001,-0.000949404142652099,-0.00301318834041808,1,3,1,0,1,1,"Yahoo Finance",TRUE
2024-02-13,49742.44140625,2642.18530273438,4953.169921875,15655.599609375,15.8500003814697,-0.00432858876011721,-0.00601124774751671,-0.013768609419845,-0.0181629677162434,1.92000007629395,1,0,0,1,1,"Yahoo Finance",TRUE
2024-02-14,51826.6953125,2777.90234375,5000.6201171875,15859.150390625,14.3800001144409,0.0410468495104084,0.050089749340529,0.00953416830421716,0.0129179899482672,-1.47000026702881,1,0,0,1,1,"Yahoo Finance",TRUE
2024-02-15,51938.5546875,2824.37890625,5029.72998046875,15906.169921875,14.0100002288818,0.00215600922910753,0.0165923939552677,0.00580437267404044,0.00296043390263634,-0.369999885559082,1,0,0,1,1,"Yahoo Finance",TRUE
2024-02-16,52160.203125,2803.69140625,5005.56982421875,15775.650390625,14.2399997711182,0.00425843260976144,-0.00735157594831382,-0.0048150435759613,-0.00823944257992437,0.229999542236328,1,0,0,1,1,"Yahoo Finance",TRUE
2024-02-20,52284.875,3013.50366210938,4975.509765625,15630.7802734375,15.4200000762939,0.00238732042619993,0.0721665008913082,-0.0060234264658181,-0.00922557206460084,1.18000030517578,4,1,0,1,1,"Yahoo Finance",TRUE
2024-02-21,51839.1796875,2970.35546875,4981.7998046875,15580.8701171875,15.3400001525879,-0.00856090431522993,-0.0144217770742241,0.00126340149510362,-0.00319817748608919,-0.0799999237060547,1,0,0,1,1,"Yahoo Finance",TRUE
2024-02-22,51304.97265625,2971.00732421875,5087.02978515625,16041.6201171875,14.539999961853,-0.0103585476400152,0.000219429613736999,0.020902888666404,0.0291427149235428,-0.800000190734863,1,0,0,1,1,"Yahoo Finance",TRUE
2024-02-23,50731.94921875,2921.658203125,5088.7998046875,15996.8203125,13.75,-0.0112318061155126,-0.0167497288331502,0.000347887026501681,-0.00279663012839748,-0.789999961853027,1,0,0,1,1,"Yahoo Finance",TRUE
2024-02-26,54522.40234375,3178.99365234375,5069.52978515625,15976.25,13.7399997711182,0.0720557951553999,0.0844133522992916,-0.00379393924466775,-0.00128672755772818,-0.0100002288818359,3,1,0,1,1,"Yahoo Finance",TRUE
2024-02-27,57085.37109375,3244.51928710938,5078.18017578125,16035.2998046875,13.4300003051758,0.0459362164404737,0.0204025144361797,0.00170489553872066,0.00368928540006053,-0.309999465942383,1,0,0,1,1,"Yahoo Finance",TRUE
2024-02-28,62504.7890625,3385.70385742188,5069.759765625,15947.740234375,13.8400001525879,0.0906952929770419,0.0425946193780362,-0.00165953132111163,-0.00547538876589471,0.409999847412109,1,0,0,1,1,"Yahoo Finance",TRUE
2024-02-29,61198.3828125,3341.91967773438,5096.27001953125,16091.919921875,13.3999996185303,-0.0211224142700193,-0.0130164233010781,0.00521547045579851,0.00900013670794308,-0.440000534057617,1,0,0,1,1,"Yahoo Finance",TRUE
2024-03-01,62440.6328125,3435.05395507812,5137.080078125,16274.9404296875,13.1099996566772,0.0200954657884242,0.0274872373036921,0.00797593643338779,0.0113092500477823,-0.289999961853027,1,0,0,1,1,"Yahoo Finance",TRUE
2024-03-04,68330.4140625,3630.43383789062,5130.9501953125,16207.509765625,13.4899997711182,0.0901387381959289,0.0553195227086061,-0.00119397457496184,-0.00415182724944074,0.380000114440918,3,1,0,1,1,"Yahoo Finance",TRUE
2024-03-05,63801.19921875,3554.96459960938,5078.64990234375,15939.58984375,14.460000038147,-0.0685829818149202,-0.0210070504160473,-0.010245406275919,-0.0166687588310648,0.970000267028809,1,0,0,1,1,"Yahoo Finance",TRUE
2024-03-06,66106.8046875,3819.22631835938,5104.759765625,16031.5400390625,14.5,0.0354997002008659,0.071702762354878,0.00512793285300184,0.00575209253947229,0.0399999618530273,1,0,0,1,1,"Yahoo Finance",TRUE
2024-03-07,66925.484375,3874.34765625,5157.35986328125,16273.3798828125,14.4399995803833,0.0123081400525162,0.0143294342144955,0.0102514022849842,0.0149726024559502,-0.0600004196166992,1,0,0,1,1,"Yahoo Finance",TRUE
2024-03-08,68300.09375,3892.06103515625,5123.68994140625,16085.1103515625,14.7399997711182,0.020331312236987,0.0045615445502829,-0.00654992299205048,-0.0116366155750285,0.300000190734863,1,0,0,1,1,"Yahoo Finance",TRUE
2024-03-11,72123.90625,4066.44506835938,5117.93994140625,16019.26953125,15.2200002670288,0.0544744208719727,0.0438303237898605,-0.00112286826802865,-0.0041016778931926,0.480000495910645,3,1,0,1,1,"Yahoo Finance",TRUE
2024-03-12,71481.2890625,3980.27319335938,5175.27001953125,16265.6396484375,13.8400001525879,-0.00894983604934829,-0.0214187117111475,0.0111395125866682,0.0152625425308859,-1.38000011444092,1,0,0,1,1,"Yahoo Finance",TRUE
2024-03-13,73083.5,4006.45703125,5165.31005859375,16177.76953125,13.75,0.0221668990640751,0.00655685893050695,-0.00192638400212175,-0.00541683714918584,-0.0900001525878906,1,0,0,1,1,"Yahoo Finance",TRUE
2024-03-14,71396.59375,3883.14038085938,5150.47998046875,16128.5302734375,14.3999996185303,-0.0233524614583818,-0.0312631146419182,-0.00287522105149485,-0.00304827827623555,0.649999618530273,1,0,0,1,1,"Yahoo Finance",TRUE
2024-03-15,69403.7734375,3735.22021484375,5117.08984375,15973.169921875,14.4099998474121,-0.0283089232920002,-0.0388374261325506,-0.00650402285973861,-0.00967933558567502,0.0100002288818359,1,0,0,1,1,"Yahoo Finance",TRUE
2024-03-18,67548.59375,3517.98510742188,5149.419921875,16103.4501953125,14.3299999237061,-0.0270939920560558,-0.0599183635891514,0.0062981842384815,0.00812311205724647,-0.0799999237060547,3,1,0,1,1,"Yahoo Finance",TRUE
2024-03-19,61912.7734375,3157.6181640625,5178.509765625,16166.7900390625,13.8199996948242,-0.0871207318570075,-0.108070415215114,0.00563325304434237,0.00392559365101519,-0.510000228881836,1,0,0,1,1,"Yahoo Finance",TRUE
2024-03-20,67913.671875,3513.39306640625,5224.6201171875,16369.41015625,13.039999961853,0.0925108529687737,0.106764258284009,0.00886476551636051,0.0124552182109472,-0.779999732971191,1,0,0,1,1,"Yahoo Finance",TRUE
2024-03-21,65491.390625,3492.9912109375,5241.52978515625,16401.83984375,12.9200000762939,-0.036318674226214,-0.0058238064955578,0.00323130909452907,0.00197915539295934,-0.119999885559082,1,0,0,1,1,"Yahoo Finance",TRUE
2024-03-22,63778.76171875,3333.68798828125,5234.18017578125,16428.8203125,13.0600004196167,-0.0264984466521589,-0.046679254477823,-0.00140317183432614,0.00164361451737349,0.140000343322754,1,0,0,1,1,"Yahoo Finance",TRUE
2024-03-25,69958.8125,3590.8837890625,5218.18994140625,16384.470703125,13.1899995803833,0.0924864295109593,0.0743191578494145,-0.00305964038203221,-0.00270315076650895,0.129999160766602,3,1,0,1,1,"Yahoo Finance",TRUE
2024-03-26,69987.8359375,3587.5048828125,5203.580078125,16315.7001953125,13.2399997711182,0.00041477860656336,-0.000941410852490776,-0.0028037219828061,-0.00420613148561877,0.0500001907348633,1,0,0,1,1,"Yahoo Finance",TRUE
2024-03-27,69455.34375,3500.115234375,5248.490234375,16399.51953125,12.7799997329712,-0.00763744454295079,-0.0246610500870066,0.00859359558270612,0.005124191128413,-0.460000038146973,1,0,0,1,1,"Yahoo Finance",TRUE
2024-03-28,70744.953125,3561.2939453125,5254.35009765625,16379.4599609375,13.0100002288818,0.0183971899718802,0.0173280545494112,0.00111586270076103,-0.00122392906230573,0.230000495910645,1,0,0,1,1,"Yahoo Finance",TRUE
2024-04-01,69702.1484375,3505.03002929688,5243.77001953125,16396.830078125,13.6499996185303,-0.0148500586978422,-0.0159248586003464,-0.00201561452695742,0.00105991976474229,0.639999389648438,4,1,0,1,1,"Yahoo Finance",TRUE
2024-04-02,65446.97265625,3277.23461914062,5205.81005859375,16240.4501953125,14.6099996566772,-0.0629909043698849,-0.0671991251460806,-0.00726538820367217,-0.00958297249288798,0.960000038146973,1,0,0,1,1,"Yahoo Finance",TRUE
2024-04-03,65980.8125,3311.44189453125,5211.490234375,16277.4599609375,14.3299999237061,0.00812374307331964,0.0103837493547836,0.00109052752333838,0.0022762706107109,-0.279999732971191,1,0,0,1,1,"Yahoo Finance",TRUE
2024-04-04,68508.84375,3330.04052734375,5147.2099609375,16049.080078125,16.3500003814697,0.037598862711862,0.00560076207350058,-0.0124110356192624,-0.0141297944175243,2.02000045776367,1,0,0,1,1,"Yahoo Finance",TRUE
2024-04-05,67837.640625,3318.88525390625,5204.33984375,16248.51953125,16.0300006866455,-0.00984563041828856,-0.00335551464142725,0.0110380501356993,0.012350266927406,-0.319999694824219,1,0,0,1,1,"Yahoo Finance",TRUE
2024-04-08,71631.359375,3695.29272460938,5202.39013671875,16253.9599609375,15.1899995803833,0.0544157458232117,0.107430813427717,-0.000374701190041904,0.000334770135898665,-0.840001106262207,3,1,0,1,1,"Yahoo Finance",TRUE
2024-04-09,69139.015625,3505.16333007812,5209.91015625,16306.6396484375,14.9799995422363,-0.0354137612037881,-0.0528226545108659,0.00144444947363453,0.00323579627504778,-0.210000038146973,1,0,0,1,1,"Yahoo Finance",TRUE
2024-04-10,70587.8828125,3543.73706054688,5160.64013671875,16170.3603515625,15.8000001907349,0.0207393012425356,0.0109447185752458,-0.00950198183221218,-0.00839240673388808,0.820000648498535,1,0,0,1,1,"Yahoo Finance",TRUE
2024-04-11,70060.609375,3505.24780273438,5199.06005859375,16442.19921875,14.9099998474121,-0.00749778258451173,-0.0109206193734579,0.00741722198334216,0.0166711945781586,-0.890000343322754,1,0,0,1,1,"Yahoo Finance",TRUE
2024-04-12,67195.8671875,3243.03491210938,5123.41015625,16175.08984375,17.3099994659424,-0.0417489701814358,-0.0777516251273092,-0.0146575878022475,-0.0163787582575861,2.39999961853027,1,0,0,1,1,"Yahoo Finance",TRUE
2024-04-15,63426.2109375,3101.60034179688,5061.81982421875,15885.01953125,19.2299995422363,-0.0577345477167839,-0.0445913750669398,-0.0120941957874603,-0.0180958975925929,1.92000007629395,3,1,0,1,1,"Yahoo Finance",TRUE
2024-04-16,63811.86328125,3084.92016601562,5051.41015625,15865.25,18.3999996185303,0.0060619201772294,-0.00539243866711914,-0.00205862452750338,-0.00124531439239739,-0.829999923706055,1,0,0,1,1,"Yahoo Finance",TRUE
2024-04-17,61276.69140625,2984.7275390625,5022.2099609375,15683.3701171875,18.2099990844727,-0.0405395853499453,-0.033017312925022,-0.0057973750760052,-0.0115302600977767,-0.190000534057617,1,0,0,1,1,"Yahoo Finance",TRUE
2024-04-18,63512.75390625,3066.02758789062,5011.1201171875,15601.5,18,0.0358412020861465,0.0268743124339057,-0.00221060170048482,-0.0052338592918364,-0.209999084472656,1,0,0,1,1,"Yahoo Finance",TRUE
2024-04-19,63843.5703125,3059.27856445312,4967.22998046875,15282.009765625,18.7099990844727,0.00519514287691258,-0.00220365349936635,-0.00879712965405588,-0.0206907592260475,0.709999084472656,1,0,0,1,1,"Yahoo Finance",TRUE
2024-04-22,66837.6796875,3201.65209960938,5010.60009765625,15451.3095703125,16.9400005340576,0.045831111169214,0.0454878327892096,0.00869335115683789,0.0110174573310857,-1.76999855041504,3,1,0,1,1,"Yahoo Finance",TRUE
2024-04-23,66407.2734375,3219.91162109375,5070.5498046875,15696.6396484375,15.6899995803833,-0.00646039848991542,0.00568695460798629,0.0118935665677231,0.0157528927299069,-1.25000095367432,1,0,0,1,1,"Yahoo Finance",TRUE
2024-04-24,64276.8984375,3139.80517578125,5071.6298828125,15712.75,15.9700002670288,-0.032606301316271,-0.0251931602486533,0.000212987377931739,0.00102583037464932,0.280000686645508,1,0,0,1,1,"Yahoo Finance",TRUE
2024-04-25,64481.70703125,3156.50952148438,5048.419921875,15611.759765625,15.3699998855591,0.00318128276919083,0.0053060832242906,-0.0045869342701188,-0.00644802329143168,-0.600000381469727,1,0,0,1,1,"Yahoo Finance",TRUE
2024-04-26,63755.3203125,3130.16479492188,5099.9599609375,15927.900390625,15.0299997329712,-0.0113289352190158,-0.00838118198910998,0.0101573813323252,0.0200478516173064,-0.340000152587891,1,0,0,1,1,"Yahoo Finance",TRUE
2024-04-29,63841.12109375,3215.42895507812,5116.169921875,15983.080078125,14.6700000762939,0.00134487754104562,0.026875118530052,0.00317340807663946,0.00345835456549359,-0.359999656677246,3,1,0,1,1,"Yahoo Finance",TRUE
2024-04-30,60636.85546875,3012.28686523438,5035.68994140625,15657.8203125,15.6499996185303,-0.051494629716542,-0.0652612256467311,-0.0158555511189284,-0.0205601749234354,0.979999542236328,1,0,0,1,1,"Yahoo Finance",TRUE
2024-05-01,58254.01171875,2969.78466796875,5018.39013671875,15605.48046875,15.3900003433228,-0.0400899234806573,-0.014210098365437,-0.00344135348563057,-0.00334832799748419,-0.25999927520752,1,0,0,1,1,"Yahoo Finance",TRUE
2024-05-02,59123.43359375,2988.16845703125,5064.2001953125,15840.9599609375,14.6800003051758,0.0148143925496971,0.00617119571781011,0.00908702472508338,0.0149768234852914,-0.710000038146973,1,0,0,1,1,"Yahoo Finance",TRUE
2024-05-03,62889.8359375,3103.5419921875,5127.7900390625,16156.330078125,13.4899997711182,0.0617572064982479,0.0378833938339245,0.0124785576595094,0.0197129400316154,-1.19000053405762,1,0,0,1,1,"Yahoo Finance",TRUE
2024-05-06,63161.94921875,3062.72875976562,5180.740234375,16349.25,13.4899997711182,0.00431749068228982,-0.0132377672230106,0.0102731736912478,0.0118700965553877,0,3,1,0,1,1,"Yahoo Finance",TRUE
2024-05-07,62334.81640625,3006.5771484375,5187.7001953125,16332.5595703125,13.2299995422363,-0.0131819299956479,-0.0185039984312443,0.0013425282288253,-0.0010213896573017,-0.260000228881836,1,0,0,1,1,"Yahoo Finance",TRUE
2024-05-08,61187.94140625,2973.6572265625,5187.669921875,16302.759765625,13,-0.0185699862584929,-0.0110096870247753,-5.83563519462871e-06,-0.00182623081839139,-0.229999542236328,1,0,0,1,1,"Yahoo Finance",TRUE
2024-05-09,63049.9609375,3036.0205078125,5214.080078125,16346.259765625,12.6899995803833,0.0299773086041792,0.0207550296980576,0.00507803263910844,0.0026647064055485,-0.310000419616699,1,0,0,1,1,"Yahoo Finance",TRUE
2024-05-10,60792.77734375,2909.79125976562,5222.68017578125,16340.8701171875,12.5500001907349,-0.0364564546354895,-0.0424662678182912,0.00164804008016617,-0.000329771901398601,-0.139999389648438,1,0,0,1,1,"Yahoo Finance",TRUE
2024-05-13,62901.44921875,2949.35961914062,5221.419921875,16388.240234375,13.6000003814697,0.0340982152574281,0.013506721958187,-0.000241333173866209,0.00289467998094217,1.05000019073486,3,1,0,1,1,"Yahoo Finance",TRUE
2024-05-14,61552.7890625,2881.15795898438,5246.68017578125,16511.1796875,13.4200000762939,-0.0216740381115805,-0.0233957860978844,0.00482614852745478,0.00747368954583116,-0.180000305175781,1,0,0,1,1,"Yahoo Finance",TRUE
2024-05-15,66267.4921875,3037.056640625,5308.14990234375,16742.390625,12.4499998092651,0.0738042976614999,0.0526965536474968,0.0116478277873,0.0139061557181321,-0.970000267028809,1,0,0,1,1,"Yahoo Finance",TRUE
2024-05-16,65231.58203125,2945.13110351562,5297.10009765625,16698.3203125,12.4200000762939,-0.0157557243971524,-0.0307355026435543,-0.00208383747408902,-0.00263572973048731,-0.0299997329711914,1,0,0,1,1,"Yahoo Finance",TRUE
2024-05-17,67051.875,3094.11865234375,5303.27001953125,16685.970703125,11.9899997711182,0.0275228349050476,0.0493497671538909,0.00116409568789422,-0.0007398455718306,-0.430000305175781,1,0,0,1,1,"Yahoo Finance",TRUE
2024-05-20,71448.1953125,3663.85546875,5308.1298828125,16794.869140625,12.1499996185303,0.0635060724667884,0.169012899142635,0.000915970308490444,0.00650514276392933,0.159999847412109,3,1,0,1,1,"Yahoo Finance",TRUE
2024-05-21,70136.53125,3789.31274414062,5321.41015625,16832.619140625,11.8599996566772,-0.0185288571822948,0.0336686689194998,0.00249874976689313,0.00224518795706707,-0.289999961853027,1,0,0,1,1,"Yahoo Finance",TRUE
2024-05-22,69122.3359375,3737.2177734375,5307.009765625,16801.5390625,12.289999961853,-0.0145658695101858,-0.0138432449096264,-0.00270979120935166,-0.00184812634724807,0.430000305175781,1,0,0,1,1,"Yahoo Finance",TRUE
2024-05-23,67929.5625,3776.92724609375,5267.83984375,16736.029296875,12.7700004577637,-0.0174065965877581,0.0105693574501959,-0.00740816228347185,-0.00390665466501616,0.480000495910645,1,0,0,1,1,"Yahoo Finance",TRUE
2024-05-24,68526.1015625,3726.9345703125,5304.72021484375,16920.7890625,11.9300003051758,0.00874339466804841,-0.0133247164400085,0.00697664907667317,0.010979149578958,-0.840000152587891,1,0,0,1,1,"Yahoo Finance",TRUE
2024-05-28,68296.21875,3840.25634765625,5306.0400390625,17019.880859375,12.9200000762939,-0.00336031472480691,0.029953056821558,0.000248770906885909,0.00583913509377432,0.989999771118164,4,1,0,1,1,"Yahoo Finance",TRUE
2024-05-29,67578.09375,3763.19653320312,5266.9501953125,16920.580078125,14.2799997329712,-0.0105705290938474,-0.0202703835283433,-0.00739431721574313,-0.00585148591646956,1.35999965667725,1,0,0,1,1,"Yahoo Finance",TRUE
2024-05-30,68364.9921875,3746.849609375,5235.47998046875,16737.080078125,14.4700002670288,0.0115770099062722,-0.00435335531489578,-0.00599295753575291,-0.0109040151505582,0.190000534057617,1,0,0,1,1,"Yahoo Finance",TRUE
2024-05-31,67491.4140625,3760.02661132812,5277.509765625,16735.01953125,12.9200000762939,-0.0128604927708071,0.00351065212726098,0.00799582423192824,-0.000123120264438725,-1.55000019073486,1,0,0,1,1,"Yahoo Finance",TRUE
2024-06-03,68804.78125,3766.38916015625,5283.39990234375,16828.669921875,13.1099996566772,0.0192728467235082,0.00169072518365709,0.00111546022353437,0.00558047313550247,0.189999580383301,3,1,0,1,1,"Yahoo Finance",TRUE
2024-06-04,70567.765625,3812.51586914062,5291.33984375,16857.05078125,13.1599998474121,0.0253002252489249,0.0121725442811087,0.00150168100378423,0.00168503837815415,0.0500001907348633,1,0,0,1,1,"Yahoo Finance",TRUE
2024-06-05,71082.8203125,3864.26098632812,5354.02978515625,17187.900390625,12.6300001144409,0.00727221781660248,0.0134811527925152,0.0117780158499556,0.0194366573438032,-0.529999732971191,1,0,0,1,1,"Yahoo Finance",TRUE
2024-06-06,70757.1640625,3811.60595703125,5352.9599609375,17173.119140625,12.5799999237061,-0.00459189027201745,-0.0137198457553094,-0.00019983660163625,-0.00086034996128781,-0.0500001907348633,1,0,0,1,1,"Yahoo Finance",TRUE
2024-06-07,69342.5859375,3678.62915039062,5346.990234375,17133.130859375,12.2200002670288,-0.0201945570798916,-0.0355104420599659,-0.00111584205027881,-0.00233125447173599,-0.359999656677246,1,0,0,1,1,"Yahoo Finance",TRUE
2024-06-10,69512.28125,3666.71752929688,5360.7900390625,17192.529296875,12.7399997711182,0.00244421244166126,-0.00324331363917629,0.00257752997824134,0.00346088008315704,0.519999504089355,3,1,0,1,1,"Yahoo Finance",TRUE
2024-06-11,67332.03125,3498.33056640625,5375.31982421875,17343.55078125,12.8500003814697,-0.0318673749178799,-0.0470109819835258,0.00270671485520957,0.00874577813411825,0.110000610351562,1,0,0,1,1,"Yahoo Finance",TRUE
2024-06-12,68241.1875,3559.61767578125,5421.02978515625,17608.439453125,12.039999961853,0.0134122341743002,0.0173672709763277,0.00846772024188702,0.0151575771016752,-0.810000419616699,1,0,0,1,1,"Yahoo Finance",TRUE
2024-06-13,66756.3984375,3469.28125,5433.740234375,17667.560546875,11.9399995803833,-0.0219981554211603,-0.0257057047142606,0.00234191143711726,0.00335191910102495,-0.100000381469727,1,0,0,1,1,"Yahoo Finance",TRUE
2024-06-14,66011.09375,3480.27197265625,5431.60009765625,17688.880859375,12.6599998474121,-0.0112273344053886,0.00316300385571822,-0.00039393828099854,0.00120602154720295,0.720000267028809,1,0,0,1,1,"Yahoo Finance",TRUE
2024-06-17,66490.296875,3511.37890625,5473.22998046875,17857.01953125,12.75,0.00723321033895274,0.00889836732085314,0.0076351643723207,0.00946043982898459,0.0900001525878906,3,1,0,1,1,"Yahoo Finance",TRUE
2024-06-18,65140.74609375,3483.68139648438,5487.02978515625,17862.23046875,12.3000001907349,-0.0205057718831529,-0.00791920392908274,0.00251815418151757,0.000291771945770236,-0.449999809265137,1,0,0,1,1,"Yahoo Finance",TRUE
2024-06-20,64828.65625,3511.0869140625,5473.169921875,17721.58984375,13.2799997329712,-0.00480252179303875,0.00783604448191966,-0.00252912739541244,-0.00790479246468045,0.979999542236328,2,1,0,1,1,"Yahoo Finance",TRUE
2024-06-21,64096.19921875,3516.07568359375,5464.6201171875,17689.359375,13.1999998092651,-0.0113626640759907,0.00141985340456507,-0.00156335171882382,-0.00182036790096696,-0.0799999237060547,1,0,0,1,1,"Yahoo Finance",TRUE
2024-06-24,60277.4140625,3350.25634765625,5447.8701171875,17496.8203125,13.3299999237061,-0.0614275935353348,-0.0483086404752147,-0.00306987915586809,-0.01094412556116,0.130000114440918,3,1,0,1,1,"Yahoo Finance",TRUE
2024-06-25,61804.640625,3395.02905273438,5469.2998046875,17717.650390625,12.8400001525879,0.0250209785898576,0.0132754538827147,0.00392587367918296,0.0125421719272865,-0.489999771118164,1,0,0,1,1,"Yahoo Finance",TRUE
2024-06-26,60811.27734375,3369.47729492188,5477.89990234375,17805.16015625,12.5500001907349,-0.0162031982640602,-0.00755469151072674,0.00157119622472024,0.00492697178534307,-0.289999961853027,1,0,0,1,1,"Yahoo Finance",TRUE
2024-06-27,61604.80078125,3444.80053710938,5482.8701171875,17858.6796875,12.2399997711182,0.0129645478634579,0.0221083765770747,0.000906909856798421,0.00300133533909275,-0.310000419616699,1,0,0,1,1,"Yahoo Finance",TRUE
2024-06-28,60320.13671875,3373.63598632812,5460.47998046875,17732.599609375,12.4399995803833,-0.0210738120086127,-0.0208749131129267,-0.00409201346236898,-0.0070849156315056,0.199999809265137,1,0,0,1,1,"Yahoo Finance",TRUE
2024-07-01,62851.98046875,3440.34155273438,5475.08984375,17879.30078125,12.2200002670288,0.0411164553233228,0.0195796646081874,0.00267199098142967,0.00823893137431142,-0.219999313354492,3,1,0,1,1,"Yahoo Finance",TRUE
2024-07-02,62029.015625,3416.35473632812,5509.009765625,18028.759765625,12.0299997329712,-0.0131801760562915,-0.00699663897803582,0.00617620577118494,0.00832458479836262,-0.190000534057617,1,0,0,1,1,"Yahoo Finance",TRUE
2024-07-03,60173.921875,3292.91674804688,5537.02001953125,18188.30078125,12.0900001525879,-0.0303632025066172,-0.0368003944814053,0.0050715622695332,0.00881032558708306,0.0600004196166992,1,0,0,1,1,"Yahoo Finance",TRUE
2024-07-05,56662.375,2981.5986328125,5567.18994140625,18352.759765625,12.4799995422363,-0.0601286567951007,-0.0993141109414033,0.00543397436096882,0.00900138596703393,0.389999389648438,2,1,0,1,1,"Yahoo Finance",TRUE
2024-07-08,56705.09765625,3018.73193359375,5572.85009765625,18403.740234375,12.3699998855591,0.000753702226422348,0.0123772430287374,0.00101618247640545,0.00277395842588746,-0.109999656677246,3,1,0,1,1,"Yahoo Finance",TRUE
2024-07-09,58009.2265625,3064.03295898438,5576.97998046875,18429.2890625,12.5100002288818,0.0227379641121495,0.0148951549991878,0.000740797478064437,0.00138727835913421,0.140000343322754,1,0,0,1,1,"Yahoo Finance",TRUE
2024-07-10,57742.49609375,3102.21875,5633.91015625,18647.44921875,12.8500003814697,-0.00460867336984627,0.0123855726188093,0.0101563148781061,0.0117681696990708,0.340000152587891,1,0,0,1,1,"Yahoo Finance",TRUE
2024-07-11,57344.9140625,3100.33081054688,5584.5400390625,18283.41015625,12.9200000762939,-0.00690924597826914,-0.000608762410683639,-0.00880164996926602,-0.0197152657785349,0.0699996948242188,1,0,0,1,1,"Yahoo Finance",TRUE
2024-07-12,57899.46484375,3134.15869140625,5615.35009765625,18398.44921875,12.460000038147,0.00962398455810387,0.0108519591945875,0.00550186402496422,0.00627227962870691,-0.460000038146973,1,0,0,1,1,"Yahoo Finance",TRUE
2024-07-15,64870.15234375,3489.552734375,5631.22021484375,18472.5703125,13.1199998855591,0.113679473900568,0.10741279359018,0.00282221642335401,0.00402056653378757,0.659999847412109,3,1,0,1,1,"Yahoo Finance",TRUE
2024-07-16,65097.1484375,3443.51342773438,5667.2001953125,18509.33984375,13.1899995803833,0.00349312978267413,-0.0132812762233581,0.00636904997145216,0.00198851509891007,0.0699996948242188,1,0,0,1,1,"Yahoo Finance",TRUE
2024-07-17,64118.79296875,3388.75244140625,5588.27001953125,17996.919921875,14.4799995422363,-0.0151432424548243,-0.0160304531637472,-0.0140254415236445,-0.028074833303215,1.28999996185303,1,0,0,1,1,"Yahoo Finance",TRUE
2024-07-18,63974.06640625,3426.25854492188,5544.58984375,17871.220703125,15.9300003051758,-0.00225971416035264,0.0110070203142811,-0.00784711214535072,-0.00700899077289208,1.45000076293945,1,0,0,1,1,"Yahoo Finance",TRUE
2024-07-19,66710.15625,3505.73486328125,5505,17726.939453125,16.5200004577637,0.0418794201096357,0.0229312973426072,-0.00716587922640599,-0.00810615152144045,0.590000152587891,1,0,0,1,1,"Yahoo Finance",TRUE
2024-07-22,67585.25,3440.419921875,5564.41015625,18007.5703125,14.9099998474121,0.0130325550283636,-0.0188066256840198,0.0107342172462204,0.0157067568883082,-1.61000061035156,3,1,0,1,1,"Yahoo Finance",TRUE
2024-07-23,65927.671875,3481.99584960938,5555.740234375,17997.349609375,14.7200002670288,-0.0248315035462845,0.012012115141502,-0.00155931769394613,-0.000567739265729728,-0.189999580383301,1,0,0,1,1,"Yahoo Finance",TRUE
2024-07-24,65372.1328125,3336.33935546875,5427.1298828125,17342.41015625,18.0400009155273,-0.00846219655757707,-0.0427314448060816,-0.0234212422228932,-0.0370695474207565,3.32000064849854,1,0,0,1,1,"Yahoo Finance",TRUE
2024-07-25,65777.2265625,3174.42724609375,5399.22021484375,17181.720703125,18.4599990844727,0.00617761367994518,-0.049746983442823,-0.00515588901971675,-0.00930888682826314,0.419998168945312,1,0,0,1,1,"Yahoo Finance",TRUE
2024-07-26,67912.0625,3275.95141601562,5459.10009765625,17357.880859375,16.3899993896484,0.0319399921931982,0.0314811144643627,0.0110294204095709,0.0102005625864336,-2.06999969482422,1,0,0,1,1,"Yahoo Finance",TRUE
2024-07-29,66819.9140625,3320.53930664062,5463.5400390625,17370.19921875,16.6000003814697,-0.016212518920554,0.0135188758905951,0.00081297957182791,0.000709417846533,0.210000991821289,3,1,0,1,1,"Yahoo Finance",TRUE
2024-07-30,66201.015625,3278.66772460938,5436.43994140625,17147.419921875,17.6900005340576,-0.00930534623067381,-0.0126900531349268,-0.00497251436136636,-0.0129083288937917,1.09000015258789,1,0,0,1,1,"Yahoo Finance",TRUE
2024-07-31,64619.25,3231.29565429688,5522.2998046875,17599.400390625,16.3600006103516,-0.0241834505774872,-0.0145539701963102,0.0156699807019169,0.0260171123280077,-1.32999992370605,1,0,0,1,1,"Yahoo Finance",TRUE
2024-08-01,65357.5,3201.564453125,5446.68017578125,17194.150390625,18.5900001525879,0.0113598461110431,-0.00924360622547127,-0.0137881237919899,-0.023295600343106,2.22999954223633,1,0,0,1,1,"Yahoo Finance",TRUE
2024-08-02,61415.06640625,2986.01318359375,5346.56005859375,16776.16015625,23.3899993896484,-0.0622170138648706,-0.0697004676962134,-0.0185529066085532,-0.0246103921037797,4.79999923706055,1,0,0,1,1,"Yahoo Finance",TRUE
2024-08-05,53991.45703125,2417.20629882812,5186.330078125,16200.080078125,38.5699996948242,-0.128829355337496,-0.211326662904039,-0.0304270413923931,-0.0349426549821228,15.1800003051758,3,1,0,1,1,"Yahoo Finance",TRUE
2024-08-06,56034.31640625,2458.72387695312,5240.02978515625,16366.849609375,27.7099990844727,0.0371384650991171,0.0170300148028772,0.0103008494935999,0.0102417385118567,-10.8600006103516,1,0,0,1,1,"Yahoo Finance",TRUE
2024-08-07,55027.4609375,2336.58935546875,5199.5,16195.8095703125,27.8500003814697,-0.0181319456214233,-0.0509501404149448,-0.00776471538877033,-0.0105053835534701,0.14000129699707,1,0,0,1,1,"Yahoo Finance",TRUE
2024-08-08,61710.13671875,2683.35278320312,5319.31005859375,16660.01953125,23.7900009155273,0.114615857432957,0.138374725408413,0.022781139590899,0.0282592688033034,-4.05999946594238,1,0,0,1,1,"Yahoo Finance",TRUE
2024-08-09,60880.11328125,2599.5986328125,5344.16015625,16745.30078125,20.3700008392334,-0.0135416335526664,-0.0317099900191122,0.00466079843438116,0.00510585945437647,-3.42000007629395,1,0,0,1,1,"Yahoo Finance",TRUE
2024-08-12,59354.515625,2724.43188476562,5344.39013671875,16780.609375,20.7099990844727,-0.0253783714532112,0.0469028626092003,4.3033051721153e-05,0.00210634739757332,0.339998245239258,3,1,0,1,1,"Yahoo Finance",TRUE
2024-08-13,60609.56640625,2703.671875,5434.43017578125,17187.609375,18.1200008392334,0.0209245392771162,-0.00764912091036685,0.0167072334190497,0.0239647231090085,-2.58999824523926,1,0,0,1,1,"Yahoo Finance",TRUE
2024-08-14,58737.26953125,2662.91479492188,5455.2099609375,17192.599609375,16.1900005340576,-0.0313783013916655,-0.0151894923932367,0.00381643656119834,0.000290296921249933,-1.93000030517578,1,0,0,1,1,"Yahoo Finance",TRUE
2024-08-15,57560.09765625,2570.08764648438,5543.22021484375,17594.5,15.2299995422363,-0.0202448620971349,-0.0354813084052283,0.016004489931305,0.0231073172416512,-0.960000991821289,1,0,0,1,1,"Yahoo Finance",TRUE
2024-08-16,58894.10546875,2593.1865234375,5554.25,17631.720703125,14.8000001907349,0.0229114301013418,0.00894743540404797,0.00198780236839546,0.00211323929923068,-0.429999351501465,1,0,0,1,1,"Yahoo Finance",TRUE
2024-08-19,59493.453125,2637.30639648438,5608.25,17876.76953125,14.6499996185303,0.0101252662667974,0.0168706545113491,0.00967532743617738,0.0138024859306221,-0.15000057220459,3,1,0,1,1,"Yahoo Finance",TRUE
2024-08-20,59012.79296875,2573.10693359375,5597.1201171875,17816.939453125,15.8800001144409,-0.00811202460475791,-0.024643999606659,-0.00198652723760873,-0.0033524190038996,1.23000049591064,1,0,0,1,1,"Yahoo Finance",TRUE
2024-08-21,61175.19140625,2631.3955078125,5620.85009765625,17918.990234375,16.2700004577637,0.0359874877747526,0.0224002244760406,0.00423071472100567,0.00571139799920495,0.390000343322754,1,0,0,1,1,"Yahoo Finance",TRUE
2024-08-22,60381.9140625,2622.95141601562,5570.64013671875,17619.349609375,17.5499992370605,-0.0130521141055446,-0.00321413838436158,-0.00897294225665668,-0.0168633496714516,1.27999877929688,1,0,0,1,1,"Yahoo Finance",TRUE
2024-08-23,64094.35546875,2764.44702148438,5634.60986328125,17877.7890625,15.8599996566772,0.0596666777899255,0.0525404443268567,0.0114179374016636,0.0145614001174454,-1.6899995803833,1,0,0,1,1,"Yahoo Finance",TRUE
2024-08-26,62880.66015625,2681.34057617188,5616.83984375,17725.76953125,16.1499996185303,-0.0191176551055054,-0.0305237382968455,-0.00315871016960578,-0.00853962138001485,0.289999961853027,3,1,0,1,1,"Yahoo Finance",TRUE
2024-08-27,59504.1328125,2458.7265625,5625.7998046875,17754.8203125,15.4300003051758,-0.0551928775609074,-0.0866733260534218,0.00159392511272394,0.00163755945827226,-0.719999313354492,1,0,0,1,1,"Yahoo Finance",TRUE
2024-08-28,59027.625,2528.41552734375,5592.18017578125,17556.029296875,17.1100006103516,-0.0080402145092684,0.02794927437788,-0.00599390079473494,-0.0112596053635325,1.68000030517578,1,0,0,1,1,"Yahoo Finance",TRUE
2024-08-29,59388.1796875,2528.79272460938,5591.9599609375,17516.4296875,15.6499996185303,0.00608965674273954,0.000149172131156838,-3.93798434377146e-05,-0.00225816081045949,-1.46000099182129,1,0,0,1,1,"Yahoo Finance",TRUE
2024-08-30,59119.4765625,2525.82202148438,5648.39990234375,17713.619140625,15,-0.00453478862002754,-0.00117544209253051,0.0100424570791446,0.011194506902239,-0.649999618530273,1,0,0,1,1,"Yahoo Finance",TRUE
2024-09-03,57431.0234375,2420.60375976562,5528.93017578125,17136.30078125,20.7199993133545,-0.0289757874613592,-0.0425495662513233,-0.0213779633723981,-0.0331347205381611,5.71999931335449,4,1,0,1,1,"Yahoo Finance",TRUE
2024-09-04,57971.5390625,2448.97705078125,5520.06982421875,17084.30078125,21.3199996948242,0.00936754896683745,0.0116534105150059,-0.00160382902738121,-0.00303910730081292,0.600000381469727,1,0,0,1,1,"Yahoo Finance",TRUE
2024-09-05,56160.48828125,2367.73754882812,5503.41015625,17127.66015625,19.8999996185303,-0.0317387301454914,-0.033735528614387,-0.00302258101467423,0.00253475083140664,-1.42000007629395,1,0,0,1,1,"Yahoo Finance",TRUE
2024-09-06,53948.75390625,2223.87646484375,5408.419921875,16690.830078125,22.3799991607666,-0.0401788599055397,-0.0626830499964655,-0.0174109445074233,-0.0258352381804805,2.47999954223633,1,0,0,1,1,"Yahoo Finance",TRUE
2024-09-09,57019.53515625,2358.48217773438,5471.0498046875,16884.599609375,19.4500007629395,0.0553593369173182,0.0587664386408573,0.0115135344358173,0.0115424692611406,-2.92999839782715,3,1,0,1,1,"Yahoo Finance",TRUE
2024-09-10,57648.7109375,2389.5810546875,5495.52001953125,17025.880859375,19.0799999237061,0.010973955159395,0.013099792549208,0.00446269997779503,0.00833264911093323,-0.370000839233398,1,0,0,1,1,"Yahoo Finance",TRUE
2024-09-11,57343.171875,2339.84155273438,5554.1298828125,17395.529296875,17.6900005340576,-0.00531411042338092,-0.0210348450820996,0.0106085556498421,0.0214786463778314,-1.38999938964844,1,0,0,1,1,"Yahoo Finance",TRUE
2024-09-12,58127.01171875,2361.78173828125,5595.759765625,17569.6796875,17.0699996948242,0.0135766976294001,0.00933309346577271,0.00746735215680339,0.00996143513867231,-0.620000839233398,1,0,0,1,1,"Yahoo Finance",TRUE
2024-09-13,60571.30078125,2441.60717773438,5626.02001953125,17683.98046875,16.5599994659424,0.0411907229072508,0.0332401938342697,0.00539314223435561,0.00648450012056223,-0.510000228881836,1,0,0,1,1,"Yahoo Finance",TRUE
2024-09-16,58192.5078125,2295.28369140625,5633.08984375,17592.130859375,17.1399993896484,-0.0400645817241418,-0.0618000531841254,0.00125584086731045,-0.00520747970682933,0.579999923706055,3,1,0,1,1,"Yahoo Finance",TRUE
2024-09-17,60308.5390625,2341.70776367188,5634.580078125,17628.060546875,17.6100006103516,0.035717088660709,0.0200240280339488,0.000264515093896023,0.00204028987517546,0.470001220703125,1,0,0,1,1,"Yahoo Finance",TRUE
2024-09-18,61649.6796875,2369.72900390625,5618.259765625,17573.30078125,18.2299995422363,0.0219943305683934,0.0118951275456691,-0.00290065870831313,-0.00311123250526535,0.619998931884766,1,0,0,1,1,"Yahoo Finance",TRUE
2024-09-19,62940.45703125,2464.75219726562,5713.64013671875,18013.98046875,16.3299999237061,0.0207211190539169,0.0393156696828063,0.0168343568927263,0.0247673999671711,-1.89999961853027,1,0,0,1,1,"Yahoo Finance",TRUE
2024-09-20,63192.9765625,2561.07202148438,5702.5498046875,17948.3203125,16.1499996185303,0.00400401164740494,0.0383346552803001,-0.00194291363001575,-0.00365161448431017,-0.180000305175781,1,0,0,1,1,"Yahoo Finance",TRUE
2024-09-23,63329.80078125,2648.54638671875,5718.56982421875,17974.26953125,15.8900003433228,0.00216284016142865,0.033585026956036,0.0028053344257124,0.00144473009192403,-0.25999927520752,3,1,0,1,1,"Yahoo Finance",TRUE
2024-09-24,64301.96875,2654.35498046875,5732.93017578125,18074.51953125,15.3900003433228,0.015234244172186,0.0021907237834089,0.0025080311033463,0.0055619209988933,-0.5,1,0,0,1,1,"Yahoo Finance",TRUE
2024-09-25,63143.14453125,2579.388671875,5722.259765625,18082.2109375,15.4099998474121,-0.0181859645588887,-0.0286492579973796,-0.00186298320621248,0.000425448112498117,0.0199995040893555,1,0,0,1,1,"Yahoo Finance",TRUE
2024-09-26,65181.01953125,2632.19995117188,5745.3701171875,18190.2890625,15.3699998855591,0.0317640306556246,0.020267557896732,0.00403054215819942,0.00595924983637452,-0.0399999618530273,1,0,0,1,1,"Yahoo Finance",TRUE
2024-09-27,65790.6640625,2695.90063476562,5738.169921875,18119.58984375,16.9599990844727,0.0093096296486781,0.0239123559621248,-0.00125400290007249,-0.00389421888617747,1.58999919891357,1,0,0,1,1,"Yahoo Finance",TRUE
2024-09-30,63329.5,2603.06274414062,5762.47998046875,18189.169921875,16.7299995422363,-0.0381266893714205,-0.035043605559145,0.00422760365844077,0.00383269292308697,-0.229999542236328,3,1,0,1,1,"Yahoo Finance",TRUE
2024-10-01,60837.0078125,2448.92114257812,5708.75,17910.359375,19.2600002288818,-0.0401529704172496,-0.0610411526647523,-0.00936784869445439,-0.0154470762499805,2.53000068664551,1,0,0,1,1,"Yahoo Finance",TRUE
2024-10-02,60632.78515625,2365.23168945312,5709.5400390625,17925.119140625,18.8999996185303,-0.00336252896593869,-0.0347715945183324,0.000138381326987513,0.000823751604331235,-0.360000610351562,1,0,0,1,1,"Yahoo Finance",TRUE
2024-10-03,60759.40234375,2349.79125976562,5699.93994140625,17918.48046875,20.4899997711182,0.00208608537377586,-0.00654948450848281,-0.00168282865445946,-0.000370424400632174,1.59000015258789,1,0,0,1,1,"Yahoo Finance",TRUE
2024-10-04,62067.4765625,2414.7939453125,5751.06982421875,18137.849609375,19.2099990844727,0.0213002835593876,0.0272874620331791,0.00893025569918571,0.0121682848433764,-1.28000068664551,1,0,0,1,1,"Yahoo Finance",TRUE
2024-10-07,62236.66015625,2421.79663085938,5695.93994140625,17923.900390625,22.6399993896484,0.00272209280694646,0.0028957135526797,-0.00963226382938842,-0.0118658539341361,3.43000030517578,3,1,0,1,1,"Yahoo Finance",TRUE
2024-10-08,62131.96875,2439.8408203125,5751.1298828125,18182.919921875,21.4200000762939,-0.00168356653762025,0.00742312543515578,0.00964270680469426,0.0143476480268916,-1.21999931335449,1,0,0,1,1,"Yahoo Finance",TRUE
2024-10-09,60582.1015625,2368.28344726562,5792.0400390625,18291.619140625,20.8600006103516,-0.0252611554684634,-0.0297673907275993,0.00708823101699529,0.00596029687227961,-0.559999465942383,1,0,0,1,1,"Yahoo Finance",TRUE
2024-10-10,60274.5,2383.85791015625,5780.0498046875,18282.05078125,20.9300003051758,-0.00509036697595278,0.00655473710973631,-0.00207226850598197,-0.000523237597635173,0.0699996948242188,1,0,0,1,1,"Yahoo Finance",TRUE
2024-10-11,62445.08984375,2436.51342773438,5815.02978515625,18342.939453125,20.4599990844727,0.0353784793604461,0.0218479483789542,0.0060336087072983,0.00332498261878733,-0.470001220703125,1,0,0,1,1,"Yahoo Finance",TRUE
2024-10-14,66046.125,2628.89990234375,5859.85009765625,18502.689453125,19.7000007629395,0.0560657534911897,0.0759973762392914,0.00767811457459366,0.00867136785245215,-0.759998321533203,3,1,0,1,1,"Yahoo Finance",TRUE
2024-10-15,67041.109375,2606.02197265625,5815.259765625,18315.58984375,20.6399993896484,0.0149526424220383,-0.00874056036929893,-0.00763856603751378,-0.0101634961496835,0.939998626708984,1,0,0,1,1,"Yahoo Finance",TRUE
2024-10-16,67612.71875,2611.10205078125,5842.47021484375,18367.080078125,19.5799999237061,0.00849010854745025,0.00194746366302301,0.00466823278278028,0.0028073348151274,-1.05999946594238,1,0,0,1,1,"Yahoo Finance",TRUE
2024-10-17,67399.8359375,2604.2734375,5841.47021484375,18373.609375,19.1100006103516,-0.00315352878722663,-0.00261864834037695,-0.000171175128537371,0.000355425934621678,-0.469999313354492,1,0,0,1,1,"Yahoo Finance",TRUE
2024-10-18,68418.7890625,2641.55224609375,5864.669921875,18489.55078125,18.0300006866455,0.0150048970496641,0.0142129908216866,0.00396368694277349,0.00629038791385383,-1.07999992370605,1,0,0,1,1,"Yahoo Finance",TRUE
2024-10-21,67367.8515625,2665.71215820312,5853.97998046875,18540.009765625,18.3700008392334,-0.0154795564608907,0.00910453188622462,-0.0018244327564183,0.00272533699356003,0.340000152587891,3,1,0,1,1,"Yahoo Finance",TRUE
2024-10-22,67361.40625,2620.19750976562,5851.2001953125,18579.76953125,18.2000007629395,-9.56779931780005e-05,-0.017221547923449,-0.000474966667196597,0.00214224230766469,-0.170000076293945,1,0,0,1,1,"Yahoo Finance",TRUE
2024-10-23,66432.1953125,2509.09887695312,5797.419921875,18276.650390625,19.2399997711182,-0.0138904382136982,-0.043326024821444,-0.00923382426767994,-0.0164490189671831,1.03999900817871,1,0,0,1,1,"Yahoo Finance",TRUE
2024-10-24,68161.0546875,2534.49853515625,5809.85986328125,18415.490234375,19.0799999237061,0.0256915479674529,0.0100721254515195,0.00214347313055718,0.0075678608021601,-0.159999847412109,1,0,0,1,1,"Yahoo Finance",TRUE
2024-10-25,66642.4140625,2435.93408203125,5808.1201171875,18518.609375,20.3299999237061,-0.0225321334727955,-0.0396655114084368,-0.000299492013185798,0.00558396764287572,1.25,1,0,0,1,1,"Yahoo Finance",TRUE
2024-10-28,69907.7578125,2565.34814453125,5823.52001953125,18567.189453125,19.7999992370605,0.0478354048933731,0.0517639087144559,0.00264793462673296,0.0026198764727674,-0.530000686645508,3,1,0,1,1,"Yahoo Finance",TRUE
2024-10-29,72720.4921875,2637.95751953125,5832.919921875,18712.75,19.3400001525879,0.0394465905777626,0.0279107526048668,0.00161282594490153,0.00780909458134715,-0.459999084472656,1,0,0,1,1,"Yahoo Finance",TRUE
2024-10-30,72339.5390625,2657.37255859375,5813.669921875,18607.9296875,20.3500003814697,-0.00525236341818669,0.00733292383077178,-0.00330569167248917,-0.00561729255749555,1.01000022888184,1,0,0,1,1,"Yahoo Finance",TRUE
2024-10-31,70215.1875,2515.79931640625,5705.4501953125,18095.150390625,23.1599998474121,-0.0298062208969245,-0.0547473020077582,-0.0187901349287447,-0.0279438490010655,2.80999946594238,1,0,0,1,1,"Yahoo Finance",TRUE
2024-11-01,69482.46875,2511.88549804688,5728.7998046875,18239.919921875,21.8799991607666,-0.0104901612367794,-0.00155690712301748,0.00408415800452566,0.00796862623708705,-1.28000068664551,1,0,0,1,1,"Yahoo Finance",TRUE
2024-11-04,67811.5078125,2397.0263671875,5712.68994140625,18179.98046875,21.9799995422363,-0.0243425602580434,-0.0468047101093827,-0.00281604481319064,-0.0032915799658948,0.100000381469727,3,1,0,1,1,"Yahoo Finance",TRUE
2024-11-05,69359.5625,2422.65063476562,5782.759765625,18439.169921875,20.4899997711182,0.0225721124909306,0.0106332889134206,0.0121910310295625,0.0141561876099647,-1.48999977111816,1,0,0,1,1,"Yahoo Finance",TRUE
2024-11-06,75639.078125,2724.16918945312,5929.0400390625,18983.470703125,16.2700004577637,0.0866690312684639,0.117301252640699,0.0249812809571868,0.0290914355030605,-4.21999931335449,1,0,0,1,1,"Yahoo Finance",TRUE
2024-11-07,75904.859375,2895.58544921875,5973.10009765625,19269.4609375,15.1999998092651,0.00350764968747974,0.0610238212650147,0.00740375417399619,0.0149528703167245,-1.07000064849854,1,0,0,1,1,"Yahoo Finance",TRUE
2024-11-08,76545.4765625,2962.29663085938,5995.5400390625,19286.779296875,14.9399995803833,0.00840432333931673,0.0227775380045951,0.00374979403571807,0.000898342806996411,-0.260000228881836,1,0,0,1,1,"Yahoo Finance",TRUE
2024-11-11,88701.484375,3374.81298828125,6001.35009765625,19298.759765625,14.9700002670288,0.14739159487814,0.130375055615925,0.000968594190956296,0.000620982338258358,0.0300006866455078,3,1,0,1,1,"Yahoo Finance",TRUE
2024-11-12,87955.8125,3246.25732421875,5983.990234375,19281.400390625,14.710000038147,-0.00844206626910626,-0.038837171708261,-0.00289685147693675,-0.000899912084410204,-0.260000228881836,1,0,0,1,1,"Yahoo Finance",TRUE
2024-11-13,90584.1640625,3192.59594726562,5985.3798828125,19230.720703125,14.0200004577637,0.0294448504877618,-0.0166683777689425,0.000232200764141766,-0.00263188395314096,-0.689999580383301,1,0,0,1,1,"Yahoo Finance",TRUE
2024-11-14,87250.4296875,3058.94873046875,5949.169921875,19107.650390625,14.3100004196167,-0.0374969223188124,-0.042763057630081,-0.00606810858224449,-0.00642023809200154,0.289999961853027,1,0,0,1,1,"Yahoo Finance",TRUE
2024-11-15,91066.0078125,3103.04052734375,5870.6201171875,18680.119140625,16.1399993896484,0.0428021182914264,0.0143111412759218,-0.0132914308667935,-0.0226289881098847,1.82999897003174,1,0,0,1,1,"Yahoo Finance",TRUE
2024-11-18,90542.640625,3207.8564453125,5893.6201171875,18791.810546875,15.5799999237061,-0.00576369727836124,0.033220493957316,0.00391015974620679,0.00596135496373407,-0.559999465942383,3,1,0,1,1,"Yahoo Finance",TRUE
2024-11-19,92343.7890625,3111.38403320312,5916.97998046875,18987.470703125,16.3500003814697,0.0196975431836517,-0.0305352860860548,0.00395575052059627,0.0103581592429354,0.770000457763672,1,0,0,1,1,"Yahoo Finance",TRUE
2024-11-20,94339.4921875,3072.18798828125,5917.10986328125,18966.140625,17.1599998474121,0.0213814449984326,-0.0126776464344101,2.19506213348097e-05,-0.00112400794676937,0.809999465942383,1,0,0,1,1,"Yahoo Finance",TRUE
2024-11-21,98504.7265625,3361.05395507812,5948.7099609375,18972.419921875,16.8700008392334,0.0432046373822121,0.0898645943802059,0.00532625184428781,0.000331024521848633,-0.289999008178711,1,0,0,1,1,"Yahoo Finance",TRUE
2024-11-22,98997.6640625,3331.60083007812,5969.33984375,19003.650390625,15.2399997711182,0.00499172209506149,-0.00880168366330381,0.00346195959153661,0.00164474499511691,-1.63000106811523,1,0,0,1,1,"Yahoo Finance",TRUE
2024-11-25,93102.296875,3413.5439453125,5987.3701171875,19054.83984375,14.6000003814697,-0.0613973994966042,0.0242981135359734,0.00301592782012605,0.00269004280928797,-0.639999389648438,3,1,0,1,1,"Yahoo Finance",TRUE
2024-11-26,91985.3203125,3326.51733398438,6021.6298828125,19174.30078125,14.1000003814697,-0.0120698525342817,-0.0258251207041482,0.00570569715526226,0.00624975212029888,-0.5,1,0,0,1,1,"Yahoo Finance",TRUE
2024-11-27,95962.53125,3657.24926757812,5998.740234375,19060.48046875,14.1000003814697,0.0423288133049571,0.0947853875464588,-0.00380848108357768,-0.00595377533222852,0,1,0,0,1,1,"Yahoo Finance",TRUE
2024-11-29,97461.5234375,3593.49438476562,6032.3798828125,19218.169921875,13.5100002288818,0.0154998529040746,-0.0175862032938632,0.0055921203968019,0.00823907549208336,-0.590000152587891,2,1,0,1,1,"Yahoo Finance",TRUE
2024-12-02,95865.3046875,3644.19848632812,6047.14990234375,19403.94921875,13.3400001525879,-0.016513538643169,0.0140113519524636,0.00244546388058176,0.00962043170449078,-0.170000076293945,3,1,0,1,1,"Yahoo Finance",TRUE
2024-12-03,96002.1640625,3620.71166992188,6049.8798828125,19480.91015625,13.3000001907349,0.00142660346856083,-0.00646584685219764,0.000451347242021782,0.00395840639408718,-0.0399999618530273,1,0,0,1,1,"Yahoo Finance",TRUE
2024-12-04,98768.53125,3841.3310546875,6086.490234375,19735.119140625,13.4499998092651,0.0284083108720061,0.0591483349459114,0.00603318162813693,0.0129647263953512,0.149999618530273,1,0,0,1,1,"Yahoo Finance",TRUE
2024-12-05,96593.5703125,3811.00830078125,6075.10986328125,19700.259765625,13.539999961853,-0.022266865312222,-0.00792513536220163,-0.00187152583938222,-0.00176792438903384,0.0900001525878906,1,0,0,1,1,"Yahoo Finance",TRUE
2024-12-06,99920.7109375,4005.810546875,6090.27001953125,19859.76953125,12.7700004577637,0.0338648017678089,0.0498521437821609,0.0024923453675374,0.00806423215015784,-0.769999504089355,1,0,0,1,1,"Yahoo Finance",TRUE
2024-12-09,97432.71875,3718.6904296875,6052.85009765625,19736.689453125,14.1899995803833,-0.0252149051616488,-0.0743743725066359,-0.00616316728522648,-0.00621674148043994,1.41999912261963,3,1,0,1,1,"Yahoo Finance",TRUE
2024-12-10,96675.4296875,3631.83374023438,6034.91015625,19687.240234375,14.1800003051758,-0.00780279355398861,-0.0236338879518474,-0.00296828431427976,-0.00250859034469997,-0.00999927520751953,1,0,0,1,1,"Yahoo Finance",TRUE
2024-12-11,101173.03125,3832.82202148438,6084.18994140625,20034.890625,13.5799999237061,0.0454729495707635,0.0538636687806129,0.0081326264113688,0.01750456282244,-0.600000381469727,1,0,0,1,1,"Yahoo Finance",TRUE
2024-12-12,100043,3883.1015625,6051.25,19902.83984375,13.9200000762939,-0.0112321381496034,0.0130328539813735,-0.00542873146146405,-0.00661285761176522,0.340000152587891,1,0,0,1,1,"Yahoo Finance",TRUE
2024-12-13,101459.2578125,3911.20532226562,6051.08984375,19926.720703125,13.8100004196167,0.014057223472296,0.00721138697092272,-2.64669893716984e-05,0.00119915268502879,-0.109999656677246,1,0,0,1,1,"Yahoo Finance",TRUE
2024-12-16,106029.71875,3987.48095703125,6074.080078125,20173.890625,14.6899995803833,0.0440621033461426,0.019314099376416,0.00379215500878516,0.012327645085648,0.879999160766602,3,1,0,1,1,"Yahoo Finance",TRUE
2024-12-17,106140.6015625,3886.76611328125,6050.60986328125,20109.060546875,15.8699998855591,0.00104522463303525,-0.0255822138989839,-0.00387147948065625,-0.00321873806215578,1.18000030517578,1,0,0,1,1,"Yahoo Finance",TRUE
2024-12-18,100041.5390625,3618.79125976562,5872.16015625,19392.689453125,27.6200008392334,-0.0591791546537692,-0.0714374145979111,-0.0299365053045175,-0.0362743242365564,11.7500009536743,1,0,0,1,1,"Yahoo Finance",TRUE
2024-12-19,97490.953125,3417.92797851562,5867.080078125,19372.76953125,24.0900001525879,-0.0258259051251439,-0.0571055507010421,-0.000865486750537769,-0.00102771509225796,-3.53000068664551,1,0,0,1,1,"Yahoo Finance",TRUE
2024-12-20,97755.9296875,3472.55346679688,5930.85009765625,19572.599609375,18.3600006103516,0.00271427355318465,0.0158556794980722,0.010810479402398,0.0102621613937401,-5.72999954223633,1,0,0,1,1,"Yahoo Finance",TRUE
2024-12-23,94686.2421875,3415.78540039062,5974.06982421875,19764.880859375,16.7800006866455,-0.0319051470032559,-0.0164827406803045,0.00726084958561657,0.00977605983340979,-1.57999992370605,3,1,0,1,1,"Yahoo Finance",TRUE
2024-12-24,98676.09375,3492.0498046875,6040.0400390625,20031.130859375,14.2700004577637,0.0412739940682787,0.0220814483331413,0.0109822331651266,0.0133809374934533,-2.51000022888184,1,0,0,1,1,"Yahoo Finance",TRUE
2024-12-26,95795.515625,3331.22583007812,6037.58984375,20020.359375,14.7299995422363,-0.0296268317340669,-0.0471485469919468,-0.000405741088258083,-0.00053788184018444,0.459999084472656,2,1,0,1,1,"Yahoo Finance",TRUE
2024-12-27,94164.859375,3328.9169921875,5970.83984375,19722.029296875,15.9499998092651,-0.017168804864955,-0.000693329871364057,-0.0111173049649125,-0.0150134751240376,1.22000026702881,1,0,0,1,1,"Yahoo Finance",TRUE
2024-12-30,92643.2109375,3356.392578125,5906.93994140625,19486.7890625,17.3999996185303,-0.0162913956534183,0.00821973622768013,-0.0107596739417293,-0.011999497401753,1.44999980926514,3,1,0,1,1,"Yahoo Finance",TRUE
2024-12-31,93429.203125,3332.53173828125,5881.6298828125,19310.7890625,17.3500003814697,0.00844829005287195,-0.00713446286003894,-0.00429400645898248,-0.00907279349893919,-0.0499992370605469,1,0,0,1,1,"Yahoo Finance",TRUE
2025-01-02,96886.875,3451.392578125,5868.5498046875,19280.7890625,17.9300003051758,0.036340097150493,0.0350454985428215,-0.00222636314944857,-0.00155474367728203,0.579999923706055,2,1,0,1,1,"Yahoo Finance",TRUE
2025-01-03,98107.4296875,3605.009765625,5942.47021484375,19621.6796875,16.1299991607666,0.0125190387534921,0.0435466842109395,0.0125173567078249,0.0175258466333474,-1.80000114440918,1,0,0,1,1,"Yahoo Finance",TRUE
2025-01-06,102078.0859375,3688.611328125,5975.3798828125,19864.98046875,16.0400009155273,0.0396749692486491,0.0229255737351437,0.00552276649681893,0.012323344610488,-0.0899982452392578,3,1,0,1,1,"Yahoo Finance",TRUE
2025-01-07,96922.703125,3381.57739257812,5909.02978515625,19489.6796875,17.8199996948242,-0.0518242829786963,-0.0869077685531821,-0.0111660215166367,-0.0190733273926735,1.77999877929688,1,0,0,1,1,"Yahoo Finance",TRUE
2025-01-08,95043.5234375,3326.32934570312,5918.25,19478.880859375,17.7000007629395,-0.0195788576965654,-0.0164728873996491,0.00155914409383051,-0.000554232861048831,-0.119998931884766,1,0,0,1,1,"Yahoo Finance",TRUE
2025-01-10,94701.453125,3267.48999023438,5827.0400390625,19161.630859375,19.5400009155273,-0.00360558354987539,-0.017847294347721,-0.0155316376502324,-0.0164209589714215,1.84000015258789,2,1,0,1,1,"Yahoo Finance",TRUE
2025-01-13,94516.5234375,3135.49975585938,5836.22021484375,19088.099609375,19.1900005340576,-0.0019546741777976,-0.041233529941513,0.00157420437805378,-0.00384480307077872,-0.350000381469727,3,1,0,1,1,"Yahoo Finance",TRUE
2025-01-14,96534.046875,3223.6845703125,5842.91015625,19044.390625,18.7099990844727,0.0211210930715602,0.0277364087279768,0.00114562333416401,-0.00229248093942758,-0.480001449584961,1,0,0,1,1,"Yahoo Finance",TRUE
2025-01-15,100504.4921875,3450.53759765625,5949.91015625,19511.23046875,16.1200008392334,0.0403066614062269,0.0680050624458257,0.0181471325045166,0.0242176184333012,-2.58999824523926,1,0,0,1,1,"Yahoo Finance",TRUE
2025-01-16,99756.90625,3308.34521484375,5937.33984375,19338.2890625,16.6000003814697,-0.00746613592099976,-0.0420819150241236,-0.0021149243408658,-0.00890320141479251,0.479999542236328,1,0,0,1,1,"Yahoo Finance",TRUE
2025-01-17,104462.0390625,3474.10717773438,5996.66015625,19630.19921875,15.9700002670288,0.0460874538869582,0.0488893894473712,0.00994147830839331,0.014982137074961,-0.630000114440918,1,0,0,1,1,"Yahoo Finance",TRUE
2025-01-21,106146.265625,3327.40625,6049.240234375,19756.779296875,15.0600004196167,0.015994264511626,-0.0431444221494139,0.00873000944059577,0.00642753106129668,-0.909999847412109,4,1,0,1,1,"Yahoo Finance",TRUE
2025-01-22,103653.0703125,3240.224609375,6086.3701171875,20009.33984375,15.1000003814697,-0.0237685469930415,-0.0265504453025702,0.00611918108699427,0.0127024687481736,0.0399999618530273,1,0,0,1,1,"Yahoo Finance",TRUE
2025-01-23,103960.171875,3334.71411132812,6118.7099609375,20053.6796875,15.0200004577637,0.00295840268421443,0.0287443006707822,0.00529941945952928,0.00221350574034496,-0.0799999237060547,1,0,0,1,1,"Yahoo Finance",TRUE
2025-01-24,104819.484375,3309.55493164062,6101.240234375,19954.30078125,14.8500003814697,0.00823181116278171,-0.00757323334521587,-0.0028592159844667,-0.00496796436512703,-0.170000076293945,1,0,0,1,1,"Yahoo Finance",TRUE
2025-01-27,102087.6875,3178.92041015625,6012.27978515625,19341.830078125,17.8999996185303,-0.0264075488723758,-0.040272073118679,-0.0146880590321121,-0.0311745859779506,3.04999923706055,3,1,0,1,1,"Yahoo Finance",TRUE
2025-01-28,101332.4765625,3077.11254882812,6067.7001953125,19733.58984375,16.4099998474121,-0.00742516761539669,-0.0325499723638387,0.00917564417771644,0.0200521398442071,-1.48999977111816,1,0,0,1,1,"Yahoo Finance",TRUE
2025-01-29,103703.2109375,3112.9990234375,6039.31005859375,19632.3203125,16.5599994659424,0.0231261207465305,0.0115949046291259,-0.00468987605692028,-0.0051450483042057,0.149999618530273,1,0,0,1,1,"Yahoo Finance",TRUE
2025-01-30,104735.3046875,3247.78002929688,6071.169921875,19681.75,15.8400001525879,0.00990318110772748,0.0423851172810217,0.0052615481521805,0.00251460676309812,-0.719999313354492,1,0,0,1,1,"Yahoo Finance",TRUE
2025-01-31,102405.0234375,3298.26513671875,6040.52978515625,19627.439453125,16.4300003051758,-0.022500491172309,0.0154249190535989,-0.00505960399026684,-0.00276325114753995,0.590000152587891,1,0,0,1,1,"Yahoo Finance",TRUE
2025-02-03,101405.421875,2884.56665039062,5994.56982421875,19391.9609375,18.6200008392334,-0.00980920851373135,-0.134021933248553,-0.00763769072949572,-0.0120699637641177,2.19000053405762,3,1,0,1,1,"Yahoo Finance",TRUE
2025-02-04,97871.8203125,2735.05126953125,6037.8798828125,19654.01953125,17.2099990844727,-0.0354678933406181,-0.0532244994273539,0.00719890740302986,0.0134232781709098,-1.41000175476074,1,0,0,1,1,"Yahoo Finance",TRUE
2025-02-05,96615.4453125,2787.77905273438,6061.47998046875,19692.330078125,15.7700004577637,-0.0129200487537542,0.0190950589664549,0.00390105391561413,0.00194735010297187,-1.43999862670898,1,0,0,1,1,"Yahoo Finance",TRUE
2025-02-06,96593.296875,2688.40087890625,6083.56982421875,19791.990234375,15.5,-0.0002292695179964,-0.0362986923409432,0.00363767435526618,0.00504809844010268,-0.270000457763672,1,0,0,1,1,"Yahoo Finance",TRUE
2025-02-07,96529.0859375,2622.21118164062,6025.990234375,19523.400390625,16.5400009155273,-0.000664976673661499,-0.0249286237438282,-0.00950984569366042,-0.0136635560840439,1.04000091552734,1,0,0,1,1,"Yahoo Finance",TRUE
2025-02-10,97437.5546875,2661.16674804688,6066.43994140625,19714.26953125,15.8100004196167,0.00936733646582688,0.0147467294149655,0.00669011229545369,0.00972894906970723,-0.730000495910645,3,1,0,1,1,"Yahoo Finance",TRUE
2025-02-11,95747.4296875,2602.78198242188,6068.5,19643.859375,16.0200004577637,-0.0174979243693834,-0.0221837874782942,0.000339525143674635,-0.00357792574595983,0.210000038146973,1,0,0,1,1,"Yahoo Finance",TRUE
2025-02-12,97885.859375,2736.90209960938,6051.97021484375,19649.94921875,15.8900003433228,0.0220883159193477,0.0502457939539775,-0.00272758318964783,0.000309964547428265,-0.130000114440918,1,0,0,1,1,"Yahoo Finance",TRUE
2025-02-13,96623.8671875,2675.90258789062,6115.06982421875,19945.640625,15.1000003814697,-0.0129763165895191,-0.0225399207159827,0.0103723132142353,0.0149358503959895,-0.789999961853027,1,0,0,1,1,"Yahoo Finance",TRUE
2025-02-14,97508.96875,2726.09155273438,6114.6298828125,20026.76953125,14.7700004577637,0.00911857791722959,0.0185821782494582,-7.19463955736188e-05,0.00405925073484781,-0.329999923706055,1,0,0,1,1,"Yahoo Finance",TRUE
2025-02-18,95539.546875,2669.3388671875,6129.580078125,20041.259765625,15.3500003814697,-0.0204040957800533,-0.021038091254467,0.00244200365555081,0.000723281641796802,0.579999923706055,4,1,0,1,1,"Yahoo Finance",TRUE
2025-02-19,96635.609375,2715.77099609375,6144.14990234375,20056.25,15.2700004577637,0.011407035189924,0.0172450630691499,0.0023741488668243,0.000747689078997027,-0.0799999237060547,1,0,0,1,1,"Yahoo Finance",TRUE
2025-02-20,98333.9375,2740.38647460938,6117.52001953125,19962.359375,15.6599998474121,0.0174219113580332,0.00902307004699399,-0.00434360488428887,-0.00469235681807234,0.389999389648438,1,0,0,1,1,"Yahoo Finance",TRUE
2025-02-21,96125.546875,2659.65551757812,6013.1298828125,19524.009765625,18.2099990844727,-0.022714094704245,-0.0299023498437192,-0.0172113966725398,-0.0222034908475131,2.54999923706055,1,0,0,1,1,"Yahoo Finance",TRUE
2025-02-24,91418.171875,2513.8212890625,5983.25,19286.9296875,18.9799995422363,-0.0502108413046365,-0.0563925883877365,-0.00498149356625177,-0.012217329979725,0.770000457763672,3,1,0,1,1,"Yahoo Finance",TRUE
2025-02-25,88736.171875,2493.59252929688,5955.25,19026.390625,19.4300003051758,-0.0297766693549981,-0.00807956783392161,-0.00469071513839658,-0.0136006525418999,0.450000762939453,1,0,0,1,1,"Yahoo Finance",TRUE
2025-02-26,84347.0234375,2331.45263671875,5956.06005859375,19075.259765625,19.1000003814697,-0.0507280862209694,-0.0672329309662301,0.000136015029584158,0.00256519950823986,-0.329999923706055,1,0,0,1,1,"Yahoo Finance",TRUE
2025-02-27,84704.2265625,2305.484375,5861.56982421875,18544.419921875,21.1299991607666,0.0042259806609497,-0.0112007271794718,-0.0159917426785245,-0.0282232642337998,2.02999877929688,1,0,0,1,1,"Yahoo Finance",TRUE
2025-02-28,84373.0078125,2237.9052734375,5954.5,18847.279296875,19.6299991607666,-0.00391796299389746,-0.0297505128114048,0.0157297804206635,0.01619963813026,-1.5,1,0,0,1,1,"Yahoo Finance",TRUE
2025-03-03,86065.671875,2145.57397460938,5849.72021484375,18350.189453125,22.7800006866455,0.0198630934898247,-0.0421331787431303,-0.0177534026483102,-0.0267286702252569,3.15000152587891,3,1,0,1,1,"Yahoo Finance",TRUE
2025-03-04,87222.1953125,2170.01513671875,5778.14990234375,18285.16015625,23.5100002288818,0.0133482006343737,0.0113270391590872,-0.0123102882315056,-0.00355008841821203,0.729999542236328,1,0,0,1,1,"Yahoo Finance",TRUE
2025-03-05,90623.5625,2241.97729492188,5842.6298828125,18552.73046875,21.9300003051758,0.0382554190530353,0.0326240544707304,0.0110974725287356,0.0145271628521222,-1.57999992370605,1,0,0,1,1,"Yahoo Finance",TRUE
2025-03-06,89961.7265625,2202.47680664062,5738.52001953125,18069.259765625,24.8700008392334,-0.00732993151532568,-0.0177756491420835,-0.017979677107455,-0.0264048343614114,2.94000053405762,1,0,0,1,1,"Yahoo Finance",TRUE
2025-03-07,86742.671875,2138.98754882812,5770.2001953125,18196.220703125,23.3700008392334,-0.0364383782693096,-0.029249939244508,0.00550543504545509,0.00700177990452744,-1.5,1,0,0,1,1,"Yahoo Finance",TRUE
2025-03-10,78532,1861.1513671875,5614.56005859375,17468.3203125,27.8600006103516,-0.0994397561589313,-0.139137298227082,-0.0273435417884293,-0.0408249462879677,4.48999977111816,3,1,0,1,1,"Yahoo Finance",TRUE
2025-03-11,82862.2109375,1919.84497070312,5572.06982421875,17436.099609375,26.9200000762939,0.0536729340651245,0.0310491275227029,-0.00759664691853601,-0.00184622534047385,-0.940000534057617,1,0,0,1,1,"Yahoo Finance",TRUE
2025-03-12,83722.359375,1908.98266601562,5599.2998046875,17648.44921875,24.2299995422363,0.0103269598158153,-0.00567397379033086,0.00487496794049136,0.0121051693419414,-2.69000053405762,1,0,0,1,1,"Yahoo Finance",TRUE
2025-03-13,81066.703125,1862.96960449219,5521.52001953125,17303.009765625,24.6599998474121,-0.0322337677609106,-0.0243986884333198,-0.0139883668064655,-0.0197674552953142,0.430000305175781,1,0,0,1,1,"Yahoo Finance",TRUE
2025-03-14,83969.1015625,1909.46752929688,5638.93994140625,17754.08984375,21.7700004577637,0.0351765814759233,0.0246526465886214,0.0210429059531982,0.0257354418491769,-2.88999938964844,1,0,0,1,1,"Yahoo Finance",TRUE
2025-03-17,84075.6875,1927.0029296875,5675.1201171875,17808.66015625,20.5100002288818,0.00126854218316197,0.00914148704788964,0.00639563497460571,0.00306896150218883,-1.26000022888184,3,1,0,1,1,"Yahoo Finance",TRUE
2025-03-18,82718.5,1932.54345703125,5614.66015625,17504.119140625,21.7000007629395,-0.0162741576821936,0.00287107892717131,-0.0107106670743207,-0.0172486319184859,1.19000053405762,1,0,0,1,1,"Yahoo Finance",TRUE
2025-03-19,86854.2265625,2057.7490234375,5675.2900390625,17750.7890625,19.8999996185303,0.0487878794530605,0.0627756895984284,0.010740608172954,0.0139937364623623,-1.80000114440918,1,0,0,1,1,"Yahoo Finance",TRUE
2025-03-20,84167.1953125,1982.09985351562,5662.89013671875,17691.630859375,19.7999992370605,-0.0314259156183105,-0.037455863474503,-0.00218728351378239,-0.00333827420328525,-0.100000381469727,1,0,0,1,1,"Yahoo Finance",TRUE
2025-03-21,84043.2421875,1964.84753417969,5667.56005859375,17784.05078125,19.2800006866455,-0.00147378663628928,-0.0087421632555289,0.00082431360783275,0.00521033714829322,-0.519998550415039,1,0,0,1,1,"Yahoo Finance",TRUE
2025-03-24,87498.9140625,2077.47900390625,5767.56982421875,18188.58984375,17.4799995422363,0.0402949282403853,0.0557404897107556,0.0174921171286382,0.0224924337131061,-1.80000114440918,3,1,0,1,1,"Yahoo Finance",TRUE
2025-03-25,87471.703125,2067.76416015625,5776.64990234375,18271.859375,17.1499996185303,-0.000311034368589702,-0.00468723360820178,0.0015730954906541,0.00456767142531334,-0.329999923706055,1,0,0,1,1,"Yahoo Finance",TRUE
2025-03-26,86900.8828125,2009.18933105469,5712.2001953125,17899.01953125,18.3299999237061,-0.00654715703687003,-0.0287365848319983,-0.0112196403575986,-0.0206162006861312,1.18000030517578,1,0,0,1,1,"Yahoo Finance",TRUE
2025-03-27,87177.1015625,2002.357421875,5693.31005859375,17804.029296875,18.6900005340576,0.00317350850323628,-0.003406125470101,-0.00331246100713223,-0.00532113988168526,0.360000610351562,1,0,0,1,1,"Yahoo Finance",TRUE
2025-03-28,84353.1484375,1895.5029296875,5580.93994140625,17322.990234375,21.6499996185303,-0.0329295655003286,-0.054840995788628,-0.0199346011268524,-0.0273902621151993,2.95999908447266,1,0,0,1,1,"Yahoo Finance",TRUE
2025-03-31,82548.9140625,1823.47998046875,5611.85009765625,17299.2890625,22.2800006866455,-0.0216211187962241,-0.0387374489978463,0.00552324035764507,-0.00136912855298377,0.630001068115234,3,1,0,1,1,"Yahoo Finance",TRUE
2025-04-01,85169.171875,1905.49145507812,5633.06982421875,17449.890625,21.7700004577637,0.0312485205315678,0.0439932043987863,0.00377410455521243,0.00866797471433856,-0.510000228881836,1,0,0,1,1,"Yahoo Finance",TRUE
2025-04-02,82485.7109375,1795.31323242188,5670.97021484375,17601.05078125,21.5100002288818,-0.0320144583229851,-0.0595604475170211,0.00670566142948381,0.00862522302155355,-0.260000228881836,1,0,0,1,1,"Yahoo Finance",TRUE
2025-04-03,83102.828125,1815.63720703125,5396.52001953125,16550.609375,30.0200004577637,0.00745365649204111,0.0112569748989948,-0.049605911828996,-0.0615356823551227,8.51000022888184,1,0,0,1,1,"Yahoo Finance",TRUE
2025-04-04,83843.8046875,1815.33520507812,5074.080078125,15587.7900390625,45.310001373291,0.00887686580650637,-0.000166347699483538,-0.0616090618982312,-0.0599350033966939,15.2900009155273,1,0,0,1,1,"Yahoo Finance",TRUE
2025-04-07,79235.3359375,1555.24096679688,5062.25,15603.259765625,46.9799995422363,-0.0565332397333709,-0.154639640461837,-0.00233419460596274,0.000991933771246067,1.66999816894531,3,1,0,1,1,"Yahoo Finance",TRUE
2025-04-08,76271.953125,1472.55310058594,4982.77001953125,15267.91015625,52.3300018310547,-0.0381170762617487,-0.0546327987842083,-0.0158250832770559,-0.0217266013436621,5.35000228881836,1,0,0,1,1,"Yahoo Finance",TRUE
2025-04-09,82573.953125,1668.0400390625,5456.89990234375,17124.970703125,33.6199989318848,0.0793890094423801,0.124651610470703,0.0908948798330371,0.114784422962598,-18.7100028991699,1,0,0,1,1,"Yahoo Finance",TRUE
2025-04-10,79626.140625,1522.51879882812,5268.0498046875,16387.310546875,40.7200012207031,-0.0363518545774042,-0.0912832400149295,-0.0352206070241117,-0.0440303851888384,7.10000228881836,1,0,0,1,1,"Yahoo Finance",TRUE
2025-04-11,83404.8359375,1567.14978027344,5363.35986328125,16724.4609375,37.560001373291,0.046363853795274,0.0288924750311867,0.0179303808357769,0.0203650863615952,-3.15999984741211,1,0,0,1,1,"Yahoo Finance",TRUE
2025-04-14,84542.390625,1622.76989746094,5405.97021484375,16831.48046875,30.8899993896484,0.0135467802271414,0.0348759595263433,0.00791331932634343,0.00637859583840239,-6.67000198364258,3,1,0,1,1,"Yahoo Finance",TRUE
2025-04-15,83668.9921875,1588.63244628906,5396.6298828125,16823.169921875,30.1200008392334,-0.0103846276257755,-0.0212609529619483,-0.00172927522530131,-0.000493872136388518,-0.769998550415039,1,0,0,1,1,"Yahoo Finance",TRUE
2025-04-16,84033.8671875,1578.10534667969,5275.7001953125,16307.16015625,32.6399993896484,0.00435145324422415,-0.00664856964829141,-0.0226632539649021,-0.0311528135051962,2.51999855041504,1,0,0,1,1,"Yahoo Finance",TRUE
2025-04-17,84895.75,1582.54833984375,5282.7001953125,16286.4501953125,29.6499996185303,0.0102041347801549,0.00281144125946664,0.00132595862377372,-0.00127079900024718,-2.98999977111816,1,0,0,1,1,"Yahoo Finance",TRUE
2025-04-21,87518.90625,1579.73449707031,5158.2001953125,15870.900390625,33.8199996948242,0.0304308082805722,-0.00177962798471309,-0.0238496483340196,-0.0258462174317042,4.17000007629395,4,1,0,1,1,"Yahoo Finance",TRUE
2025-04-22,93441.890625,1757.33166503906,5287.759765625,16300.419921875,30.5699996948242,0.0654849109954956,0.106539766109106,0.0248069521254504,0.0267036012410742,-3.25,1,0,0,1,1,"Yahoo Finance",TRUE
2025-04-23,93699.109375,1796.10424804688,5375.85986328125,16708.05078125,28.4500007629395,0.00274893168226598,0.0218234535662258,0.0165238643668797,0.0246998164086527,-2.11999893188477,1,0,0,1,1,"Yahoo Finance",TRUE
2025-04-24,93943.796875,1769.83166503906,5484.77001953125,17166.0390625,26.4699993133545,0.00260801373823938,-0.0147355751997029,0.0200566280825836,0.0270422728994948,-1.98000144958496,1,0,0,1,1,"Yahoo Finance",TRUE
2025-04-25,94720.5,1786.63452148438,5525.2099609375,17382.939453125,24.8400001525879,0.00823375196990739,0.00944925698092813,0.0073460847957012,0.0125562751575927,-1.6299991607666,1,0,0,1,1,"Yahoo Finance",TRUE
2025-04-28,94978.75,1798.85180664062,5528.75,17366.130859375,25.1499996185303,0.00272273253099087,0.00681488162090105,0.000640501539001193,-0.000967427036741242,0.309999465942383,3,1,0,1,1,"Yahoo Finance",TRUE
2025-04-29,94284.7890625,1799.17565917969,5560.830078125,17461.3203125,24.1700000762939,-0.00733330942544441,0.000180016713609454,0.0057856415455575,0.00546635983698707,-0.979999542236328,1,0,0,1,1,"Yahoo Finance",TRUE
2025-04-30,94207.3125,1793.775390625,5569.06005859375,17446.33984375,24.7000007629395,-0.000822066985522341,-0.00300603740287553,0.00147889725193195,-0.000858291251981669,0.530000686645508,1,0,0,1,1,"Yahoo Finance",TRUE
2025-05-01,96492.3359375,1839.22155761719,5604.14013671875,17710.740234375,24.6000003814697,0.0239657788961871,0.0250198601127334,0.00627934571645206,0.0150413728848466,-0.100000381469727,1,0,0,1,1,"Yahoo Finance",TRUE
2025-05-02,96910.0703125,1842.70788574219,5686.669921875,17977.73046875,22.6800003051758,0.00431985343632491,0.00189375120873336,0.014619191109114,0.0149625472986372,-1.92000007629395,1,0,0,1,1,"Yahoo Finance",TRUE
2025-05-05,94748.0546875,1819.69750976562,5650.3798828125,17844.240234375,23.6399993896484,-0.0225621255413824,-0.0125658829494402,-0.00640204702931868,-0.0074530155474033,0.959999084472656,3,1,0,1,1,"Yahoo Finance",TRUE
2025-05-06,96802.4765625,1815.08752441406,5606.91015625,17689.66015625,24.7600002288818,0.021451265529473,-0.00253659447810684,-0.00772298527839155,-0.00870048328759943,1.1200008392334,1,0,0,1,1,"Yahoo Finance",TRUE
2025-05-07,97032.3203125,1811.60668945312,5631.27978515625,17738.16015625,23.5499992370605,0.00237154382422311,-0.00191956411238348,0.0043369381067091,0.00273796298334439,-1.21000099182129,1,0,0,1,1,"Yahoo Finance",TRUE
2025-05-08,103241.4609375,2206.5146484375,5663.93994140625,17928.140625,22.4799995422363,0.0620264035337463,0.19720006321216,0.00578302114746698,0.0106533204384345,-1.06999969482422,1,0,0,1,1,"Yahoo Finance",TRUE
2025-05-09,102970.8515625,2345.50732421875,5659.91015625,17928.919921875,21.8999996185303,-0.00262457199628585,0.061087532978334,-0.000711734134876352,4.34668577540265e-05,-0.579999923706055,1,0,0,1,1,"Yahoo Finance",TRUE
2025-05-12,102812.953125,2496.39770507812,5844.18994140625,18708.33984375,18.3899993896484,-0.00153460539547723,0.0623470533348893,0.0320399766770194,0.0425543581886743,-3.51000022888184,3,1,0,1,1,"Yahoo Finance",TRUE
2025-05-13,104169.8125,2680.12963867188,5886.5498046875,19010.08984375,18.2199993133545,0.013111031807524,0.0710163912068094,0.00722205902024697,0.0160004772303601,-0.170000076293945,1,0,0,1,1,"Yahoo Finance",TRUE
2025-05-14,103539.4140625,2610.06323242188,5892.580078125,19146.810546875,18.6200008392334,-0.00607002763940656,-0.0264907179689118,0.00102389124227642,0.00716626805830778,0.400001525878906,1,0,0,1,1,"Yahoo Finance",TRUE
2025-05-15,103744.640625,2546.85693359375,5916.93017578125,19112.3203125,17.8299999237061,0.00198014873712182,-0.0245144241590456,0.00412381743875656,-0.0018029810371285,-0.790000915527344,1,0,0,1,1,"Yahoo Finance",TRUE
2025-05-16,103489.2890625,2536.29760742188,5958.3798828125,19211.099609375,17.2399997711182,-0.0024643811186511,-0.00415464108966823,0.00698084936809984,0.00515504700922875,-0.590000152587891,1,0,0,1,1,"Yahoo Finance",TRUE
2025-05-19,105606.1796875,2529.16674804688,5963.60009765625,19215.4609375,18.1399993896484,0.0202487692965381,-0.00281548287978595,0.000875729566049088,0.000226995499033933,0.899999618530273,3,1,0,1,1,"Yahoo Finance",TRUE
2025-05-20,106791.0859375,2524.17309570312,5940.4599609375,19142.7109375,18.0900001525879,0.0111575687100771,-0.0019763776526478,-0.003887777069572,-0.00379319887644769,-0.0499992370605469,1,0,0,1,1,"Yahoo Finance",TRUE
2025-05-21,109678.078125,2552.34716796875,5844.60986328125,18872.640625,20.8700008392334,0.0266750544968755,0.0110998715940296,-0.0162667192677599,-0.0142087259512103,2.78000068664551,1,0,0,1,1,"Yahoo Finance",TRUE
2025-05-22,111673.28125,2664.15698242188,5842.009765625,18925.740234375,20.2800006866455,0.0180279639423642,0.0428742844419574,-0.000444970022421387,0.00280962533835627,-0.590000152587891,1,0,0,1,1,"Yahoo Finance",TRUE
2025-05-23,107287.796875,2526.44189453125,5802.81982421875,18737.2109375,22.2900009155273,-0.0400625623389939,-0.0530757311965884,-0.00673089959147255,-0.0100114763018748,2.01000022888184,1,0,0,1,1,"Yahoo Finance",TRUE
2025-05-27,108994.640625,2663.06982421875,5921.5400390625,19199.16015625,18.9599990844727,0.0157837983040867,0.0526675795418239,0.0202525808021843,0.0243550998566349,-3.33000183105469,4,1,0,1,1,"Yahoo Finance",TRUE
2025-05-28,107802.328125,2682.212890625,5888.5498046875,19100.939453125,19.3099994659424,-0.0109994574937922,0.00716263264987038,-0.00558680257644539,-0.00512901634457563,0.350000381469727,1,0,0,1,1,"Yahoo Finance",TRUE
2025-05-29,105641.7578125,2632.65478515625,5912.169921875,19175.869140625,19.1800003051758,-0.0202455280092551,-0.0186493981950164,0.00400317087063229,0.00391515311572022,-0.129999160766602,1,0,0,1,1,"Yahoo Finance",TRUE
2025-05-30,103998.5703125,2529.94360351562,5911.68994140625,19113.76953125,18.5699996948242,-0.0156765748876122,-0.0397957496871886,-8.11884569955623e-05,-0.00324367980358176,-0.610000610351562,1,0,0,1,1,"Yahoo Finance",TRUE
2025-06-02,105881.53125,2607.09741210938,5935.93994140625,19242.609375,18.3600006103516,0.0179436873295717,0.0300404884590844,0.00409365149062602,0.00671806526030494,-0.209999084472656,3,1,0,1,1,"Yahoo Finance",TRUE
2025-06-03,105432.46875,2593.2802734375,5970.3701171875,19398.9609375,17.6900005340576,-0.00425019805592974,-0.00531391065071407,0.00578353353536976,0.00809244626929662,-0.670000076293945,1,0,0,1,1,"Yahoo Finance",TRUE
2025-06-04,104731.984375,2608.64306640625,5970.81005859375,19460.490234375,17.6100006103516,-0.00666608418802994,0.0059065990133691,7.36847447182498e-05,0.00316676362838209,-0.0799999237060547,1,0,0,1,1,"Yahoo Finance",TRUE
2025-06-05,101575.953125,2416.28564453125,5939.2998046875,19298.44921875,18.4799995422363,-0.0305977318470383,-0.0765986847759246,-0.00529135797869706,-0.00836152701820758,0.869998931884766,1,0,0,1,1,"Yahoo Finance",TRUE
2025-06-06,104390.34375,2477.19482421875,6000.35986328125,19529.94921875,16.7700004577637,0.0273303530644604,0.0248952972758048,0.0102281962153761,0.0119244033964048,-1.70999908447266,1,0,0,1,1,"Yahoo Finance",TRUE
2025-06-09,110294.1015625,2681.51708984375,6005.8798828125,19591.240234375,17.1599998474121,0.0550132701602291,0.0792559119487368,0.000919525186391823,0.00313339479851571,0.389999389648438,3,1,0,1,1,"Yahoo Finance",TRUE
2025-06-10,110257.234375,2813.517578125,6038.81005859375,19714.990234375,16.9500007629395,-0.000334318426926217,0.0480527949894558,0.00546801254164642,0.00629673247231288,-0.209999084472656,1,0,0,1,1,"Yahoo Finance",TRUE
2025-06-11,108686.625,2773.529296875,6022.240234375,19615.880859375,17.2600002288818,-0.0143473886097247,-0.0143148840506457,-0.00274766031828655,-0.00503978589950727,0.309999465942383,1,0,0,1,1,"Yahoo Finance",TRUE
2025-06-12,105929.0546875,2651.79516601562,6045.259765625,19662.490234375,18.0200004577637,-0.0256991668453335,-0.0448837918096281,0.0038151330716758,0.00237328563172667,0.760000228881836,1,0,0,1,1,"Yahoo Finance",TRUE
2025-06-13,106090.96875,2579.48608398438,5976.97021484375,19406.830078125,20.8199996948242,0.00152734719439174,-0.027646644951977,-0.0113606685901022,-0.0130877017304805,2.79999923706055,1,0,0,1,1,"Yahoo Finance",TRUE
2025-06-16,106796.7578125,2540.60498046875,6033.10986328125,19701.2109375,19.1100006103516,0.00663064667707403,-0.015187952881301,0.00934882314818886,0.0150550327720715,-1.70999908447266,3,1,0,1,1,"Yahoo Finance",TRUE
2025-06-17,104601.1171875,2510.76147460938,5982.72021484375,19521.08984375,21.6000003814697,-0.0207733363618132,-0.0118161504839023,-0.00838725972364429,-0.00918469117772247,2.48999977111816,1,0,0,1,1,"Yahoo Finance",TRUE
2025-06-18,104883.328125,2524.30151367188,5980.8701171875,19546.26953125,20.1399993896484,0.00269433950386144,0.00537831273711653,-0.000309288034719302,0.00128903982195894,-1.46000099182129,1,0,0,1,1,"Yahoo Finance",TRUE
2025-06-20,103309.6015625,2407.30419921875,5967.83984375,19447.41015625,20.6200008392334,-0.0151182515102111,-0.0474568643313429,-0.00218103521558888,-0.0050705441292962,0.480001449584961,2,1,0,1,1,"Yahoo Finance",TRUE
2025-06-23,105577.7734375,2421.82495117188,6025.169921875,19630.970703125,19.8299999237061,0.021717550170564,0.0060138361448967,0.00956065507125992,0.00939454976827925,-0.790000915527344,3,1,0,1,1,"Yahoo Finance",TRUE
2025-06-24,106045.6328125,2448.0087890625,6092.18017578125,19912.529296875,17.4799995422363,0.00442162939858726,0.0107535869234798,0.0110603286169582,0.0142406894690321,-2.35000038146973,1,0,0,1,1,"Yahoo Finance",TRUE
2025-06-25,107361.2578125,2419.31030273438,6092.16015625,19973.55078125,16.7600002288818,0.0123298892885533,-0.0117924542683374,-3.28610834898768e-06,0.00305979087761976,-0.719999313354492,1,0,0,1,1,"Yahoo Finance",TRUE
2025-06-26,106960,2416.14672851562,6141.02001953125,20167.91015625,16.5900001525879,-0.00374445620028752,-0.00130849044865045,0.00798813103251739,0.00968379771493488,-0.170000076293945,1,0,0,1,1,"Yahoo Finance",TRUE
2025-06-27,107088.4296875,2423.86694335938,6173.06982421875,20273.4609375,16.3199996948242,0.00120000602760051,0.00319016511713421,0.00520539925615005,0.0052199526408252,-0.270000457763672,1,0,0,1,1,"Yahoo Finance",TRUE
2025-06-30,107135.3359375,2486.46435546875,6204.9501953125,20369.73046875,16.7299995422363,0.000437918273098248,0.0254975885001141,0.00515113750612883,0.0047373106274371,0.409999847412109,3,1,0,1,1,"Yahoo Finance",TRUE
2025-07-01,105698.28125,2405.79272460938,6198.009765625,20202.890625,16.8299999237061,-0.0135042249937296,-0.0329822993784488,-0.00111915710987986,-0.00822430395968432,0.100000381469727,1,0,0,1,1,"Yahoo Finance",TRUE
2025-07-02,108859.3203125,2571.33544921875,6227.419921875,20393.130859375,16.6399993896484,0.0294677772013561,0.0665459295236381,0.00473387430649019,0.00937242714991626,-0.190000534057617,1,0,0,1,1,"Yahoo Finance",TRUE
2025-07-03,109647.9765625,2591.00732421875,6279.35009765625,20601.099609375,16.3799991607666,0.00721861178924321,0.00762133437584644,0.00830437821066532,0.0101463319000601,-0.260000228881836,1,0,0,1,1,"Yahoo Finance",TRUE
2025-07-07,108299.8515625,2543.01318359375,6229.97998046875,20412.51953125,17.7900009155273,-0.0123712376992859,-0.0186970576736059,-0.00789336810424501,-0.00919603834274696,1.41000175476074,4,1,0,1,1,"Yahoo Finance",TRUE
2025-07-08,108950.2734375,2615.505859375,6225.52001953125,20418.4609375,16.8099994659424,0.0059877877476886,0.0281078533818162,-0.000716143250469869,0.000291024424283748,-0.980001449584961,1,0,0,1,1,"Yahoo Finance",TRUE
2025-07-09,111326.5546875,2770.77758789062,6263.259765625,20611.33984375,15.9399995803833,0.0215762452748827,0.0576704743790151,0.00604380277678018,0.00940196264179072,-0.869999885559082,1,0,0,1,1,"Yahoo Finance",TRUE
2025-07-10,115987.203125,2954.84521484375,6280.4599609375,20630.66015625,15.7799997329712,0.0410120507184271,0.0643182702671403,0.00274244107292532,0.000936924199278266,-0.159999847412109,1,0,0,1,1,"Yahoo Finance",TRUE
2025-07-11,117516.9921875,2957.88623046875,6259.75,20585.529296875,16.3999996185303,0.0131030703572979,0.00102863318629076,-0.00330297177322514,-0.00218995875217054,0.619999885559082,1,0,0,1,1,"Yahoo Finance",TRUE
2025-07-14,119849.703125,3013.35083007812,6268.56005859375,20640.330078125,17.2000007629395,0.0196555463324071,0.0185777902520776,0.00140642433093596,0.00265856500547557,0.80000114440918,3,1,0,1,1,"Yahoo Finance",TRUE
2025-07-15,117777.1875,3139.8896484375,6243.759765625,20677.80078125,17.3799991607666,-0.0174438858577926,0.0411349633319169,-0.00396414506567133,0.00181376614179207,0.179998397827148,1,0,0,1,1,"Yahoo Finance",TRUE
2025-07-16,118738.5078125,3371.5068359375,6263.7001953125,20730.490234375,17.1599998474121,0.00812906395095148,0.071172121263178,0.00318856852538296,0.0025448759303579,-0.219999313354492,1,0,0,1,1,"Yahoo Finance",TRUE
2025-07-17,119289.84375,3476.78442382812,6297.35986328125,20885.650390625,16.5200004577637,0.0046325315439848,0.0307480737228971,0.00535938024001226,0.00745676426842756,-0.639999389648438,1,0,0,1,1,"Yahoo Finance",TRUE
2025-07-18,118003.2265625,3549.01635742188,6296.7900390625,20895.650390625,16.4099998474121,-0.0108442256179853,0.02056263219756,-9.04903028082771e-05,0.000478683047388628,-0.110000610351562,1,0,0,1,1,"Yahoo Finance",TRUE
2025-07-21,117439.5390625,3763.37133789062,6305.60009765625,20974.1796875,16.6499996185303,-0.0047883278598615,0.0586447054082715,0.00139815700567247,0.00375112049941428,0.239999771118164,3,1,0,1,1,"Yahoo Finance",TRUE
2025-07-22,119995.4140625,3749.1455078125,6309.6201171875,20892.689453125,16.5,0.0215298859239876,-0.00378723865089015,0.000637328496667422,-0.00389283168085974,-0.149999618530273,1,0,0,1,1,"Yahoo Finance",TRUE
2025-07-23,118754.9609375,3629.70361328125,6358.91015625,21020.01953125,15.3699998855591,-0.0103913075480229,-0.0323769537244427,0.0077815321457031,0.00607598377374075,-1.13000011444092,1,0,0,1,1,"Yahoo Finance",TRUE
2025-07-24,118368,3708.00561523438,6363.35009765625,21057.9609375,15.3900003433228,-0.00326380270789173,0.0213431663496255,0.000697979996932219,0.00180338581415107,0.0200004577636719,1,0,0,1,1,"Yahoo Finance",TRUE
2025-07-25,117635.8828125,3727.26684570312,6388.64013671875,21108.3203125,14.9300003051758,-0.00620430077034229,0.00518105386351486,0.00396645100168058,0.00238860992483758,-0.460000038146973,1,0,0,1,1,"Yahoo Finance",TRUE
2025-07-28,117924.4765625,3787.42578125,6389.77001953125,21178.580078125,15.0299997329712,0.00245027554852761,0.0160113590113138,0.000176842471267591,0.00332300687110454,0.0999994277954102,3,1,0,1,1,"Yahoo Finance",TRUE
2025-07-29,117922.1484375,3793.45483398438,6370.85986328125,21098.2890625,15.9799995422363,-1.97427035466546e-05,0.00159059463181066,-0.00296383019746749,-0.00379834712408567,0.949999809265137,1,0,0,1,1,"Yahoo Finance",TRUE
2025-07-30,117831.1875,3808.20166015625,6362.89990234375,21129.669921875,15.4799995422363,-0.000771661971628035,0.00387990293502405,-0.00125021393851021,0.00148626009432462,-0.5,1,0,0,1,1,"Yahoo Finance",TRUE
2025-07-31,115758.203125,3696.70776367188,6339.39013671875,21122.44921875,16.7199993133545,-0.0177494259673701,-0.0297144425540807,-0.00370166204637457,-0.000341791291994298,1.23999977111816,1,0,0,1,1,"Yahoo Finance",TRUE
2025-08-01,113320.0859375,3488.36596679688,6238.009765625,20650.130859375,20.3799991607666,-0.0212871264623775,-0.0580092077304162,-0.016121387185569,-0.0226147625086046,3.65999984741211,1,0,0,1,1,"Yahoo Finance",TRUE
2025-08-04,115071.8828125,3718.98608398438,6329.93994140625,21053.580078125,17.5200004577637,0.0153405677011342,0.0640176508493813,0.0146295644914147,0.0193489642348883,-2.85999870300293,3,1,0,1,1,"Yahoo Finance",TRUE
2025-08-05,114141.4453125,3611.8994140625,6299.18994140625,20916.55078125,17.8500003814697,-0.00811857336682209,-0.0292172856111392,-0.00486970378046259,-0.00652987164779972,0.329999923706055,1,0,0,1,1,"Yahoo Finance",TRUE
2025-08-06,115028,3683.92065429688,6345.06005859375,21169.419921875,16.7700004577637,0.0077371493304792,0.0197437927850306,0.00725552221985382,0.0120169348309318,-1.07999992370605,1,0,0,1,1,"Yahoo Finance",TRUE
2025-08-07,117496.8984375,3914.32592773438,6340,21242.69921875,16.5699996948242,0.021236359971132,0.0606655575551915,-0.000797798171827679,0.00345558634085208,-0.200000762939453,1,0,0,1,1,"Yahoo Finance",TRUE
2025-08-08,116688.7265625,4009.84887695312,6389.4501953125,21450.01953125,15.1499996185303,-0.00690200419673381,0.0241104162682468,0.00776945481638869,0.00971228575982153,-1.42000007629395,1,0,0,1,1,"Yahoo Finance",TRUE
2025-08-11,118731.4453125,4226.966796875,6373.4501953125,21385.400390625,16.25,0.0173542479439526,0.0527311124813714,-0.00250726839388449,-0.00301709145193207,1.10000038146973,3,1,0,1,1,"Yahoo Finance",TRUE
2025-08-12,120172.90625,4590.9248046875,6445.759765625,21681.900390625,14.7299995422363,0.0120674104129606,0.082596819735965,0.0112815590751705,0.0137693646545269,-1.52000045776367,1,0,0,1,1,"Yahoo Finance",TRUE
2025-08-13,123344.0625,4756.27587890625,6466.580078125,21713.140625,14.4899997711182,0.0260461153103027,0.0353834973642897,0.00322487338404542,0.00143980690146606,-0.239999771118164,1,0,0,1,1,"Yahoo Finance",TRUE
2025-08-14,118359.578125,4548.16650390625,6468.5400390625,21710.669921875,14.8299999237061,-0.0412504432416689,-0.0447407980688723,0.000303044878554815,-0.000113794855705507,0.340000152587891,1,0,0,1,1,"Yahoo Finance",TRUE
2025-08-15,117398.3515625,4439.98876953125,6449.7998046875,21622.98046875,15.0900001525879,-0.00815439709790589,-0.0240723385196393,-0.00290133991636488,-0.00404718144113048,0.260000228881836,1,0,0,1,1,"Yahoo Finance",TRUE
2025-08-18,116252.3125,4312.5048828125,6449.14990234375,21629.76953125,14.9899997711182,-0.00980992934740499,-0.0291329324528675,-0.000100768257736306,0.000313925128725856,-0.100000381469727,3,1,0,1,1,"Yahoo Finance",TRUE
2025-08-19,112831.1796875,4073.46411132812,6411.3701171875,21314.94921875,15.5699996948242,-0.0298702202052201,-0.057025144152556,-0.00587532911220734,-0.0146619170614954,0.579999923706055,1,0,0,1,1,"Yahoo Finance",TRUE
2025-08-20,114274.7421875,4334.50048828125,6395.77978515625,21172.859375,15.6899995803833,0.0127128516068691,0.0621126055258525,-0.00243463063226379,-0.00668852445761203,0.119999885559082,1,0,0,1,1,"Yahoo Finance",TRUE
2025-08-21,112419.03125,4223.2099609375,6370.169921875,21100.310546875,16.6000003814697,-0.016372327846506,-0.0260108828288228,-0.00401221972895094,-0.00343238510315125,0.910000801086426,1,0,0,1,1,"Yahoo Finance",TRUE
2025-08-22,116874.0859375,4831.3486328125,6466.91015625,21496.5390625,14.2200002670288,0.0388639264247779,0.134530155586127,0.0150722851587783,0.0186041901036411,-2.38000011444092,1,0,0,1,1,"Yahoo Finance",TRUE
2025-08-25,110124.3515625,4372.98779296875,6439.31982421875,21449.2890625,14.789999961853,-0.0594869706788774,-0.0996791677615931,-0.00427551253964609,-0.00220044745337056,0.569999694824219,3,1,0,1,1,"Yahoo Finance",TRUE
2025-08-26,111802.65625,4600.4267578125,6465.93994140625,21544.26953125,14.6199998855591,0.0151251233395282,0.0507025916571386,0.00412547371011662,0.00441836527952688,-0.170000076293945,1,0,0,1,1,"Yahoo Finance",TRUE
2025-08-27,111222.0625,4503.39306640625,6481.39990234375,21590.140625,14.8500003814697,-0.00520655346926979,-0.0213179452224548,0.00238813045330311,0.00212689177276282,0.230000495910645,1,0,0,1,1,"Yahoo Finance",TRUE
2025-08-28,112544.8046875,4507.177734375,6501.85986328125,21705.16015625,14.4300003051758,0.0118226403333175,0.000840050708216467,0.00315174744146596,0.00531326955885802,-0.420000076293945,1,0,0,1,1,"Yahoo Finance",TRUE
2025-08-29,108410.8359375,4360.15283203125,6460.259765625,21455.55078125,15.3599996566772,-0.037423359714662,-0.0331640681503522,-0.00641874040279156,-0.011566637918996,0.929999351501465,1,0,0,1,1,"Yahoo Finance",TRUE
2025-09-02,111200.5859375,4325.36572265625,6415.5400390625,21279.630859375,17.1700000762939,0.0254076044920328,-0.00801041300420025,-0.00694635006103184,-0.00823307208840696,1.8100004196167,4,1,0,1,1,"Yahoo Finance",TRUE
2025-09-03,111723.2109375,4450.38916015625,6448.259765625,21497.73046875,16.3500003814697,0.00468883057640568,0.0284948471144055,0.00508711230294168,0.0101970524796844,-0.819999694824219,1,0,0,1,1,"Yahoo Finance",TRUE
2025-09-04,110723.6015625,4298.744140625,6502.080078125,21707.689453125,15.3000001907349,-0.00898746169776921,-0.0346686243531469,0.00831184710287403,0.00971918048811382,-1.05000019073486,1,0,0,1,1,"Yahoo Finance",TRUE
2025-09-05,110650.984375,4306.98876953125,6481.5,21700.390625,15.1800003051758,-0.00065605715124839,0.00191607885458112,-0.00317017266993602,-0.000336288920433248,-0.119999885559082,1,0,0,1,1,"Yahoo Finance",TRUE
2025-09-08,112071.4296875,4308.072265625,6495.14990234375,21798.69921875,15.1099996566772,0.0127554703242367,0.000251535327501884,0.00210376445088833,0.00452003761363784,-0.0700006484985352,3,1,0,1,1,"Yahoo Finance",TRUE
2025-09-09,111530.546875,4309.04150390625,6512.60986328125,21879.490234375,15.039999961853,-0.00483791669270062,0.000224956594809811,0.00268454703007315,0.00369937988615021,-0.0699996948242188,1,0,0,1,1,"Yahoo Finance",TRUE
2025-09-10,113955.359375,4349.14599609375,6532.0400390625,21886.060546875,15.3500003814697,0.0215082708918217,0.00926401259097176,0.00297902822939733,0.000300250422172965,0.310000419616699,1,0,0,1,1,"Yahoo Finance",TRUE
2025-09-11,115507.5390625,4461.2333984375,6587.47021484375,22043.0703125,14.710000038147,0.0135290138245718,0.0254457714451455,0.0084500876230944,0.00714835149882553,-0.640000343322754,1,0,0,1,1,"Yahoo Finance",TRUE
2025-09-12,116101.578125,4715.24609375,6584.2900390625,22141.099609375,14.7600002288818,0.00512968031934946,0.0553758339849288,-0.000482877881427868,0.00443731127667668,0.0500001907348633,1,0,0,1,1,"Yahoo Finance",TRUE
2025-09-15,115444.875,4526.8203125,6615.27978515625,22348.75,15.6899995803833,-0.00567233811569423,-0.0407813332548592,0.00469557772655982,0.00933479884996125,0.929999351501465,3,1,0,1,1,"Yahoo Finance",TRUE
2025-09-16,116843.1875,4503.564453125,6606.759765625,22333.9609375,16.3600006103516,0.0120396147406812,-0.00515059134038154,-0.00128876043333115,-0.000661959076776242,0.670001029968262,1,0,0,1,1,"Yahoo Finance",TRUE
2025-09-17,116468.5078125,4592.7333984375,6600.35009765625,22261.330078125,15.7200002670288,-0.0032118407874524,0.0196061745433909,-0.000970639078245128,-0.00325733600746325,-0.640000343322754,1,0,0,1,1,"Yahoo Finance",TRUE
2025-09-18,117137.203125,4589.9189453125,6631.9599609375,22470.720703125,15.6999998092651,0.00572500677512267,-0.000612993524695682,0.0047776878367074,0.00936206369857828,-0.0200004577636719,1,0,0,1,1,"Yahoo Finance",TRUE
2025-09-19,115688.859375,4470.9169921875,6664.35986328125,22631.48046875,15.4499998092651,-0.0124415833621789,-0.0262688336907217,0.00487352393748175,0.00712871843265539,-0.25,1,0,0,1,1,"Yahoo Finance",TRUE
2025-09-22,112748.5078125,4202.87744140625,6693.75,22788.98046875,16.1000003814697,-0.0257445968535919,-0.061824135443814,0.00440035071476252,0.00693522822212067,0.65000057220459,3,1,0,1,1,"Yahoo Finance",TRUE
2025-09-23,112014.5,4165.50390625,6656.919921875,22573.470703125,16.6399993896484,-0.00653141661524437,-0.00893214161372491,-0.00551735182873969,-0.0095017522848142,0.539999008178711,1,0,0,1,1,"Yahoo Finance",TRUE
2025-09-24,113328.6328125,4153.46923828125,6637.97021484375,22497.859375,16.1800003051758,0.0116635256971236,-0.00289330814154098,-0.00285067716529497,-0.00335518827269965,-0.459999084472656,1,0,0,1,1,"Yahoo Finance",TRUE
2025-09-25,109049.2890625,3868.333984375,6604.72021484375,22384.69921875,16.7399997711182,-0.0384918796436153,-0.0711200266948424,-0.00502164874252742,-0.00504251092502628,0.559999465942383,1,0,0,1,1,"Yahoo Finance",TRUE
2025-09-26,109712.828125,4035.88793945312,6643.7001953125,22484.0703125,15.289999961853,0.00606632543055774,0.0424024174978506,0.00588448913041439,0.00442941748827508,-1.44999980926514,1,0,0,1,1,"Yahoo Finance",TRUE
2025-09-29,114400.3828125,4217.341796875,6661.2099609375,22591.150390625,16.1200008392334,0.0418381265181136,0.0439786867635945,0.00263207725991244,0.00475118159767618,0.830000877380371,3,1,0,1,1,"Yahoo Finance",TRUE
2025-09-30,114056.0859375,4145.95751953125,6688.4599609375,22660.009765625,16.2800006866455,-0.00301411588423939,-0.0170712557922474,0.00408250361350859,0.00304343260649986,0.159999847412109,1,0,0,1,1,"Yahoo Finance",TRUE
2025-10-01,118648.9296875,4351.1123046875,6711.2001953125,22755.16015625,16.2900009155273,0.0394786527677944,0.0482977468135868,0.00339415417122346,0.00419025316920596,0.0100002288818359,1,0,0,1,1,"Yahoo Finance",TRUE
2025-10-02,120681.2578125,4487.923828125,6715.35009765625,22844.05078125,16.6299991607666,0.016983874858596,0.0309586810920877,0.00061816362138245,0.0038987840259086,0.339998245239258,1,0,0,1,1,"Yahoo Finance",TRUE
2025-10-03,122266.53125,4514.87060546875,6715.7900390625,22780.509765625,16.6499996185303,0.0130505072164251,0.0059863319139204,6.55106568672181e-05,-0.00278538821830487,0.0200004577636719,1,0,0,1,1,"Yahoo Finance",TRUE
2025-10-06,124752.53125,4687.771484375,6740.27978515625,22941.669921875,16.3700008392334,0.0201286808451524,0.0375807786387199,0.0036399592827614,0.0070495687114871,-0.279998779296875,3,1,0,1,1,"Yahoo Finance",TRUE
2025-10-07,121451.3828125,4451.15185546875,6714.58984375,22788.359375,17.2399997711182,-0.0268179837651985,-0.0517943996766874,-0.00381868770685223,-0.00670505239582297,0.869998931884766,1,0,0,1,1,"Yahoo Finance",TRUE
2025-10-08,123354.8671875,4527.64794921875,6753.72021484375,23043.380859375,16.2999992370605,0.0155512593053881,0.0170396815379714,0.00581074849418783,0.0111287118953811,-0.940000534057617,1,0,0,1,1,"Yahoo Finance",TRUE
2025-10-09,121705.5859375,4369.1435546875,6735.10986328125,23024.630859375,16.4300003051758,-0.0134604023670502,-0.0356355811560736,-0.00275937398027892,-0.000814013904044231,0.130001068115234,1,0,0,1,1,"Yahoo Finance",TRUE
2025-10-10,113214.3671875,3843.0087890625,6552.509765625,22204.4296875,21.6599998474121,-0.072321821846991,-0.128311408379593,-0.0274859754398999,-0.036272745400078,5.22999954223633,1,0,0,1,1,"Yahoo Finance",TRUE
2025-10-13,115271.078125,4245.4677734375,6654.72021484375,22694.609375,19.0300006866455,0.0180034792767803,0.0995964090589023,0.0154782630369343,0.0218356193726947,-2.6299991607666,3,1,0,1,1,"Yahoo Finance",TRUE
2025-10-14,113118.6640625,4125.412109375,6644.31005859375,22521.69921875,20.8099994659424,-0.0188491634455925,-0.0286860875711366,-0.00156555149694348,-0.0076481696310271,1.77999877929688,1,0,0,1,1,"Yahoo Finance",TRUE
2025-10-15,110783.1640625,3987.45947265625,6671.06005859375,22670.080078125,20.6399993896484,-0.0208625782908989,-0.034011615637338,0.00401791850342903,0.00656674266387469,-0.170000076293945,1,0,0,1,1,"Yahoo Finance",TRUE
2025-10-16,108186.0390625,3894.75439453125,6629.06982421875,22562.5390625,25.3099994659424,-0.0237224847831801,-0.0235236837305912,-0.00631428027514325,-0.00475502945865358,4.67000007629395,1,0,0,1,1,"Yahoo Finance",TRUE
2025-10-17,106467.7890625,3832.55883789062,6664.009765625,22679.970703125,20.7800006866455,-0.0160098398053492,-0.0160979367331446,0.00525687394452667,0.00519121971583836,-4.52999877929688,1,0,0,1,1,"Yahoo Finance",TRUE
2025-10-20,110588.9296875,3980.76025390625,6735.1298828125,22990.5390625,18.2299995422363,0.0379775015523141,0.0379401356256324,0.0106157241361444,0.0136005990854677,-2.55000114440918,3,1,0,1,1,"Yahoo Finance",TRUE
2025-10-21,108476.890625,3876.76416015625,6735.35009765625,22953.669921875,17.8700008392334,-0.0192828301734966,-0.0264719932842645,3.26959164169693e-05,-0.0016049530225537,-0.35999870300293,1,0,0,1,1,"Yahoo Finance",TRUE
2025-10-22,107688.5859375,3808.12231445312,6699.39990234375,22740.400390625,18.6000003814697,-0.00729356227081901,-0.0178645895343941,-0.00535183477474277,-0.00933473767751281,0.729999542236328,1,0,0,1,1,"Yahoo Finance",TRUE
2025-10-23,110069.7265625,3856.0263671875,6738.43994140625,22941.80078125,17.2999992370605,0.0218704444247777,0.0125009778831107,0.00581047986201355,0.0088175127440806,-1.30000114440918,1,0,0,1,1,"Yahoo Finance",TRUE
2025-10-24,111033.921875,3934.5673828125,6791.68994140625,23204.869140625,16.3700008392334,0.00872171428526336,0.020163720301495,0.00787136197524418,0.0114015251634374,-0.929998397827148,1,0,0,1,1,"Yahoo Finance",TRUE
2025-10-27,114119.328125,4120.1220703125,6875.16015625,23637.4609375,15.789999961853,0.0274088817820388,0.0460818566491614,0.0122151413273794,0.0184706480161321,-0.580000877380371,3,1,0,1,1,"Yahoo Finance",TRUE
2025-10-28,112956.1640625,3982.26245117188,6890.89013671875,23827.490234375,16.4200000762939,-0.0102448240868114,-0.034032678783861,0.00228533050223056,0.00800718456431504,0.630000114440918,1,0,0,1,1,"Yahoo Finance",TRUE
2025-10-29,110055.3046875,3903.35302734375,6890.58984375,23958.470703125,16.9200000762939,-0.0260168054657672,-0.0200141784925663,-4.35792047337458e-05,0.00548197814587503,0.5,1,0,0,1,1,"Yahoo Finance",TRUE
2025-10-30,108305.546875,3804.37524414062,6822.33984375,23581.140625,16.9099998474121,-0.0160266389546191,-0.0256841499230145,-0.00995419142453535,-0.0158746776278171,-0.0100002288818359,1,0,0,1,1,"Yahoo Finance",TRUE
2025-10-31,109556.1640625,3847.08032226562,6840.2001953125,23724.9609375,17.4400005340576,0.0114809611962858,0.0111627183081318,0.0026145009178844,0.0060804315238645,0.530000686645508,1,0,0,1,1,"Yahoo Finance",TRUE
2025-11-03,106547.5234375,3602.30810546875,6851.97021484375,23834.720703125,17.1700000762939,-0.0278462164951971,-0.0657397223204832,0.00171923399691742,0.00461567263290164,-0.270000457763672,3,1,0,1,1,"Yahoo Finance",TRUE
2025-11-04,101590.5234375,3292.57446289062,6771.5498046875,23348.640625,19,-0.0476408575376084,-0.0899050101356718,-0.0118062503923273,-0.0206046055821112,1.82999992370605,1,0,0,1,1,"Yahoo Finance",TRUE
2025-11-05,103891.8359375,3425.17114257812,6796.2900390625,23499.80078125,18.0100002288818,0.0224000613217488,0.0394816688100725,0.00364689767568827,0.00645317864510453,-0.989999771118164,1,0,0,1,1,"Yahoo Finance",TRUE
2025-11-06,101301.2890625,3312.2578125,6720.31982421875,23053.990234375,19.5,-0.02525118249185,-0.0335213636698555,-0.011241134514723,-0.0191530771396877,1.48999977111816,1,0,0,1,1,"Yahoo Finance",TRUE
2025-11-07,103372.40625,3435.30102539062,6728.7998046875,23004.5390625,19.0799999237061,0.0202389259687337,0.0364744811598161,0.00126104634749424,-0.00214731957930425,-0.420000076293945,1,0,0,1,1,"Yahoo Finance",TRUE
2025-11-10,105996.59375,3568.4599609375,6832.43017578125,23527.169921875,17.6000003814697,0.0250688968219421,0.0380295626363178,0.0152836267035017,0.0224643731906156,-1.47999954223633,3,1,0,1,1,"Yahoo Finance",TRUE
2025-11-11,102997.46875,3415.2822265625,6846.60986328125,23468.30078125,17.2800006866455,-0.0287025464768416,-0.0438739864099311,0.00207319995239175,-0.00250531255611186,-0.319999694824219,1,0,0,1,1,"Yahoo Finance",TRUE
2025-11-12,101663.1875,3413.09423828125,6850.919921875,23406.4609375,17.5100002288818,-0.0130391466426776,-0.000640851706814161,0.000629319125945216,-0.00263851494316825,0.229999542236328,1,0,0,1,1,"Yahoo Finance",TRUE
2025-11-13,99697.4921875,3232.75708007812,6737.490234375,22870.359375,20,-0.0195247429765857,-0.054283922809848,-0.0166954516309286,-0.0231703709644488,2.48999977111816,1,0,0,1,1,"Yahoo Finance",TRUE
2025-11-14,94397.7890625,3103.78564453125,6734.10986328125,22900.58984375,19.8299999237061,-0.0546228711365906,-0.0407128161836017,-0.000501851471272019,0.00132094586901665,-0.170000076293945,1,0,0,1,1,"Yahoo Finance",TRUE
2025-11-17,92093.875,3024.53881835938,6672.41015625,22708.0703125,22.3799991607666,-0.02470921467952,-0.0258639189984393,-0.009204497894304,-0.00844228591806129,2.54999923706055,3,1,0,1,1,"Yahoo Finance",TRUE
2025-11-18,92948.875,3122.97900390625,6617.31982421875,22432.849609375,24.6900005340576,0.00924117356330711,0.0320287321061965,-0.0082907098441698,-0.0121939966614892,2.31000137329102,1,0,0,1,1,"Yahoo Finance",TRUE
2025-11-19,91465.9921875,3023.07080078125,6642.16015625,22564.23046875,23.6599998474121,-0.01608237769981,-0.0325142190008236,0.0037468077372651,0.00583954481003701,-1.03000068664551,1,0,0,1,1,"Yahoo Finance",TRUE
2025-11-20,86631.8984375,2831.77758789062,6538.759765625,22078.05078125,26.4200000762939,-0.0542991431316118,-0.0653684988267083,-0.0156897261163156,-0.0217819921506521,2.76000022888184,1,0,0,1,1,"Yahoo Finance",TRUE
2025-11-21,85090.6875,2765.69921875,6602.990234375,22273.080078125,23.4300003051758,-0.0179504904722894,-0.02361115238579,0.00977510304159246,0.00879484018594034,-2.98999977111816,1,0,0,1,1,"Yahoo Finance",TRUE
2025-11-24,88270.5625,2952.71337890625,6705.1201171875,22872.009765625,20.5200004577637,0.0366890719961592,0.0654310520520891,0.0153488188990814,0.0265351041252355,-2.90999984741211,3,1,0,1,1,"Yahoo Finance",TRUE
2025-11-25,87341.890625,2957.93627929688,6765.8798828125,23025.58984375,18.5599994659424,-0.0105764769567536,0.00176728517237112,0.00902088600083317,0.00669231736005038,-1.96000099182129,1,0,0,1,1,"Yahoo Finance",TRUE
2025-11-26,90518.3671875,3027.81201171875,6812.60986328125,23214.689453125,17.1900005340576,0.0357225879133356,0.023348428095094,0.00688296943615008,0.00817904504163103,-1.36999893188477,1,0,0,1,1,"Yahoo Finance",TRUE
2025-11-28,90919.265625,3032.30444335938,6849.08984375,23365.689453125,16.3500003814697,0.00441913933407534,0.00148262248650077,0.00534048734113668,0.00648343927144879,-0.840000152587891,2,1,0,1,1,"Yahoo Finance",TRUE
2025-12-01,86321.5703125,2800.18896484375,6812.6298828125,23275.919921875,17.2399997711182,-0.0518924092541546,-0.0796359704701413,-0.00533754874605563,-0.00384933724624048,0.889999389648438,3,1,0,1,1,"Yahoo Finance",TRUE
2025-12-02,91350.203125,2997.93969726562,6829.3701171875,23413.669921875,16.5900001525879,0.0566209938703039,0.068238382808925,0.00245422119593641,0.00590069007434124,-0.649999618530273,1,0,0,1,1,"Yahoo Finance",TRUE
2025-12-03,93527.8046875,3191.57177734375,6849.72021484375,23454.08984375,16.0799999237061,0.0235582620118322,0.062588230463378,0.00297536052108605,0.00172485017838575,-0.510000228881836,1,0,0,1,1,"Yahoo Finance",TRUE
2025-12-04,92141.625,3134.31640625,6857.1201171875,23505.140625,15.7799997329712,-0.0149319728659325,-0.0181024175452986,0.00107973871197409,0.0021742605597197,-0.300000190734863,1,0,0,1,1,"Yahoo Finance",TRUE
2025-12-05,89387.7578125,3024.43286132812,6870.39990234375,23578.130859375,15.4099998474121,-0.0303430599756762,-0.0356875080281469,0.00193476888467892,0.00310047668927282,-0.369999885559082,1,0,0,1,1,"Yahoo Finance",TRUE
2025-12-08,90640.203125,3125.19799804688,6846.509765625,23545.900390625,16.6599998474121,0.0139141221432713,0.0327740505092073,-0.00348331533164803,-0.00136789968603068,1.25,3,1,0,1,1,"Yahoo Finance",TRUE
2025-12-09,92691.7109375,3321.11499023438,6840.509765625,23576.490234375,16.9300003051758,0.022381192698198,0.0608029264224186,-0.000876743161013493,0.00129831477737774,0.270000457763672,1,0,0,1,1,"Yahoo Finance",TRUE
2025-12-10,92020.9453125,3325.39013671875,6886.68017578125,23654.150390625,15.7700004577637,-0.00726283284663509,0.00128643459752098,0.00672688065914073,0.00328855273656359,-1.15999984741211,1,0,0,1,1,"Yahoo Finance",TRUE
2025-12-11,92511.3359375,3237.05688476562,6901,23593.859375,14.8500003814697,0.00531497010814697,-0.0269224534884867,0.0020771919837177,-0.00255210954486174,-0.920000076293945,1,0,0,1,1,"Yahoo Finance",TRUE
2025-12-12,90270.4140625,3084.17260742188,6827.41015625,23195.169921875,15.7399997711182,-0.0245214214521461,-0.0483811252686674,-0.010720913458556,-0.0170424182256834,0.889999389648438,1,0,0,1,1,"Yahoo Finance",TRUE
2025-12-15,86419.78125,2964.18310546875,6816.509765625,23057.41015625,16.5,-0.0435931669753717,-0.0396819408193405,-0.00159783889183629,-0.00595686436304099,0.760000228881836,3,1,0,1,1,"Yahoo Finance",TRUE
2025-12-16,87843.984375,2964.18090820312,6800.259765625,23111.4609375,16.4799995422363,0.0163457369350777,-7.41272168980345e-07,-0.00238676400844007,0.00234143935787223,-0.0200004577636719,1,0,0,1,1,"Yahoo Finance",TRUE
2025-12-17,86143.7578125,2831.40356445312,6721.43017578125,22693.3203125,17.6200008392334,-0.0195448330408539,-0.0458281928487585,-0.0116598566113701,-0.0182580171459481,1.14000129699707,1,0,0,1,1,"Yahoo Finance",TRUE
2025-12-18,85462.5078125,2827.06909179688,6774.759765625,23006.359375,16.8700008392334,-0.00793972849776914,-0.00153202949536446,0.00790295152047804,0.0137000504534477,-0.75,1,0,0,1,1,"Yahoo Finance",TRUE
2025-12-19,88103.3828125,2977.970703125,6834.5,23307.619140625,14.9099998474121,0.0304331549684083,0.0520015780613914,0.00877940742183014,0.0130096365850108,-1.96000099182129,1,0,0,1,1,"Yahoo Finance",TRUE
2025-12-22,88490.015625,3006.07373046875,6878.490234375,23428.830078125,14.0799999237061,0.00437879823018861,0.00939272235257427,0.00641587057556059,0.00518700976611441,-0.829999923706055,3,1,0,1,1,"Yahoo Finance",TRUE
2025-12-23,87414,2963.3740234375,6909.7900390625,23561.83984375,14,-0.012234274952954,-0.0143063268401749,0.00454006704678989,0.00566112894644455,-0.0799999237060547,1,0,0,1,1,"Yahoo Finance",TRUE
2025-12-24,87611.9609375,2945.59057617188,6932.0498046875,23613.310546875,13.4700002670288,0.00226207610406348,-0.00601915975546063,0.00321630434470066,0.00218211168898996,-0.529999732971191,1,0,0,1,1,"Yahoo Finance",TRUE
2025-12-26,87301.4296875,2925.74560546875,6929.93994140625,23593.099609375,13.6000003814697,-0.00355068957430404,-0.00675997614883084,-0.00030440987710989,-0.000856279419171102,0.130000114440918,2,1,0,1,1,"Yahoo Finance",TRUE
2025-12-29,87138.140625,2934.53833007812,6905.740234375,23474.349609375,14.1999998092651,-0.00187215675779484,0.00300078675507276,-0.00349816292393612,-0.00504596080458697,0.59999942779541,3,1,0,1,1,"Yahoo Finance",TRUE
2025-12-30,88430.1328125,2971.41674804688,6896.240234375,23419.080078125,14.3299999237061,0.0147180978087906,0.0124887158133866,-0.00137661425065438,-0.00235724097003853,0.130000114440918,1,0,0,1,1,"Yahoo Finance",TRUE
2025-12-31,87508.828125,2967.03759765625,6845.5,23241.990234375,14.9499998092651,-0.0104730993492996,-0.00147484544949883,-0.00738486743424893,-0.00759051144041578,0.619999885559082,1,0,0,1,1,"Yahoo Finance",TRUE
2026-01-02,89944.6953125,3124.42260742188,6858.47021484375,23235.630859375,14.5100002288818,0.0274553037907452,0.0516854873202357,0.0018929140261168,-0.000273653207287339,-0.439999580383301,2,1,0,1,1,"Yahoo Finance",TRUE
2026-01-05,93882.5546875,3226.13037109375,6902.0498046875,23395.8203125,14.8999996185303,0.0428495979561188,0.0320338910086626,0.00633402451105169,0.00687047386357875,0.389999389648438,3,1,0,1,1,"Yahoo Finance",TRUE
2026-01-06,93729.03125,3295.94677734375,6944.81982421875,23547.169921875,14.75,-0.00163660971149859,0.0214100727655335,0.00617759200389223,0.0064482527868357,-0.149999618530273,1,0,0,1,1,"Yahoo Finance",TRUE
2026-01-07,91308.0546875,3166.84399414062,6920.93017578125,23584.279296875,15.3800001144409,-0.0261689672501522,-0.0399579577460702,-0.00344585357100868,0.00157471850679691,0.630000114440918,1,0,0,1,1,"Yahoo Finance",TRUE
2026-01-08,91027.125,3104.38256835938,6921.4599609375,23480.01953125,15.4499998092651,-0.00308146689275546,-0.0199206616781407,7.65453294224727e-05,-0.00443053179455433,0.0699996948242188,1,0,0,1,1,"Yahoo Finance",TRUE
2026-01-09,90513.1015625,3083.04711914062,6966.27978515625,23671.349609375,14.4899997711182,-0.00566293014950681,-0.00689641251913642,0.00645461113832013,0.00811561283351203,-0.960000038146973,1,0,0,1,1,"Yahoo Finance",TRUE
2026-01-12,91192.9921875,3092.3251953125,6977.27001953125,23733.900390625,15.1199998855591,0.0074834452042758,0.00300486600016114,0.00157639005918142,0.0026389827097848,0.630000114440918,3,1,0,1,1,"Yahoo Finance",TRUE
2026-01-13,95321.78125,3322.09545898438,6963.740234375,23709.869140625,15.9799995422363,0.0442802850314781,0.0716724478508048,-0.00194100558820764,-0.00101304142957481,0.859999656677246,1,0,0,1,1,"Yahoo Finance",TRUE
2026-01-14,96929.328125,3354.72265625,6926.60009765625,23471.75,16.75,0.0167237978218786,0.00977335503541354,-0.00534763358413493,-0.0100938105427364,0.770000457763672,1,0,0,1,1,"Yahoo Finance",TRUE
2026-01-15,95551.1875,3317.10131835938,6944.47021484375,23530.01953125,15.8400001525879,-0.0143200382747555,-0.0112777965317097,0.00257660392044379,0.00247946244080843,-0.909999847412109,1,0,0,1,1,"Yahoo Finance",TRUE
2026-01-16,95525.1171875,3295.48217773438,6940.009765625,23515.390625,15.8599996566772,-0.000272878551889733,-0.00653881124278044,-0.000642508668450503,-0.000621905800073819,0.0199995040893555,1,0,0,1,1,"Yahoo Finance",TRUE
2026-01-20,88310.90625,2935.60571289062,6796.85986328125,22954.3203125,20.0900001525879,-0.0785256065325353,-0.115638685675388,-0.0208424609532614,-0.0241489592955997,4.23000049591064,4,1,0,1,1,"Yahoo Finance",TRUE
2026-01-21,89376.9609375,2978.90112304688,6875.6201171875,23224.8203125,16.8999996185303,0.0119993277601491,0.0146406740972171,0.0115211176335599,0.0117153801555681,-3.19000053405762,1,0,0,1,1,"Yahoo Finance",TRUE
2026-01-22,89462.453125,2949.63330078125,6913.35009765625,23436.01953125,15.6400003433228,0.000956077769103558,-0.0098736240513313,0.00547250070790284,0.0090525872126701,-1.25999927520752,1,0,0,1,1,"Yahoo Finance",TRUE
2026-01-23,89503.875,2953.25634765625,6915.60986328125,23501.240234375,16.0900001525879,0.000462901330921639,0.00122755041877376,0.000326816427481447,0.00277906061949906,0.449999809265137,1,0,0,1,1,"Yahoo Finance",TRUE
2026-01-26,88267.140625,2926.45703125,6950.22998046875,23601.359375,16.1499996185303,-0.0139140154340396,-0.00911592122413563,0.00499359426015999,0.00425111531994027,0.0599994659423828,3,1,0,1,1,"Yahoo Finance",TRUE
2026-01-27,89102.5703125,3022.2109375,6978.60009765625,23817.099609375,16.3500003814697,0.00942027656458144,0.0321961750433521,0.00407358784044121,0.00909948267455007,0.200000762939453,1,0,0,1,1,"Yahoo Finance",TRUE
2026-01-28,89184.5703125,3006.607421875,6978.02978515625,23857.44921875,16.3500003814697,0.000919864500541934,-0.00517632130719647,-8.1726391700343e-05,0.00169271110062752,0,1,0,0,1,1,"Yahoo Finance",TRUE
2026-01-29,84561.5859375,2818.23266601562,6969.009765625,23685.119140625,16.8799991607666,-0.0532279495040839,-0.0647023664323783,-0.00129346744246206,-0.00724953820614793,0.529998779296875,1,0,0,1,1,"Yahoo Finance",TRUE
2026-01-30,84128.65625,2702.37524414062,6939.02978515625,23461.8203125,17.4400005340576,-0.00513284742954845,-0.0419788679682718,-0.00431117941445791,-0.00947253418394567,0.560001373291016,1,0,0,1,1,"Yahoo Finance",TRUE
2026-02-02,78688.765625,2344.35668945312,6976.43994140625,23592.109375,16.3400001525879,-0.0668468532613762,-0.142120074929181,0.00537678527736318,0.0055378752142996,-1.10000038146973,3,1,0,1,1,"Yahoo Finance",TRUE
2026-02-03,75633.546875,2227.55883789062,6917.81005859375,23255.189453125,18,-0.0396004693749781,-0.0511047370755371,-0.00843949559066282,-0.0143839981953011,1.65999984741211,1,0,0,1,1,"Yahoo Finance",TRUE
2026-02-04,73019.703125,2143.50415039062,6882.72021484375,22904.580078125,18.6399993896484,-0.0351706159417589,-0.0384643510086562,-0.00508530015501485,-0.0151914154386361,0.639999389648438,1,0,0,1,1,"Yahoo Finance",TRUE
2026-02-05,62702.09765625,1821.68310546875,6798.39990234375,22540.58984375,21.7700004577637,-0.152334408030447,-0.162681086357363,-0.0123266778538316,-0.0160192169489708,3.13000106811523,1,0,0,1,1,"Yahoo Finance",TRUE
2026-02-06,70555.390625,2063.38696289062,6932.2998046875,23031.2109375,20.3700008392334,0.118003181433476,0.124587932433777,0.0195043442822005,0.0215326162982628,-1.39999961853027,1,0,0,1,1,"Yahoo Finance",TRUE
2026-02-09,70120.78125,2103.56762695312,6964.81982421875,23238.669921875,17.3600006103516,-0.00617888234997288,0.0192859838612662,0.00468011786012212,0.00896740474551549,-3.01000022888184,3,1,0,1,1,"Yahoo Finance",TRUE
2026-02-10,68793.9609375,2019.49743652344,6941.81005859375,23102.470703125,17.7900009155273,-0.0191032375898974,-0.0407860866012557,-0.00330918228450905,-0.00587812941504851,0.430000305175781,1,0,0,1,1,"Yahoo Finance",TRUE
2026-02-11,66991.96875,1940.62133789062,6941.47021484375,23066.470703125,17.6499996185303,-0.0265432212123748,-0.0398404875978917,-4.89572699500229e-05,-0.00155949026334667,-0.14000129699707,1,0,0,1,1,"Yahoo Finance",TRUE
2026-02-12,66221.84375,1946.94067382812,6832.759765625,22597.150390625,20.8199996948242,-0.0115623682748343,0.00325105630953182,-0.0157849413861175,-0.0205562689721965,3.17000007629395,1,0,0,1,1,"Yahoo Finance",TRUE
2026-02-13,68857.84375,2048.52734375,6836.169921875,22546.669921875,20.6000003814697,0.0390337693571556,0.0508619107271358,0.000498964644446431,-0.00223642967922899,-0.219999313354492,1,0,0,1,1,"Yahoo Finance",TRUE
2026-02-17,67494.21875,1992.1943359375,6843.22021484375,22578.380859375,20.2900009155273,-0.0200021978230662,-0.0278844534918283,0.00103079063065614,0.00140546956384568,-0.309999465942383,4,1,0,1,1,"Yahoo Finance",TRUE
2026-02-18,66425.3203125,1953.97412109375,6881.31005859375,22753.630859375,19.6200008392334,-0.015963632260215,-0.0193714031392416,0.00555063682113577,0.00773188157422133,-0.670000076293945,1,0,0,1,1,"Yahoo Finance",TRUE
2026-02-19,66957.5234375,1948.20104980469,6861.89013671875,22682.73046875,20.2299995422363,0.00798012599470432,-0.00295890125286924,-0.00282611539153521,-0.00312086822531299,0.60999870300293,1,0,0,1,1,"Yahoo Finance",TRUE
2026-02-20,68005.421875,1969.02233886719,6909.509765625,22886.0703125,19.0900001525879,0.0155289956566325,0.0106307366647904,0.00691575570217395,0.0089245795324171,-1.13999938964844,1,0,0,1,1,"Yahoo Finance",TRUE
2026-02-23,64616.73828125,1855.50280761719,6837.75,22627.26953125,21.0100002288818,-0.0511139517062897,-0.0593814302283695,-0.010439959471455,-0.0113726468552269,1.92000007629395,3,1,0,1,1,"Yahoo Finance",TRUE
2026-02-24,64080.04296875,1852.96948242188,6890.06982421875,22863.6796875,19.5499992370605,-0.00834051043874418,-0.00136623676341152,0.00762248896238304,0.0103938162916624,-1.46000099182129,1,0,0,1,1,"Yahoo Finance",TRUE
2026-02-25,67960.125,2054.6279296875,6946.1298828125,23152.080078125,17.9300003051758,0.0587881628108722,0.103305297556053,0.00810343397012936,0.0125350170622571,-1.61999893188477,1,0,0,1,1,"Yahoo Finance",TRUE
2026-02-26,67453.7734375,2026.79260253906,6908.85986328125,22878.380859375,18.6299991607666,-0.00747861081240053,-0.0136402306523085,-0.00538002699556728,-0.0118922313107888,0.69999885559082,1,0,0,1,1,"Yahoo Finance",TRUE
2026-02-27,65881.796875,1930.76184082031,6878.8798828125,22668.2109375,19.8600006103516,-0.0235803453997576,-0.0485398835848203,-0.00434879512803654,-0.00922885358894376,1.23000144958496,1,0,0,1,1,"Yahoo Finance",TRUE
2026-03-02,68775.8515625,2027.26892089844,6881.6201171875,22748.859375,21.4400005340576,0.042990508687998,0.0487748668769159,0.000398275413134641,0.00355146299453324,1.57999992370605,3,1,0,1,1,"Yahoo Finance",TRUE
2026-03-03,68293.6484375,1982.76892089844,6816.6298828125,22516.689453125,23.5699996948242,-0.00703592140125409,-0.0221952153909646,-0.0094889087313117,-0.0102582190579508,2.1299991607666,1,0,0,1,1,"Yahoo Finance",TRUE
2026-03-04,72710.578125,2126.50537109375,6869.5,22807.48046875,21.1499996185303,0.0626701105436229,0.0699856488077346,0.00772612574014886,0.0128317851655968,-2.42000007629395,1,0,0,1,1,"Yahoo Finance",TRUE
2026-03-05,70841.125,2071.60546875,6830.7099609375,22748.990234375,23.75,-0.0260471840906877,-0.0261560660671298,-0.00566270777270361,-0.0025678137753431,2.60000038146973,1,0,0,1,1,"Yahoo Finance",TRUE
2026-03-06,68136.4921875,1978.75122070312,6740.02001953125,22387.6796875,29.4899997711182,-0.0389267622298544,-0.0458579463127649,-0.0133657204324962,-0.0160099655127617,5.73999977111816,1,0,0,1,1,"Yahoo Finance",TRUE
2026-03-09,68402.3828125,1992.93823242188,6795.990234375,22695.94921875,25.5,0.00389472904483767,0.00714409936932281,0.00826987166538906,0.0136756664533682,-3.98999977111816,3,1,0,1,1,"Yahoo Finance",TRUE
2026-03-10,69926.921875,2037.12048339844,6781.47998046875,22697.099609375,24.9300003051758,0.0220430630536832,0.0219272344781238,-0.00213740250588756,5.06857615842904e-05,-0.569999694824219,1,0,0,1,1,"Yahoo Finance",TRUE
2026-03-11,70204.8828125,2051.5732421875,6775.7998046875,22716.130859375,24.2299995422363,0.00396714083102445,0.00706965106937218,-0.000837952185635871,0.000838136856490479,-0.700000762939453,1,0,0,1,1,"Yahoo Finance",TRUE
2026-03-12,70493.4609375,2073.13623046875,6672.6201171875,22311.98046875,27.2900009155273,0.00410208851035776,0.0104556138377321,-0.0153448081894929,-0.0179515077133381,3.06000137329102,1,0,0,1,1,"Yahoo Finance",TRUE
2026-03-13,70968.265625,2092.5634765625,6632.18994140625,22105.359375,27.1900005340576,0.00671286123854387,0.00932731032254352,-0.00607754639850278,-0.0093036901749759,-0.100000381469727,1,0,0,1,1,"Yahoo Finance",TRUE
2026-03-16,74861.0859375,2351.17602539062,6699.3798828125,22374.1796875,23.5100002288818,0.0534013945206606,0.116525781119821,0.0100799097468194,0.0120875166976049,-3.68000030517578,3,1,0,1,1,"Yahoo Finance",TRUE
2026-03-17,73922.4765625,2318.05346679688,6716.08984375,22479.529296875,22.3700008392334,-0.0126172785632779,-0.0141878287469073,0.00249114938495332,0.00469748457748231,-1.13999938964844,1,0,0,1,1,"Yahoo Finance",TRUE
2026-03-18,71245.578125,2203.67163085938,6624.7001953125,22152.419921875,25.0900001525879,-0.0368841742334176,-0.0506029181915633,-0.0137009993837314,-0.0146583439796117,2.71999931335449,1,0,0,1,1,"Yahoo Finance",TRUE
2026-03-19,69912.7890625,2137.423828125,6606.490234375,22090.689453125,24.0599994659424,-0.0188841610476285,-0.0305236071486403,-0.00275258262389855,-0.00279051403392749,-1.03000068664551,1,0,0,1,1,"Yahoo Finance",TRUE
2026-03-20,70522.5859375,2146.4970703125,6506.47998046875,21647.609375,26.7800006866455,0.00868443164744903,0.00423595858543102,-0.0152539343077702,-0.0202612011680809,2.72000122070312,1,0,0,1,1,"Yahoo Finance",TRUE
2026-03-23,70914.859375,2152.14599609375,6581,21946.759765625,26.1499996185303,0.00554696731759563,0.00262823823504821,0.0113881090950727,0.0137244828727692,-0.630001068115234,3,1,0,1,1,"Yahoo Finance",TRUE
2026-03-24,70517.859375,2155.70434570312,6556.3701171875,21761.890625,26.9500007629395,-0.00561399153169617,0.00165203065860453,-0.00374959545932008,-0.00845920619280527,0.80000114440918,1,0,0,1,1,"Yahoo Finance",TRUE
2026-03-25,71309.8828125,2168.021484375,6591.89990234375,21929.8203125,25.3299999237061,0.0111689244808133,0.00569748058739084,0.00540449375994889,0.00768706515827411,-1.6200008392334,1,0,0,1,1,"Yahoo Finance",TRUE
2026-03-26,68791.625,2059.57836914062,6477.16015625,21408.080078125,27.4400005340576,-0.0359529188074159,-0.051313706617151,-0.0175594409612092,-0.0240789442028415,2.11000061035156,1,0,0,1,1,"Yahoo Finance",TRUE
2026-03-27,66338.375,1991.27197265625,6368.85009765625,20948.359375,31.0499992370605,-0.0363134696852079,-0.0337276698924533,-0.0168632319460507,-0.0217080926631379,3.60999870300293,1,0,0,1,1,"Yahoo Finance",TRUE
2026-03-30,66691.4453125,2023.51489257812,6343.72021484375,20794.640625,30.6100006103516,0.00530815031837051,0.0160624283322193,-0.00395355383335705,-0.00736504059876353,-0.439998626708984,3,1,0,1,1,"Yahoo Finance",TRUE
2026-03-31,68233.3125,2104.70825195312,6528.52001953125,21590.630859375,25.25,0.022856210162578,0.0393408147638521,0.0287148933098003,0.0375641728331004,-5.36000061035156,1,0,0,1,1,"Yahoo Finance",TRUE
2026-04-01,68078.5546875,2138.73706054688,6575.31982421875,21840.94921875,24.5400009155273,-0.00227064425402013,0.0160386363168277,0.00714294500375878,0.0115271482490851,-0.709999084472656,1,0,0,1,1,"Yahoo Finance",TRUE
2026-04-02,66888.5703125,2056.8525390625,6582.68994140625,21879.1796875,23.8700008392334,-0.0176341492288756,-0.0390385754759661,0.00112024813623712,0.00174887309120919,-0.670000076293945,1,0,0,1,1,"Yahoo Finance",TRUE
2026-04-06,68859.828125,2107.76147460938,6611.830078125,21996.33984375,24.1700000762939,0.0290448567095467,0.0244495510918536,0.00441701313160436,0.0053405833581035,0.299999237060547,4,1,0,1,1,"Yahoo Finance",TRUE
2026-04-07,71940.703125,2241.806640625,6616.85009765625,22017.849609375,25.7800006866455,0.0437692500886513,0.061655604970329,0.00075896003312792,0.000977401497319619,1.61000061035156,1,0,0,1,1,"Yahoo Finance",TRUE
2026-04-08,71123.359375,2190.33544921875,6782.81005859375,22634.990234375,21.0400009155273,-0.0114263865929018,-0.0232273715270308,0.0247720383571846,0.0276434791728342,-4.73999977111816,1,0,0,1,1,"Yahoo Finance",TRUE
2026-04-09,71767.828125,2189.14404296875,6824.66015625,22822.419921875,19.4899997711182,0.00902047398791339,-0.000544085789882409,0.0061510668695135,0.00824643326635943,-1.55000114440918,1,0,0,1,1,"Yahoo Finance",TRUE
2026-04-10,72979.046875,2245.14868164062,6816.89013671875,22902.890625,19.2299995422363,0.0167360714535274,0.0252611274355674,-0.0011391696991403,0.00351974804498312,-0.260000228881836,1,0,0,1,1,"Yahoo Finance",TRUE
2026-04-13,74484.640625,2370.71484375,6886.240234375,23183.740234375,19.1200008392334,0.0204205671849156,0.0544197846002321,0.0101218754937413,0.012188050234089,-0.10999870300293,3,1,0,1,1,"Yahoo Finance",TRUE
2026-04-14,74181.609375,2323.30859375,6967.3798828125,23639.080078125,18.3600006103516,-0.00407667065899631,-0.0201992437703371,0.0117139889161439,0.0194500970017195,-0.760000228881836,1,0,0,1,1,"Yahoo Finance",TRUE
2026-04-15,74805.078125,2359.43701171875,7022.9501953125,24016.01953125,18.1700000762939,0.00836950468372777,0.015430748489015,0.00794414491156559,0.0158198101548486,-0.190000534057617,1,0,0,1,1,"Yahoo Finance",TRUE
2026-04-16,75152.1328125,2348.64501953125,7041.27978515625,24102.69921875,17.9400005340576,0.00462872448707152,-0.00458446179034144,0.00260655581528546,0.00360274685231232,-0.229999542236328,1,0,0,1,1,"Yahoo Finance",TRUE
2026-04-17,77126.875,2421.07177734375,7126.06005859375,24468.48046875,17.4799995422363,0.0259372965784035,0.0303717508925754,0.0119685539287371,0.0150619428017382,-0.460000991821289,1,0,0,1,1,"Yahoo Finance",TRUE
2026-04-20,75872.5234375,2315.21240234375,7109.14013671875,24404.390625,18.8700008392334,-0.0163971842991693,-0.0447088915228315,-0.00237719591025076,-0.00262271804595571,1.39000129699707,3,1,0,1,1,"Yahoo Finance",TRUE
2026-04-21,76352.7734375,2327.97045898438,7064.009765625,24259.9609375,19.5,0.00630974750194646,0.00549540654713621,-0.00636845358085303,-0.00593576640493154,0.629999160766602,1,0,0,1,1,"Yahoo Finance",TRUE
2026-04-22,78203.1015625,2376.08813476562,7137.89990234375,24657.5703125,18.9200000762939,0.023944952373343,0.0204586542200396,0.0104057560115365,0.0162566720545563,-0.579999923706055,1,0,0,1,1,"Yahoo Finance",TRUE
2026-04-23,78268.953125,2331.51391601562,7108.39990234375,24438.5,19.3099994659424,0.000841703862318965,-0.0189376886242059,-0.00414143217093965,-0.00892420778393799,0.389999389648438,1,0,0,1,1,"Yahoo Finance",TRUE
2026-04-24,77455.3125,2315.69018554688,7165.080078125,24836.599609375,18.7099990844727,-0.0104498554007009,-0.00681002653506635,0.0079420679176323,0.0161585983381975,-0.600000381469727,1,0,0,1,1,"Yahoo Finance",TRUE
2026-04-27,77366.625,2303.06396484375,7173.91015625,24887.099609375,18.0200004577637,-0.00114567109975106,-0.00546738438297911,0.00123161800055094,0.0020312252771415,-0.689998626708984,3,1,0,1,1,"Yahoo Finance",TRUE
2026-04-28,76350.671875,2289.41967773438,7138.7998046875,24663.80078125,17.8299999237061,-0.0132186544907373,-0.005942025412355,-0.00490618786879615,-0.00901296799761298,-0.190000534057617,1,0,0,1,1,"Yahoo Finance",TRUE
2026-04-29,75776.1328125,2253.41577148438,7135.9501953125,24673.240234375,18.8099994659424,-0.00755345904174121,-0.0158511839185902,-0.000399251743512963,0.000382651778293663,0.979999542236328,1,0,0,1,1,"Yahoo Finance",TRUE
2026-04-30,76304.3203125,2256.25122070312,7209.009765625,24892.310546875,16.8899993896484,0.00694618687513504,0.00125749843494205,0.0101861841681057,0.00883967737899027,-1.92000007629395,1,0,0,1,1,"Yahoo Finance",TRUE
2026-05-01,78179,2295.09375,7230.1201171875,25114.439453125,16.9899997711182,0.0242715098940351,0.0170690082206217,0.00292404968652171,0.00888401534680305,0.100000381469727,1,0,0,1,1,"Yahoo Finance",TRUE
2026-05-04,79827.90625,2346.39697265625,7200.75,25067.80078125,18.2900009155273,0.0208720764172252,0.0221072561210152,-0.00407046248784226,-0.00185877254922673,1.30000114440918,3,1,0,1,1,"Yahoo Finance",TRUE
2026-05-05,80927.0546875,2361.1826171875,7259.22021484375,25326.130859375,17.3799991607666,0.0136750438065238,0.00628165402969749,0.00808722738057632,0.0102525178153687,-0.910001754760742,1,0,0,1,1,"Yahoo Finance",TRUE
2026-05-06,81427.53125,2350.80200195312,7365.1201171875,25838.939453125,17.3899993896484,0.00616524805727359,-0.00440605514106363,0.0144829443277459,0.0200459322239777,0.0100002288818359,1,0,0,1,1,"Yahoo Finance",TRUE
2026-05-07,80009.9921875,2291.10766601562,7337.10986328125,25806.19921875,17.0799999237061,-0.0175619083509027,-0.0257211497884926,-0.00381034548267856,-0.00126789237488367,-0.309999465942383,1,0,0,1,1,"Yahoo Finance",TRUE
2026-05-08,80186.765625,2306.97216796875,7398.93017578125,26247.080078125,17.1900005340576,0.00220695489302081,0.00690051738017683,0.00839040542903291,0.0169400048699835,0.110000610351562,1,0,0,1,1,"Yahoo Finance",TRUE
2026-05-11,81728.296875,2339.36083984375,7412.83984375,26274.130859375,18.3799991607666,0.01904180876849,0.0139418317399826,0.0018781917406745,0.00103008986880049,1.18999862670898,3,1,0,1,1,"Yahoo Finance",TRUE
2026-05-12,80477.4921875,2274.6435546875,7400.9599609375,26088.19921875,17.9899997711182,-0.0154227477056672,-0.0280543858235065,-0.00160389441140829,-0.00710176272914609,-0.389999389648438,1,0,0,1,1,"Yahoo Finance",TRUE
2026-05-13,79277.1171875,2257.57641601562,7444.25,26402.33984375,17.8700008392334,-0.0150280182312361,-0.00753150529227575,0.00583220606299584,0.0119695617987468,-0.119998931884766,1,0,0,1,1,"Yahoo Finance",TRUE
2026-05-14,81051.25,2280.93481445312,7501.240234375,26635.220703125,17.2600002288818,0.0221321436988227,0.0102935096988892,0.00762644914373922,0.00878178987178835,-0.610000610351562,1,0,0,1,1,"Yahoo Finance",TRUE
2026-05-15,79065.6796875,2223.32885742188,7408.5,26225.140625,18.4300003051758,-0.0248027751369673,-0.0255798071719919,-0.0124403817877301,-0.015515910023943,1.17000007629395,1,0,0,1,1,"Yahoo Finance",TRUE
2026-05-18,76954.171875,2128.51611328125,7403.0498046875,26090.73046875,17.8199996948242,-0.02706882128955,-0.0435804815944625,-0.000735938592566043,-0.00513841972540163,-0.610000610351562,3,1,0,1,1,"Yahoo Finance",TRUE
2026-05-19,76750.90625,2109.9638671875,7353.60986328125,25870.7109375,18.0599994659424,-0.0026448799997123,-0.00875425372369332,-0.0067007205566707,-0.00846861981622915,0.239999771118164,1,0,0,1,1,"Yahoo Finance",TRUE
2026-05-20,77457.7734375,2126.9833984375,7432.97021484375,26270.359375,17.4400005340576,0.00916773478361499,0.00803390824800676,0.0107342080663262,0.0153298066810539,-0.619998931884766,1,0,0,1,1,"Yahoo Finance",TRUE
2026-05-21,77539.171875,2131.41064453125,7445.72021484375,26293.099609375,16.7600002288818,0.00105032321532583,0.00207930390855271,0.00171386093166603,0.000865248833813226,-0.680000305175781,1,0,0,1,1,"Yahoo Finance",TRUE
2026-05-22,75488.2421875,2064.63696289062,7473.47021484375,26343.970703125,16.7000007629395,-0.0268063407026222,-0.0318296288802973,0.00372004528434111,0.00193290049337058,-0.0599994659423828,1,0,0,1,1,"Yahoo Finance",TRUE
2026-05-26,75825.734375,2070.85815429688,7519.1201171875,26656.1796875,17.0100002288818,0.00446082714647567,0.00300868259925391,0.00608968062314652,0.011781573955,0.309999465942383,4,1,0,1,1,"Yahoo Finance",TRUE
2026-05-27,74344.703125,2022.1982421875,7520.35986328125,26674.73046875,16.2900009155273,-0.0197253107241089,-0.0237779302438845,0.00016486555361972,0.000695685933122192,-0.719999313354492,1,0,0,1,1,"Yahoo Finance",TRUE
2026-05-28,73536.5546875,2007.552734375,7563.6298828125,26917.470703125,15.7399997711182,-0.0109298026618863,-0.00726872324357775,0.00573722721221692,0.00905885143957086,-0.55000114440918,1,0,0,1,1,"Yahoo Finance",TRUE
2026-05-29,73372.5234375,2011.978515625,7580.06005859375,26972.619140625,15.3199996948242,-0.00223309982280995,0.00220213888797982,0.00216990473148648,0.00204670123621042,-0.420000076293945,1,0,0,1,1,"Yahoo Finance",TRUE
2026-06-01,71319.7734375,2003.22119140625,7599.9599609375,27086.810546875,16.0499992370605,-0.0283759091628681,-0.00436209341692528,0.00262185606049137,0.00422466817533973,0.729999542236328,3,1,0,1,1,"Yahoo Finance",TRUE
2026-06-02,66703.65625,1857.71630859375,7609.77978515625,27093.900390625,15.7700004577637,-0.0669138485252585,-0.0754085383512759,0.00129125491258897,0.000261710991525277,-0.279998779296875,1,0,0,1,1,"Yahoo Finance",TRUE
2026-06-03,64014.3671875,1811.73229980469,7553.68017578125,26853.98046875,16.0599994659424,-0.0411522222901919,-0.025064483001584,-0.0073993488920685,-0.00889456637737496,0.289999008178711,1,0,0,1,1,"Yahoo Finance",TRUE
2026-06-04,63801.57421875,1769.58056640625,7584.31005859375,26830.9609375,15.3999996185303,-0.00332968114943633,-0.0235409089196175,0.00404676236918711,-0.000857578757013755,-0.659999847412109,1,0,0,1,1,"Yahoo Finance",TRUE
2026-06-05,60922.66796875,1580.86083984375,7383.740234375,25709.4296875,21.5100002288818,-0.0461725426252126,-0.112773016358158,-0.0268013303153598,-0.0426986410655008,6.11000061035156,1,0,0,1,1,"Yahoo Finance",TRUE
2026-06-08,63090.58984375,1690.14855957031,7405.72998046875,25929.66015625,18.9200000762939,0.0349663058859537,0.0668468961286148,0.00297370520766016,0.00852965475007039,-2.59000015258789,3,1,0,1,1,"Yahoo Finance",TRUE
2026-06-09,61643.78125,1637.70666503906,7386.64990234375,25678.8203125,19.8700008392334,-0.0231992749169727,-0.0315195419215524,-0.00257971859262085,-0.00972095348548407,0.950000762939453,1,0,0,1,1,"Yahoo Finance",TRUE
2026-06-10,61449.2890625,1620.1376953125,7266.990234375,25169.5,22.2199993133545,-0.00316008608540663,-0.0107857454824707,-0.0163320958682061,-0.0200335957484583,2.34999847412109,1,0,0,1,1,"Yahoo Finance",TRUE
2026-06-11,63561.0546875,1672.28063964844,7394.2998046875,25809.66015625,19.4400005340576,0.0337886685240658,0.0316772045187941,0.0173671989134636,0.0251159024776424,-2.77999877929688,1,0,0,1,1,"Yahoo Finance",TRUE
2026-06-12,63543.19921875,1665.12780761719,7431.4599609375,25888.83984375,17.6800003051758,-0.000280957848675101,-0.00428646543946787,0.00501292812716159,0.00306313527125823,-1.76000022888184,1,0,0,1,1,"Yahoo Finance",TRUE
2026-06-15,66289.5,1794.96118164062,7554.2900390625,26683.939453125,16.2000007629395,0.0423115363539051,0.0750815140613996,0.0163932841385819,0.0302498840314929,-1.47999954223633,3,1,0,1,1,"Yahoo Finance",TRUE
2026-06-16,65600.640625,1790.39819335938,7511.35009765625,26376.33984375,16.4099998474121,-0.0104460520817167,-0.00254534637538395,-0.00570039603927341,-0.0115944755427542,0.209999084472656,1,0,0,1,1,"Yahoo Finance",TRUE
2026-06-17,64418.4453125,1747.88549804688,7420.10009765625,26021.66015625,18.4400005340576,-0.0181854515308633,-0.024031278966083,-0.0122226756033594,-0.0135381161358055,2.03000068664551,1,0,0,1,1,"Yahoo Finance",TRUE
2026-06-18,62896.47265625,1709.53344726562,7500.580078125,26517.9296875,16.3999996185303,-0.0239099264595435,-0.0221862751067947,0.0107878139629261,0.0188918220549503,-2.04000091552734,1,0,0,1,1,"Yahoo Finance",TRUE
2026-06-22,63952.10546875,1726.51086425781,7472.7900390625,26166.599609375,17.2800006866455,0.0166443676167631,0.00988203504552487,-0.00371193268497727,-0.0133373227702194,0.880001068115234,4,1,0,1,1,"Yahoo Finance",TRUE
2026-06-23,62668.01953125,1665.43676757812,7365.4599609375,25587.0390625,19.4899997711182,-0.0202831889602724,-0.0360151185751905,-0.0144669283860974,-0.0223978367598487,2.20999908447266,1,0,0,1,1,"Yahoo Finance",TRUE
2026-06-24,60995.1328125,1619.92492675781,7358.22021484375,25476.640625,18.6299991607666,-0.0270571911625357,-0.0277076052385548,-0.000983415367732832,-0.00432395824907061,-0.860000610351562,1,0,0,1,1,"Yahoo Finance",TRUE
2026-06-25,59721.67578125,1564.81665039062,7357.490234375,25358.599609375,18.8899993896484,-0.0210990381164695,-0.0346111458341083,-9.92110400463986e-05,-0.00464407081519802,0.260000228881836,1,0,0,1,1,"Yahoo Finance",TRUE
2026-06-26,60016.4296875,1576.61608886719,7354.02001953125,25297.619140625,18.4099998474121,0.00492331994858475,0.00751217354974365,-0.000471768682919205,-0.00240762140213313,-0.479999542236328,1,0,0,1,1,"Yahoo Finance",TRUE
2026-06-29,60138.37890625,1610.20581054688,7440.43017578125,25820.140625,17.6499996185303,0.00202986900067081,0.021081169085682,0.0116815613593459,0.0204445455714009,-0.760000228881836,3,1,0,1,1,"Yahoo Finance",TRUE
2026-06-30,58558.859375,1569.58386230469,7499.35986328125,26213.720703125,16.4500007629395,-0.0266158302862625,-0.0255514750944688,0.00788899883814764,0.0151281328846906,-1.19999885559082,1,0,0,1,1,"Yahoo Finance",TRUE
2026-07-01,60003.7578125,1608.96069335938,7483.22998046875,26040.029296875,16.5900001525879,0.024374798891813,0.0247779101060912,-0.00215315098555102,-0.00664802223602656,0.139999389648438,1,0,0,1,1,"Yahoo Finance",TRUE
2026-07-02,61485.30078125,1698.16943359375,7483.240234375,25832.669921875,16.1499996185303,0.02439094408839,0.0539624286481777,1.37025044821826e-06,-0.00799497549384398,-0.440000534057617,1,0,0,1,1,"Yahoo Finance",TRUE
2026-07-06,63995.015625,1797.57373046875,7537.43017578125,26121.16015625,15.5699996948242,0.0400070649097906,0.0568869609891953,0.00721541383044411,0.0111057528994376,-0.579999923706055,4,1,0,1,1,"Yahoo Finance",TRUE
2026-07-07,63297.39453125,1768.51147460938,7503.85009765625,25818.689453125,16.1299991607666,-0.0109610318081774,-0.0162996101421937,-0.00446506325318552,-0.0116470927309766,0.559999465942383,1,0,0,1,1,"Yahoo Finance",TRUE
2026-07-08,62257.57421875,1742.67761230469,7482.7099609375,25870.650390625,16.8999996185303,-0.0165639655193477,-0.0147154299263921,-0.00282121456261386,0.00201050952323456,0.770000457763672,1,0,0,1,1,"Yahoo Finance",TRUE
2026-07-09,63193.1484375,1744.48461914062,7543.64013671875,26206.890625,15.8400001525879,0.0149156823369854,0.00103637678877178,0.00810982165715757,0.0129132405329706,-1.05999946594238,1,0,0,1,1,"Yahoo Finance",TRUE
2026-07-10,64127.140625,1795.69323730469,7575.39013671875,26281.609375,15.0299997329712,0.014671800523157,0.0289319871755298,0.00420001099257128,0.002847054134552,-0.810000419616699,1,0,0,1,1,"Yahoo Finance",TRUE
